INSERT INTO SUIT(STRSUITCODE,STRSUITNAME,HIGERSUIT) VALUES ('23','担保业务',NULL); 
INSERT INTO AUTOETL_DATASOURCE(autoDataSourceID,sessionFactory,strDatabaseType,strDiscription) 
select '402881d84830818401483082dae10005','sessionFactory','4','DBGS' from suit
where not exists(select * from AUTOETL_DATASOURCE where autoDataSourceID='402881d84830818401483082dae10005') and strsuitcode='23';
INSERT INTO SYSTEMCODESET VALUES('BDBRLX','被担保人类型');
INSERT INTO SYSTEMCODESET VALUES('ZJLX','证件类型');
INSERT INTO SYSTEMCODESET VALUES('ZT','状态');
INSERT INTO SYSTEMCODESET VALUES('JFLB','缴费类别');
INSERT INTO SYSTEMCODESET VALUES('JNFS','缴纳方式');
INSERT INTO SYSTEMCODESET VALUES('BFJNPL','保费缴纳频率');
INSERT INTO SYSTEMCODESET VALUES('BFJNZT','保费缴纳状态');
INSERT INTO SYSTEMCODESET VALUES('BQBFJNZT','本期保费缴纳状态');
INSERT INTO SYSTEMCODESET VALUES('DBYWZL','担保业务种类');
INSERT INTO SYSTEMCODESET VALUES('DBFS','担保方式');
INSERT INTO SYSTEMCODESET VALUES('FDBFS','反担保方式');
INSERT INTO SYSTEMCODESET VALUES('JXZCBZ','继续追偿标志');
INSERT INTO SYSTEMCODESET VALUES('FDBRLX','反担保人类型');
INSERT INTO SYSTEMCODESET VALUES('FDBRZJLX','反担保人证件类型');
INSERT INTO SYSTEMCODESET VALUES('ZQRLX','债权人类型');
INSERT INTO SYSTEMCODESET VALUES('ZQRZJLX','债权人证件类型');
INSERT INTO SYSTEMCODESET VALUES('TX','投向');
insert into systemCodeSet values('SCZL','删除种类');
insert into systemCodeSet values('SCLXType','删除类型');
insert into SystemCodeValue(autoSystemCodeID,strCode,strOrder,strValue,strSetCode) values('D38167AA2EA7414C9E9D4F89509D29A6','1',1,'1-整笔业务删除','SCLXType');
insert into SystemCodeValue(autoSystemCodeID,strCode,strOrder,strValue,strSetCode) values('F52667EE45BF47B3888520B46D5B5B95','2',2,'2-在保（代偿）责任信息删除','SCLXType');
insert into SystemCodeValue(autoSystemCodeID,strCode,strOrder,strValue,strSetCode) values('F05CE403A1C04093BB8E6A91C4B86A85','3',3,'3-代偿信息删除','SCLXType');
insert into SystemCodeValue(autoSystemCodeID,strCode,strOrder,strValue,strSetCode) values('94363B7C1FBD41EAB76841CE472B10D4','4',4,'4-保费缴纳信息删除','SCLXType');
insert into SystemCodeValue(autoSystemCodeID,strCode,strOrder,strValue,strSetCode) values('402880e7487c080e01487c216ce90096','1',1,'1-企业或其他组织','BDBRLX');
insert into SystemCodeValue(autoSystemCodeID,strCode,strOrder,strValue,strSetCode) values('402880e7487c080e01487c21a6820099','2',2,'2-自然人','BDBRLX');
insert into SystemCodeValue(autoSystemCodeID,strCode,strOrder,strValue,strSetCode) values('402880e7487c080e01487c10d26f0008','0',0,'0-身份证','ZJLX');
insert into SystemCodeValue(autoSystemCodeID,strCode,strOrder,strValue,strSetCode) values('402880e7487c080e01487c10f6a4000b','1',1,'1-户口簿','ZJLX');
insert into SystemCodeValue(autoSystemCodeID,strCode,strOrder,strValue,strSetCode) values('402880e7487c080e01487c112fff000e','2',2,'2-护照','ZJLX');
insert into SystemCodeValue(autoSystemCodeID,strCode,strOrder,strValue,strSetCode) values('402880e7487c080e01487c116c750011','3',3,'3-军官证','ZJLX');
insert into SystemCodeValue(autoSystemCodeID,strCode,strOrder,strValue,strSetCode) values('402880e7487c080e01487c11a5910014','4',4,'4-士兵证','ZJLX');
insert into SystemCodeValue(autoSystemCodeID,strCode,strOrder,strValue,strSetCode) values('402880e7487c080e01487c11f6340017','5',5,'5-港澳居民来往内地通行证','ZJLX');
insert into SystemCodeValue(autoSystemCodeID,strCode,strOrder,strValue,strSetCode) values('402880e7487c080e01487c122997001a','6',6,'6-台湾同胞来往内地通行证','ZJLX');
insert into SystemCodeValue(autoSystemCodeID,strCode,strOrder,strValue,strSetCode) values('402880e7487c080e01487c126a90001d','7',7,'7-临时身份证','ZJLX');
insert into SystemCodeValue(autoSystemCodeID,strCode,strOrder,strValue,strSetCode) values('402880e7487c080e01487c129fe60020','8',8,'8-外国人居留证','ZJLX');
insert into SystemCodeValue(autoSystemCodeID,strCode,strOrder,strValue,strSetCode) values('402880e7487c080e01487c12eb4c0023','9',9,'9-警官证','ZJLX');
insert into SystemCodeValue(autoSystemCodeID,strCode,strOrder,strValue,strSetCode) values('402880e7487c080e01487c1385950028','a',10,'a-组织机构代码证','ZJLX');
insert into SystemCodeValue(autoSystemCodeID,strCode,strOrder,strValue,strSetCode) values('402880e7487c080e01487c142f43002e','c',11,'c-贷款卡','ZJLX');
insert into SystemCodeValue(autoSystemCodeID,strCode,strOrder,strValue,strSetCode) values('402880e7487c080e01487c14b01c0034','d',12,'d-机构信用代码','ZJLX');
insert into SystemCodeValue(autoSystemCodeID,strCode,strOrder,strValue,strSetCode) values('402880e7487c080e01487c159cd8003a','X',13,'X-其他证件','ZJLX');
insert into SystemCodeValue(autoSystemCodeID,strCode,strOrder,strValue,strSetCode) values('27D36E52B17742B3947D8DD09875C75D','A',14,'A-香港身份证','ZJLX');
insert into SystemCodeValue(autoSystemCodeID,strCode,strOrder,strValue,strSetCode) values('A91CB8DC834D4F68B87FE4D32E0D6767','B',15,'B-澳门身份证','ZJLX');
insert into SystemCodeValue(autoSystemCodeID,strCode,strOrder,strValue,strSetCode) values('FADB90357ADD42BCB2082B5B66CC3106','C',16,'C-台湾身份证','ZJLX');
insert into SystemCodeValue(autoSystemCodeID,strCode,strOrder,strValue,strSetCode) values('9B11AE780B00481BA13AC1287976DEB2','z',17,'z-金融机构代码','ZJLX');
insert into SystemCodeValue(autoSystemCodeID,strCode,strOrder,strValue,strSetCode) values('402880e7487c080e01487c26d44700b9','1',1,'1-担保费','JFLB');
insert into SystemCodeValue(autoSystemCodeID,strCode,strOrder,strValue,strSetCode) values('402880e7487c080e01487c27487f00bc','2',2,'2-保险保费','JFLB');
insert into SystemCodeValue(autoSystemCodeID,strCode,strOrder,strValue,strSetCode) values('402880e7487c080e01487c2a0aa400c1','1',1,'1-一次性(趸交)','JNFS');
insert into SystemCodeValue(autoSystemCodeID,strCode,strOrder,strValue,strSetCode) values('402880e7487c080e01487c2a695b00c4','2',2,'2-分期(期交)','JNFS');
insert into SystemCodeValue(autoSystemCodeID,strCode,strOrder,strValue,strSetCode) values('402880e948aaf28c0148ac6816830012','01',1,'01-日','BFJNPL');
insert into SystemCodeValue(autoSystemCodeID,strCode,strOrder,strValue,strSetCode) values('402880e948aaf28c0148ac6848a60015','02',2,'02-周','BFJNPL');
insert into SystemCodeValue(autoSystemCodeID,strCode,strOrder,strValue,strSetCode) values('402880e948aaf28c0148ac6886530018','23',3,'23-介于周和月之间','BFJNPL');
insert into SystemCodeValue(autoSystemCodeID,strCode,strOrder,strValue,strSetCode) values('402880e948aaf28c0148ac68c313001b','03',4,'03-月','BFJNPL');
insert into SystemCodeValue(autoSystemCodeID,strCode,strOrder,strValue,strSetCode) values('402880e948aaf28c0148ac6905c6001e','34',5,'34-介于月和季之间','BFJNPL');
insert into SystemCodeValue(autoSystemCodeID,strCode,strOrder,strValue,strSetCode) values('402880e948aaf28c0148ac693af60021','04',6,'04-季','BFJNPL');
insert into SystemCodeValue(autoSystemCodeID,strCode,strOrder,strValue,strSetCode) values('402880e948aaf28c0148ac6990040027','05',7,'05-半年','BFJNPL');
insert into SystemCodeValue(autoSystemCodeID,strCode,strOrder,strValue,strSetCode) values('402880e948aaf28c0148ac69c0d9002a','06',8,'06-年','BFJNPL');
insert into SystemCodeValue(autoSystemCodeID,strCode,strOrder,strValue,strSetCode) values('402880e948aaf28c0148ac69ee40002d','99',9,'99-其他','BFJNPL');
insert into SystemCodeValue(autoSystemCodeID,strCode,strOrder,strValue,strSetCode) values('402880e7487c080e01487c2b555f00c9','1',1,'1-正常','BFJNZT');
insert into SystemCodeValue(autoSystemCodeID,strCode,strOrder,strValue,strSetCode) values('402880e7487c080e01487c2b6df000cc','2',2,'2-欠缴','BFJNZT');
insert into SystemCodeValue(autoSystemCodeID,strCode,strOrder,strValue,strSetCode) values('402880e7487c080e01487c2b95fb00cf','3',3,'3-缴清','BFJNZT');
insert into SystemCodeValue(autoSystemCodeID,strCode,strOrder,strValue,strSetCode) values('402880e7487c080e01487c2cfc6600d4','00',0,'00-正常','BQBFJNZT');
insert into SystemCodeValue(autoSystemCodeID,strCode,strOrder,strValue,strSetCode) values('402880e7487c080e01487c2d2b2a00d7','01',1,'01-欠缴','BQBFJNZT');
insert into SystemCodeValue(autoSystemCodeID,strCode,strOrder,strValue,strSetCode) values('402880e7487c080e01487c2d58d100da','02',2,'02-欠缴2期后缴清','BQBFJNZT');
insert into SystemCodeValue(autoSystemCodeID,strCode,strOrder,strValue,strSetCode) values('402880e7487c080e01487c2deb1400dd','99',3,'99-欠缴后缴清','BQBFJNZT');
insert into SystemCodeValue(autoSystemCodeID,strCode,strOrder,strValue,strSetCode) values('402880e7487c080e01487c24619000a9','1',1,'1-有效','ZT');
insert into SystemCodeValue(autoSystemCodeID,strCode,strOrder,strValue,strSetCode) values('402880e7487c080e01487c24a52700ac','2',2,'2-无效','ZT');
insert into SystemCodeValue(autoSystemCodeID,strCode,strOrder,strValue,strSetCode) values('402880e7487c080e01487c25b92c00b1','1',1,'1-是','JXZCBZ');
insert into SystemCodeValue(autoSystemCodeID,strCode,strOrder,strValue,strSetCode) values('402880e7487c080e01487c25ee8100b4','2',2,'2-否','JXZCBZ');
insert into SystemCodeValue(autoSystemCodeID,strCode,strOrder,strValue,strSetCode) values('402880e949f5333e0149f54928dc0019','01',1,'01-贷款担保','DBYWZL');
insert into SystemCodeValue(autoSystemCodeID,strCode,strOrder,strValue,strSetCode) values('402880e949f5333e0149f54928dc001a','02',2,'02-票据承兑担保','DBYWZL');
insert into SystemCodeValue(autoSystemCodeID,strCode,strOrder,strValue,strSetCode) values('402880e949f5333e0149f54928dc001b','03',3,'03-贸易融资担保','DBYWZL');
insert into SystemCodeValue(autoSystemCodeID,strCode,strOrder,strValue,strSetCode) values('402880e949f5333e0149f54928dc001c','04',4,'04-项目融资担保','DBYWZL');
insert into SystemCodeValue(autoSystemCodeID,strCode,strOrder,strValue,strSetCode) values('402880e949f5333e0149f54928dc001d','05',5,'05-信用证担保','DBYWZL');
insert into SystemCodeValue(autoSystemCodeID,strCode,strOrder,strValue,strSetCode) values('402880e949f5333e0149f54928dc001e','06',6,'06-其他融资性担保','DBYWZL');
insert into SystemCodeValue(autoSystemCodeID,strCode,strOrder,strValue,strSetCode) values('402880e949f5333e0149f54928dc001f','07',7,'07-诉讼保全担保','DBYWZL');
insert into SystemCodeValue(autoSystemCodeID,strCode,strOrder,strValue,strSetCode) values('402880e949f5333e0149f54928dc0020','08',8,'08-履约担保','DBYWZL');
insert into SystemCodeValue(autoSystemCodeID,strCode,strOrder,strValue,strSetCode) values('402880e949f5333e0149f54928dc0021','09',9,'09-其他非融资性担保','DBYWZL');
insert into SystemCodeValue(autoSystemCodeID,strCode,strOrder,strValue,strSetCode) values('402880e949f5333e0149f54928dc0022','10',10,'10-债券发行担保','DBYWZL');
insert into SystemCodeValue(autoSystemCodeID,strCode,strOrder,strValue,strSetCode) values('402880e949f5333e0149f54928dc0023','11',11,'11-再担保','DBYWZL');
insert into SystemCodeValue(autoSystemCodeID,strCode,strOrder,strValue,strSetCode) values('402880e949d15d940149d16987b3000b','1',1,'1-保证','DBFS');
insert into SystemCodeValue(autoSystemCodeID,strCode,strOrder,strValue,strSetCode) values('402880e949d15d940149d169bc5e000e','2',2,'2-抵押','DBFS');
insert into SystemCodeValue(autoSystemCodeID,strCode,strOrder,strValue,strSetCode) values('402880e949d15d940149d169f1af0011','3',3,'3-质押','DBFS');
insert into SystemCodeValue(autoSystemCodeID,strCode,strOrder,strValue,strSetCode) values('402880e949d15d940149d16a2c1c0014','4',4,'4-多种形式组合担保','DBFS');
insert into SystemCodeValue(autoSystemCodeID,strCode,strOrder,strValue,strSetCode) values('402880e7487c080e01487c1d244a0070','0',0,'0-自然人信用担保','FDBFS');
insert into SystemCodeValue(autoSystemCodeID,strCode,strOrder,strValue,strSetCode) values('402880e7487c080e01487c1d79dc0073','1',1,'1-第三方企业信用担保','FDBFS');
insert into SystemCodeValue(autoSystemCodeID,strCode,strOrder,strValue,strSetCode) values('402880e7487c080e01487c1db92f0076','2',2,'2-动产质押担保','FDBFS');
insert into SystemCodeValue(autoSystemCodeID,strCode,strOrder,strValue,strSetCode) values('402880e7487c080e01487c1df6ae0079','3',3,'3-存单质押担保','FDBFS');
insert into SystemCodeValue(autoSystemCodeID,strCode,strOrder,strValue,strSetCode) values('402880e7487c080e01487c1e3ac3007c','4',4,'4-知识产权质押担保','FDBFS');
insert into SystemCodeValue(autoSystemCodeID,strCode,strOrder,strValue,strSetCode) values('402880e7487c080e01487c1e7f55007f','5',5,'5-应收账款质押担保','FDBFS');
insert into SystemCodeValue(autoSystemCodeID,strCode,strOrder,strValue,strSetCode) values('402880e7487c080e01487c1ec4c00082','6',6,'6-其他质押担保','FDBFS');
insert into SystemCodeValue(autoSystemCodeID,strCode,strOrder,strValue,strSetCode) values('402880e7487c080e01487c1f003d0085','7',7,'7-房地产抵押担保','FDBFS');
insert into SystemCodeValue(autoSystemCodeID,strCode,strOrder,strValue,strSetCode) values('402880e7487c080e01487c1f3f810088','8',8,'8-其他抵押担保','FDBFS');
insert into SystemCodeValue(autoSystemCodeID,strCode,strOrder,strValue,strSetCode) values('402880e7487c080e01487c1faef8008b','9',9,'9-多种形式组合担保','FDBFS');
insert into SystemCodeValue(autoSystemCodeID,strCode,strOrder,strValue,strSetCode) values('402880e7487c080e01487c200ef5008e','x',10,'x-无反担保方式','FDBFS');
insert into SystemCodeValue(autoSystemCodeID,strCode,strOrder,strValue,strSetCode) values('402880e948affca60148b0e6cc4e003a','1',1,'1-企业或其他组织','FDBRLX');
insert into SystemCodeValue(autoSystemCodeID,strCode,strOrder,strValue,strSetCode) values('402880e948affca60148b0e6fc04003d','2',2,'2-自然人','FDBRLX');
insert into SystemCodeValue(autoSystemCodeID,strCode,strOrder,strValue,strSetCode) values('402880e948affca60148b0e7ba940042','0',1,'0-身份证','FDBRZJLX');
insert into SystemCodeValue(autoSystemCodeID,strCode,strOrder,strValue,strSetCode) values('402880e948affca60148b0e864230045','1',2,'1-户口簿','FDBRZJLX');
insert into SystemCodeValue(autoSystemCodeID,strCode,strOrder,strValue,strSetCode) values('402880e948affca60148b0e88e520048','2',3,'2-护照','FDBRZJLX');
insert into SystemCodeValue(autoSystemCodeID,strCode,strOrder,strValue,strSetCode) values('402880e948affca60148b0e9519c004b','3',4,'3-军官证','FDBRZJLX');
insert into SystemCodeValue(autoSystemCodeID,strCode,strOrder,strValue,strSetCode) values('402880e948affca60148b0e9807a004e','4',5,'4-士兵证','FDBRZJLX');
insert into SystemCodeValue(autoSystemCodeID,strCode,strOrder,strValue,strSetCode) values('402880e948affca60148b0e9ba640051','5',6,'5-港澳居民来往内地通行证','FDBRZJLX');
insert into SystemCodeValue(autoSystemCodeID,strCode,strOrder,strValue,strSetCode) values('402880e948affca60148b0ea695b0054','6',7,'6-台湾同胞来往内地通行证','FDBRZJLX');
insert into SystemCodeValue(autoSystemCodeID,strCode,strOrder,strValue,strSetCode) values('402880e948affca60148b0ea9c7f0057','7',8,'7-临时身份证','FDBRZJLX');
insert into SystemCodeValue(autoSystemCodeID,strCode,strOrder,strValue,strSetCode) values('402880e948affca60148b0ead3aa005a','8',9,'8-外国人居留证','FDBRZJLX');
insert into SystemCodeValue(autoSystemCodeID,strCode,strOrder,strValue,strSetCode) values('402880e948affca60148b0eb1695005d','9',10,'9-警官证','FDBRZJLX');
insert into SystemCodeValue(autoSystemCodeID,strCode,strOrder,strValue,strSetCode) values('402880e948affca60148b0eb4c7d0060','a',11,'a-组织机构代码证','FDBRZJLX');
insert into SystemCodeValue(autoSystemCodeID,strCode,strOrder,strValue,strSetCode) values('402880e948affca60148b0eb883b0063','b',12,'b-营业执照','FDBRZJLX');
insert into SystemCodeValue(autoSystemCodeID,strCode,strOrder,strValue,strSetCode) values('402880e948affca60148b0ebbfed0066','c',13,'c-贷款卡','FDBRZJLX');
insert into SystemCodeValue(autoSystemCodeID,strCode,strOrder,strValue,strSetCode) values('402880e948affca60148b0ebe8d50069','d',14,'d-机构信用代码','FDBRZJLX');
insert into SystemCodeValue(autoSystemCodeID,strCode,strOrder,strValue,strSetCode) values('402880e948affca60148b0ec2ecb006c','X',15,'X-其他证件','FDBRZJLX');
insert into SystemCodeValue(autoSystemCodeID,strCode,strOrder,strValue,strSetCode) values('402880e7487c080e01487c229a1d009e','1',1,'1-放贷机构','ZQRLX');
insert into SystemCodeValue(autoSystemCodeID,strCode,strOrder,strValue,strSetCode) values('402880e7487c080e01487c22c04500a1','2',2,'2-非放贷机构','ZQRLX');
insert into SystemCodeValue(autoSystemCodeID,strCode,strOrder,strValue,strSetCode) values('402880e7487c080e01487c22f0ab00a4','3',3,'3-自然人','ZQRLX');
insert into SystemCodeValue(autoSystemCodeID,strCode,strOrder,strValue,strSetCode) values('402880e74886ca8f014886d1feb70011','0',0,'0-身份证','ZQRZJLX');
insert into SystemCodeValue(autoSystemCodeID,strCode,strOrder,strValue,strSetCode) values('402880e74886ca8f014886d2353d0014','1',1,'1-户口簿','ZQRZJLX');
insert into SystemCodeValue(autoSystemCodeID,strCode,strOrder,strValue,strSetCode) values('402880e74886ca8f014886d276090017','2',2,'2-护照','ZQRZJLX');
insert into SystemCodeValue(autoSystemCodeID,strCode,strOrder,strValue,strSetCode) values('402880e74886ca8f014886d2a653001a','3',3,'3-军官证','ZQRZJLX');
insert into SystemCodeValue(autoSystemCodeID,strCode,strOrder,strValue,strSetCode) values('402880e74886ca8f014886d2f428001d','4',4,'4-士兵证','ZQRZJLX');
insert into SystemCodeValue(autoSystemCodeID,strCode,strOrder,strValue,strSetCode) values('402880e74886ca8f014886d32f270020','5',5,'5-港澳居民来往内地通行证','ZQRZJLX');
insert into SystemCodeValue(autoSystemCodeID,strCode,strOrder,strValue,strSetCode) values('402880e74886ca8f014886d379bc0023','6',6,'6-台湾同胞来往内地通行证','ZQRZJLX');
insert into SystemCodeValue(autoSystemCodeID,strCode,strOrder,strValue,strSetCode) values('402880e74886ca8f014886d3bc580026','7',7,'7-临时身份证','ZQRZJLX');
insert into SystemCodeValue(autoSystemCodeID,strCode,strOrder,strValue,strSetCode) values('402880e74886ca8f014886d3fb750029','8',8,'8-外国人居留证','ZQRZJLX');
insert into SystemCodeValue(autoSystemCodeID,strCode,strOrder,strValue,strSetCode) values('402880e74886ca8f014886d43735002c','9',9,'9-警官证','ZQRZJLX');
insert into SystemCodeValue(autoSystemCodeID,strCode,strOrder,strValue,strSetCode) values('402880e74886ca8f014886d4a2ca002f','a',10,'a-组织机构代码证','ZQRZJLX');
insert into SystemCodeValue(autoSystemCodeID,strCode,strOrder,strValue,strSetCode) values('402880e74886ca8f014886d5264c0032','c',11,'c-贷款卡','ZQRZJLX');
insert into SystemCodeValue(autoSystemCodeID,strCode,strOrder,strValue,strSetCode) values('402880e74886ca8f014886d563d40035','d',12,'d-机构信用代码','ZQRZJLX');
insert into SystemCodeValue(autoSystemCodeID,strCode,strOrder,strValue,strSetCode) values('402880e74886ca8f014886d5c8fe0038','z',13,'z-金融机构代码','ZQRZJLX');
insert into SystemCodeValue(autoSystemCodeID,strCode,strOrder,strValue,strSetCode) values('402880e74886ca8f014886d61980003b','X',14,'X-其他证件','ZQRZJLX');
insert into SystemCodeValue(autoSystemCodeID,strCode,strOrder,strValue,strSetCode) values('40C64243F18D48CD9402C387D9F41352','a0111',1,'a0111-稻谷种植','TX');
insert into SystemCodeValue(autoSystemCodeID,strCode,strOrder,strValue,strSetCode) values('ED1E363859A44E599C40ADF15BD72BCA','a0112',2,'a0112-小麦种植','TX');
insert into SystemCodeValue(autoSystemCodeID,strCode,strOrder,strValue,strSetCode) values('368A27C85877404194AE87FD4D2FDF66','a0113',3,'a0113-玉米种植','TX');
insert into SystemCodeValue(autoSystemCodeID,strCode,strOrder,strValue,strSetCode) values('9DF06D2924A844E8B9F6CA5D29AC9ECC','a0119',4,'a0119-其他谷物种植','TX');
insert into SystemCodeValue(autoSystemCodeID,strCode,strOrder,strValue,strSetCode) values('CFFC5ED25EEF44C0B15AAD84867CB704','a0121',5,'a0121-豆类种植','TX');
insert into SystemCodeValue(autoSystemCodeID,strCode,strOrder,strValue,strSetCode) values('A6791BC3E9C04312BAA9591FF0497B0F','a0122',6,'a0122-油料种植','TX');
insert into SystemCodeValue(autoSystemCodeID,strCode,strOrder,strValue,strSetCode) values('8437FF0056894615ABF7988199861927','a0123',7,'a0123-薯类种植','TX');
insert into SystemCodeValue(autoSystemCodeID,strCode,strOrder,strValue,strSetCode) values('34B3E1A910B24A08AE5261FF5E9B9A7D','a0131',8,'a0131-棉花种植','TX');
insert into SystemCodeValue(autoSystemCodeID,strCode,strOrder,strValue,strSetCode) values('6CCB09BDD34142159BDC3C9A2B38E506','a0132',9,'a0132-麻类种植','TX');
insert into SystemCodeValue(autoSystemCodeID,strCode,strOrder,strValue,strSetCode) values('BA6C649611B94CFD8EE38EC2410AD9B6','a0133',10,'a0133-糖料种植','TX');
insert into SystemCodeValue(autoSystemCodeID,strCode,strOrder,strValue,strSetCode) values('B406FCBE68A34A0D8993B660132361FE','a0134',11,'a0134-烟草种植','TX');
insert into SystemCodeValue(autoSystemCodeID,strCode,strOrder,strValue,strSetCode) values('0EEF90B65AD840B7886F24C0E6704B3D','a0141',12,'a0141-蔬菜种植','TX');
insert into SystemCodeValue(autoSystemCodeID,strCode,strOrder,strValue,strSetCode) values('B7B616BCA40D49C6B01FB0C6920856EE','a0142',13,'a0142-食用菌种植','TX');
insert into SystemCodeValue(autoSystemCodeID,strCode,strOrder,strValue,strSetCode) values('763091B63AC14580BB9539BB3B10B75D','a0143',14,'a0143-花卉种植','TX');
insert into SystemCodeValue(autoSystemCodeID,strCode,strOrder,strValue,strSetCode) values('0981D51A144F45878B74878E36EBDDDE','a0149',15,'a0149-其他园艺作物种植','TX');
insert into SystemCodeValue(autoSystemCodeID,strCode,strOrder,strValue,strSetCode) values('1F60B450CC434DEFBCEFF879BA4E9D71','a0151',16,'a0151-仁果类和核果类水果种植','TX');
insert into SystemCodeValue(autoSystemCodeID,strCode,strOrder,strValue,strSetCode) values('2DDE3A4DFCCC4C3DB437065B143933FC','a0152',17,'a0152-葡萄种植','TX');
insert into SystemCodeValue(autoSystemCodeID,strCode,strOrder,strValue,strSetCode) values('39F2ED84AA144C55B288DBFA39D05C09','a0153',18,'a0153-柑橘类种植','TX');
insert into SystemCodeValue(autoSystemCodeID,strCode,strOrder,strValue,strSetCode) values('22EA6A222AA04C59BDFA81A7E48B50B1','a0154',19,'a0154-香蕉等亚热带水果种植','TX');
insert into SystemCodeValue(autoSystemCodeID,strCode,strOrder,strValue,strSetCode) values('9DE9C4FA3EFD409AB5A8CC04F464E108','a0159',20,'a0159-其他水果种植','TX');
insert into SystemCodeValue(autoSystemCodeID,strCode,strOrder,strValue,strSetCode) values('4F91AF93CC3B463C93CCBB8F3AC96AAB','a0161',21,'a0161-坚果种植','TX');
insert into SystemCodeValue(autoSystemCodeID,strCode,strOrder,strValue,strSetCode) values('E0146D8B6AC74904B2FB25F2123DCED9','a0162',22,'a0162-含油果种植','TX');
insert into SystemCodeValue(autoSystemCodeID,strCode,strOrder,strValue,strSetCode) values('BF58ABAAB6CA4985A95C3E4A5CD6DC5D','a0163',23,'a0163-香料作物种植','TX');
insert into SystemCodeValue(autoSystemCodeID,strCode,strOrder,strValue,strSetCode) values('F128C6DE5F034C8D84C5AFBAED745900','a0169',24,'a0169-茶及其他饮料作物种植','TX');
insert into SystemCodeValue(autoSystemCodeID,strCode,strOrder,strValue,strSetCode) values('E32AA1516C434C31B3F8C42B0C72E50A','a0170',25,'a0170-中药材种植','TX');
insert into SystemCodeValue(autoSystemCodeID,strCode,strOrder,strValue,strSetCode) values('CCE2B6354D57407CBECEE04BBF752585','a0190',26,'a0190-其他农业','TX');
insert into SystemCodeValue(autoSystemCodeID,strCode,strOrder,strValue,strSetCode) values('67D2268CB0C64652BF9860E674415EB3','a0211',27,'a0211-林木育种','TX');
insert into SystemCodeValue(autoSystemCodeID,strCode,strOrder,strValue,strSetCode) values('6131BD2B8A8841C794D77096DDC706B7','a0212',28,'a0212-林木育苗','TX');
insert into SystemCodeValue(autoSystemCodeID,strCode,strOrder,strValue,strSetCode) values('106154F01A0C42CB9C736981B0841344','a0220',29,'a0220-造林和更新','TX');
insert into SystemCodeValue(autoSystemCodeID,strCode,strOrder,strValue,strSetCode) values('90345A6A6BC14A52A072A74738020859','a0230',30,'a0230-森林经营和管护','TX');
insert into SystemCodeValue(autoSystemCodeID,strCode,strOrder,strValue,strSetCode) values('4BD3CDF9D605413796341F58F35DDCB2','a0241',31,'a0241-木材采运','TX');
insert into SystemCodeValue(autoSystemCodeID,strCode,strOrder,strValue,strSetCode) values('E124145151EA4C3290A91926FB5E5D30','a0242',32,'a0242-竹材采运','TX');
insert into SystemCodeValue(autoSystemCodeID,strCode,strOrder,strValue,strSetCode) values('464565779F5C44AF968A54A7553CFE19','a0251',33,'a0251-木竹材林产品采集','TX');
insert into SystemCodeValue(autoSystemCodeID,strCode,strOrder,strValue,strSetCode) values('536114BF99504BFDA04D0CD5FFE51A9B','a0252',34,'a0252-非木竹材林产品采集','TX');
insert into SystemCodeValue(autoSystemCodeID,strCode,strOrder,strValue,strSetCode) values('8A8359ADA40B4FD3BEA29584A6D15BA0','a0311',35,'a0311-牛的饲养','TX');
insert into SystemCodeValue(autoSystemCodeID,strCode,strOrder,strValue,strSetCode) values('463A1D52DD534B92912346DDA8F2873E','a0312',36,'a0312-马的饲养','TX');
insert into SystemCodeValue(autoSystemCodeID,strCode,strOrder,strValue,strSetCode) values('EA2CD020821946FE9EACB38E2F654B9E','a0313',37,'a0313-猪的饲养','TX');
insert into SystemCodeValue(autoSystemCodeID,strCode,strOrder,strValue,strSetCode) values('5A02CF5025BA41DBAE75E46947B0CE66','a0314',38,'a0314-羊的饲养','TX');
insert into SystemCodeValue(autoSystemCodeID,strCode,strOrder,strValue,strSetCode) values('39D7EC24E8334C42A72744D304C255AE','a0315',39,'a0315-骆驼饲养','TX');
insert into SystemCodeValue(autoSystemCodeID,strCode,strOrder,strValue,strSetCode) values('7BF898025FB948DEA1A2982B860DE07F','a0319',40,'a0319-其他牲畜饲养','TX');
insert into SystemCodeValue(autoSystemCodeID,strCode,strOrder,strValue,strSetCode) values('BE6946C46C8A4451896749ECAE39B70F','a0321',41,'a0321-鸡的饲养','TX');
insert into SystemCodeValue(autoSystemCodeID,strCode,strOrder,strValue,strSetCode) values('5014447307AE48B8AD67F1431F12352E','a0322',42,'a0322-鸭的饲养','TX');
insert into SystemCodeValue(autoSystemCodeID,strCode,strOrder,strValue,strSetCode) values('C5A99CDB5CBC40A1A065330145C3152A','a0323',43,'a0323-鹅的饲养','TX');
insert into SystemCodeValue(autoSystemCodeID,strCode,strOrder,strValue,strSetCode) values('B0B1FAEE026A4876A10862FA1ECA0655','a0329',44,'a0329-其他家禽饲养','TX');
insert into SystemCodeValue(autoSystemCodeID,strCode,strOrder,strValue,strSetCode) values('8C58A21471DE45B587FB53309719813A','a0330',45,'a0330-狩猎和捕捉动物','TX');
insert into SystemCodeValue(autoSystemCodeID,strCode,strOrder,strValue,strSetCode) values('35F9D56DC7BA465AA4681AEDE1945DF3','a0390',46,'a0390-其他畜牧业','TX');
insert into SystemCodeValue(autoSystemCodeID,strCode,strOrder,strValue,strSetCode) values('F49A78BD721443CE8CE89BD409878573','a0411',47,'a0411-海水养殖','TX');
insert into SystemCodeValue(autoSystemCodeID,strCode,strOrder,strValue,strSetCode) values('BC1ED10777D04517A1198D9D45303A19','a0412',48,'a0412-内陆养殖','TX');
insert into SystemCodeValue(autoSystemCodeID,strCode,strOrder,strValue,strSetCode) values('99F4D9E3CBCF4A988C45AD660EFAA572','a0421',49,'a0421-海水捕捞','TX');
insert into SystemCodeValue(autoSystemCodeID,strCode,strOrder,strValue,strSetCode) values('A3002DA2FBA44B7093B128380CE0B919','a0422',50,'a0422-内陆捕捞','TX');
insert into SystemCodeValue(autoSystemCodeID,strCode,strOrder,strValue,strSetCode) values('890F35FED64547B3B8E9378E7471271E','a0511',51,'a0511-农业机械服务','TX');
insert into SystemCodeValue(autoSystemCodeID,strCode,strOrder,strValue,strSetCode) values('BE3B27BAA0CF411FA8075AE832FAD879','a0512',52,'a0512-灌溉服务','TX');
insert into SystemCodeValue(autoSystemCodeID,strCode,strOrder,strValue,strSetCode) values('FCD7BB385DFC43F8BBA44B7A33F089F3','a0513',53,'a0513-农产品初加工服务','TX');
insert into SystemCodeValue(autoSystemCodeID,strCode,strOrder,strValue,strSetCode) values('7F118494C0CC481B8EF65116459F4BB3','a0519',54,'a0519-其他农业服务','TX');
insert into SystemCodeValue(autoSystemCodeID,strCode,strOrder,strValue,strSetCode) values('AAE35D705B6D4F9C90068520C2241930','a0521',55,'a0521-林业有害生物防治服务','TX');
insert into SystemCodeValue(autoSystemCodeID,strCode,strOrder,strValue,strSetCode) values('E59B1226AAAD444BB4F984BF6A46B66D','a0522',56,'a0522-森林防火服务','TX');
insert into SystemCodeValue(autoSystemCodeID,strCode,strOrder,strValue,strSetCode) values('870534B918C54D75B4BBA215EBBC629C','a0523',57,'a0523-林产品初级加工服务','TX');
insert into SystemCodeValue(autoSystemCodeID,strCode,strOrder,strValue,strSetCode) values('973B62BD867F413A9B30E5428980884C','a0529',58,'a0529-其他林业服务','TX');
insert into SystemCodeValue(autoSystemCodeID,strCode,strOrder,strValue,strSetCode) values('879DB5412B1840778A9EE812193711FF','a0530',59,'a0530-畜牧服务业','TX');
insert into SystemCodeValue(autoSystemCodeID,strCode,strOrder,strValue,strSetCode) values('EEF0C08C9F5A4929843FC99C30C2C122','a0540',60,'a0540-渔业服务业','TX');
insert into SystemCodeValue(autoSystemCodeID,strCode,strOrder,strValue,strSetCode) values('0A6E537E1A1F4DB9A12F5E2A430D0543','a0610',61,'a0610-烟煤和无烟煤开采洗选','TX');
insert into SystemCodeValue(autoSystemCodeID,strCode,strOrder,strValue,strSetCode) values('2498BAB01F3C443AB71265DA707D974D','a0620',62,'a0620-褐煤开采洗选','TX');
insert into SystemCodeValue(autoSystemCodeID,strCode,strOrder,strValue,strSetCode) values('9592C2B3A8D1433DA0735A2277DEFF6C','a0690',63,'a0690-其他煤炭采选','TX');
insert into SystemCodeValue(autoSystemCodeID,strCode,strOrder,strValue,strSetCode) values('9981043CB2B54CF383B6AE788EFF9560','a0710',64,'a0710-石油开采','TX');
insert into SystemCodeValue(autoSystemCodeID,strCode,strOrder,strValue,strSetCode) values('5912D38844F946F48593002F6703A100','a0720',65,'a0720-天然气开采','TX');
insert into SystemCodeValue(autoSystemCodeID,strCode,strOrder,strValue,strSetCode) values('1A139A014A3B49F596B9CAF8175DDBEC','a0810',66,'a0810-铁矿采选','TX');
insert into SystemCodeValue(autoSystemCodeID,strCode,strOrder,strValue,strSetCode) values('7E905C7281294312903D52E8F6892DC3','a0820',67,'a0820-锰矿、铬矿采选','TX');
insert into SystemCodeValue(autoSystemCodeID,strCode,strOrder,strValue,strSetCode) values('223FF7D4DDED4997A66FA5B98EA7538E','a0890',68,'a0890-其他黑色金属矿采选','TX');
insert into SystemCodeValue(autoSystemCodeID,strCode,strOrder,strValue,strSetCode) values('76BEF6D9EDB64857B366DDDBDDC8BA9E','a0911',69,'a0911-铜矿采选','TX');
insert into SystemCodeValue(autoSystemCodeID,strCode,strOrder,strValue,strSetCode) values('201518F9E2F34576ADA98AC86C8A71F3','a0912',70,'a0912-铅锌矿采选','TX');
insert into SystemCodeValue(autoSystemCodeID,strCode,strOrder,strValue,strSetCode) values('27D64A6295B34973A4F7439087B6958F','a0913',71,'a0913-镍钴矿采选','TX');
insert into SystemCodeValue(autoSystemCodeID,strCode,strOrder,strValue,strSetCode) values('680CB2D82AE44EEB8A0AAF55B171F6C7','a0914',72,'a0914-锡矿采选','TX');
insert into SystemCodeValue(autoSystemCodeID,strCode,strOrder,strValue,strSetCode) values('9A2F5B66C1844B38A8B685D10185672A','a0915',73,'a0915-锑矿采选','TX');
insert into SystemCodeValue(autoSystemCodeID,strCode,strOrder,strValue,strSetCode) values('F1971872EF6F4DA38F4C31EC05FCF913','a0916',74,'a0916-铝矿采选','TX');
insert into SystemCodeValue(autoSystemCodeID,strCode,strOrder,strValue,strSetCode) values('D2760154411545FB82FE4ADFCC054FD5','a0917',75,'a0917-镁矿采选','TX');
insert into SystemCodeValue(autoSystemCodeID,strCode,strOrder,strValue,strSetCode) values('C1150F6AF5A847CFBE89C8E009F0320D','a0919',76,'a0919-其他常用有色金属矿采选','TX');
insert into SystemCodeValue(autoSystemCodeID,strCode,strOrder,strValue,strSetCode) values('B7113D87723F45D087A31AF1535E9A37','a0921',77,'a0921-金矿采选','TX');
insert into SystemCodeValue(autoSystemCodeID,strCode,strOrder,strValue,strSetCode) values('DDCACE332EAB48AF85E3E67A75912853','a0922',78,'a0922-银矿采选','TX');
insert into SystemCodeValue(autoSystemCodeID,strCode,strOrder,strValue,strSetCode) values('3772292CF5854393808B7A56C1E2F7FF','a0929',79,'a0929-其他贵金属矿采选','TX');
insert into SystemCodeValue(autoSystemCodeID,strCode,strOrder,strValue,strSetCode) values('2AD6AC180B594671A26465A38C5ED773','a0931',80,'a0931-钨钼矿采选','TX');
insert into SystemCodeValue(autoSystemCodeID,strCode,strOrder,strValue,strSetCode) values('B83C5C5A79F14A2B96EE4B88E4832266','a0932',81,'a0932-稀土金属矿采选','TX');
insert into SystemCodeValue(autoSystemCodeID,strCode,strOrder,strValue,strSetCode) values('8349C065D9C64F6EA1370408F562F3DF','a0933',82,'a0933-放射性金属矿采选','TX');
insert into SystemCodeValue(autoSystemCodeID,strCode,strOrder,strValue,strSetCode) values('3C0CB51A71BF4321AA1F661475E058BC','a0939',83,'a0939-其他稀有金属矿采选','TX');
insert into SystemCodeValue(autoSystemCodeID,strCode,strOrder,strValue,strSetCode) values('BBFB15CBC4E84F6DA836BF42ECB3F2B4','a1011',84,'a1011-石灰石、石膏开采','TX');
insert into SystemCodeValue(autoSystemCodeID,strCode,strOrder,strValue,strSetCode) values('4177FF04E20F45F399B2ED7D34809E95','a1012',85,'a1012-建筑装饰用石开采','TX');
insert into SystemCodeValue(autoSystemCodeID,strCode,strOrder,strValue,strSetCode) values('FB57252D4094465FB81CE051552FCF6D','a1013',86,'a1013-耐火土石开采','TX');
insert into SystemCodeValue(autoSystemCodeID,strCode,strOrder,strValue,strSetCode) values('9CCCB8B00C90461F83C14965F35F1D85','a1019',87,'a1019-粘土及其他土砂石开采','TX');
insert into SystemCodeValue(autoSystemCodeID,strCode,strOrder,strValue,strSetCode) values('EF5DB965B81B45D0BECE79ED01B7727D','a1020',88,'a1020-化学矿开采','TX');
insert into SystemCodeValue(autoSystemCodeID,strCode,strOrder,strValue,strSetCode) values('67EB7EA91C9D401D9F146F29057D2A64','a1030',89,'a1030-采盐','TX');
insert into SystemCodeValue(autoSystemCodeID,strCode,strOrder,strValue,strSetCode) values('299F40F3EDFD4CD48EADF9DC7BDFD3B9','a1091',90,'a1091-石棉、云母矿采选','TX');
insert into SystemCodeValue(autoSystemCodeID,strCode,strOrder,strValue,strSetCode) values('4DCBE086633744C6A60AF8B19C60F028','a1092',91,'a1092-石墨、滑石采选','TX');
insert into SystemCodeValue(autoSystemCodeID,strCode,strOrder,strValue,strSetCode) values('4B8245F80901431798D97EA4CB8943EA','a1093',92,'a1093-宝石、玉石采选','TX');
insert into SystemCodeValue(autoSystemCodeID,strCode,strOrder,strValue,strSetCode) values('145DE4D4FA6148EA86A5F981ECD22433','a1099',93,'a1099-其他未列明非金属矿采选','TX');
insert into SystemCodeValue(autoSystemCodeID,strCode,strOrder,strValue,strSetCode) values('E6AC2A484595409B9DC13FFE8C3A0166','a1110',94,'a1110-煤炭开采和洗选辅助活动','TX');
insert into SystemCodeValue(autoSystemCodeID,strCode,strOrder,strValue,strSetCode) values('F9ABFF0EDE5A4311B5814CE23FA87283','a1120',95,'a1120-石油和天然气开采辅助活动','TX');
insert into SystemCodeValue(autoSystemCodeID,strCode,strOrder,strValue,strSetCode) values('1D4D5A106B6A494F94076A13786C8F41','a1190',96,'a1190-其他开采辅助活动','TX');
insert into SystemCodeValue(autoSystemCodeID,strCode,strOrder,strValue,strSetCode) values('A5A1B0DEA6A243F2A3DBB0C43E7F8BCA','a1200',97,'a1200-其他采矿业','TX');
insert into SystemCodeValue(autoSystemCodeID,strCode,strOrder,strValue,strSetCode) values('F926A6ED7B8343AA997FC7C46FA6C460','a1310',98,'a1310-谷物磨制','TX');
insert into SystemCodeValue(autoSystemCodeID,strCode,strOrder,strValue,strSetCode) values('B632B7E8327A40F68EC9EF4565956A2C','a1320',99,'a1320-饲料加工','TX');
insert into SystemCodeValue(autoSystemCodeID,strCode,strOrder,strValue,strSetCode) values('FCD6B28ACE2D421EA08340EFAF9497A5','a1331',100,'a1331-食用植物油加工','TX');
insert into SystemCodeValue(autoSystemCodeID,strCode,strOrder,strValue,strSetCode) values('4BD861ECE2E04CF4B51D7A103C1749DD','a1332',101,'a1332-非食用植物油加工','TX');
insert into SystemCodeValue(autoSystemCodeID,strCode,strOrder,strValue,strSetCode) values('F0F8E49CE18B4428B83518A2CBC4DE94','a1340',102,'a1340-制糖业','TX');
insert into SystemCodeValue(autoSystemCodeID,strCode,strOrder,strValue,strSetCode) values('0CFEA59A377A4781B8F062DC256EB160','a1351',103,'a1351-牲畜屠宰','TX');
insert into SystemCodeValue(autoSystemCodeID,strCode,strOrder,strValue,strSetCode) values('28E2339275224E6D9E8013164616F223','a1352',104,'a1352-禽类屠宰','TX');
insert into SystemCodeValue(autoSystemCodeID,strCode,strOrder,strValue,strSetCode) values('0B3C436E5B7646D69227114E2A3A63BB','a1353',105,'a1353-肉制品及副产品加工','TX');
insert into SystemCodeValue(autoSystemCodeID,strCode,strOrder,strValue,strSetCode) values('88DC88AD833443A2AC6E0EF5977C9C15','a1361',106,'a1361-水产品冷冻加工','TX');
insert into SystemCodeValue(autoSystemCodeID,strCode,strOrder,strValue,strSetCode) values('3683B296033849238826D8EFC4FB5786','a1362',107,'a1362-鱼糜制品及水产品干腌制加工','TX');
insert into SystemCodeValue(autoSystemCodeID,strCode,strOrder,strValue,strSetCode) values('7B583F9C372341ADB001EF10C856D661','a1363',108,'a1363-水产饲料制造','TX');
insert into SystemCodeValue(autoSystemCodeID,strCode,strOrder,strValue,strSetCode) values('BFC7B9B414F04438AF1C82244E84D353','a1364',109,'a1364-鱼油提取及制品制造','TX');
insert into SystemCodeValue(autoSystemCodeID,strCode,strOrder,strValue,strSetCode) values('8D19E2425FC64F3BBB043B709AA778AB','a1369',110,'a1369-其他水产品加工','TX');
insert into SystemCodeValue(autoSystemCodeID,strCode,strOrder,strValue,strSetCode) values('5107BCC121C544928B91064576077862','a1371',111,'a1371-蔬菜加工','TX');
insert into SystemCodeValue(autoSystemCodeID,strCode,strOrder,strValue,strSetCode) values('933A6857AEBA4688927E3BAEA8D02686','a1372',112,'a1372-水果和坚果加工','TX');
insert into SystemCodeValue(autoSystemCodeID,strCode,strOrder,strValue,strSetCode) values('15F66F90DF394120AD9C377B11EE01A8','a1391',113,'a1391-淀粉及淀粉制品制造','TX');
insert into SystemCodeValue(autoSystemCodeID,strCode,strOrder,strValue,strSetCode) values('981FA77C19D446AB87F83BE2C1DB8F53','a1392',114,'a1392-豆制品制造','TX');
insert into SystemCodeValue(autoSystemCodeID,strCode,strOrder,strValue,strSetCode) values('76EE5DBB223B45A9B2D5C3ACF1ADE0EB','a1393',115,'a1393-蛋品加工','TX');
insert into SystemCodeValue(autoSystemCodeID,strCode,strOrder,strValue,strSetCode) values('466B3740DE464489B4E9BC9D74B1D3CC','a1399',116,'a1399-其他未列明农副食品加工','TX');
insert into SystemCodeValue(autoSystemCodeID,strCode,strOrder,strValue,strSetCode) values('F728DDA210EB473FBC904ABB9B460929','a1411',117,'a1411-糕点、面包制造','TX');
insert into SystemCodeValue(autoSystemCodeID,strCode,strOrder,strValue,strSetCode) values('97777CD630754A27941A903F4FFECFB0','a1419',118,'a1419-饼干及其他焙烤食品制造','TX');
insert into SystemCodeValue(autoSystemCodeID,strCode,strOrder,strValue,strSetCode) values('E1F7D84F68B045D5B9C9097084B86F52','a1421',119,'a1421-糖果、巧克力制造','TX');
insert into SystemCodeValue(autoSystemCodeID,strCode,strOrder,strValue,strSetCode) values('9BA42A5F06E648B18C685A3580BD12A2','a1422',120,'a1422-蜜饯制作','TX');
insert into SystemCodeValue(autoSystemCodeID,strCode,strOrder,strValue,strSetCode) values('9DFE6A0A2129443C95A50D7454338074','a1431',121,'a1431-米、面制品制造','TX');
insert into SystemCodeValue(autoSystemCodeID,strCode,strOrder,strValue,strSetCode) values('730496E19A654C988F68902517B38D86','a1432',122,'a1432-速冻食品制造','TX');
insert into SystemCodeValue(autoSystemCodeID,strCode,strOrder,strValue,strSetCode) values('C2E213762EA54E728E52A62E87D5FD74','a1439',123,'a1439-方便面及其他方便食品制造','TX');
insert into SystemCodeValue(autoSystemCodeID,strCode,strOrder,strValue,strSetCode) values('EABEC172A3DC417DB77BAB0BEABA416E','a1440',124,'a1440-乳制品制造','TX');
insert into SystemCodeValue(autoSystemCodeID,strCode,strOrder,strValue,strSetCode) values('6F38D13FAF2E4926944A86EB18088D1B','a1451',125,'a1451-肉、禽类罐头制造','TX');
insert into SystemCodeValue(autoSystemCodeID,strCode,strOrder,strValue,strSetCode) values('E474E28A720942EB90D49064A30EF5A5','a1452',126,'a1452-水产品罐头制造','TX');
insert into SystemCodeValue(autoSystemCodeID,strCode,strOrder,strValue,strSetCode) values('C4699305E7C7491DBD910FFD0B1D8DC8','a1453',127,'a1453-蔬菜、水果罐头制造','TX');
insert into SystemCodeValue(autoSystemCodeID,strCode,strOrder,strValue,strSetCode) values('0DAD3BEB2DC0421CBF8E367A66D9C042','a1459',128,'a1459-其他罐头食品制造','TX');
insert into SystemCodeValue(autoSystemCodeID,strCode,strOrder,strValue,strSetCode) values('ED84BF789994432AB510775D12DF1FE3','a1461',129,'a1461-味精制造','TX');
insert into SystemCodeValue(autoSystemCodeID,strCode,strOrder,strValue,strSetCode) values('D3B1C0B43D174239B370A41C6045C825','a1462',130,'a1462-酱油、食醋及类似制品制造','TX');
insert into SystemCodeValue(autoSystemCodeID,strCode,strOrder,strValue,strSetCode) values('DD307C9729FC417EB4EF7238B7C97D00','a1469',131,'a1469-其他调味品、发酵制品制造','TX');
insert into SystemCodeValue(autoSystemCodeID,strCode,strOrder,strValue,strSetCode) values('A638C4B2B85B4480A183E10FE94A17C9','a1491',132,'a1491-营养食品制造','TX');
insert into SystemCodeValue(autoSystemCodeID,strCode,strOrder,strValue,strSetCode) values('C979DC812CF545AB9D02F8622F4448E3','a1492',133,'a1492-保健食品制造','TX');
insert into SystemCodeValue(autoSystemCodeID,strCode,strOrder,strValue,strSetCode) values('B680EB211CD043A8ACF7DD8D5539FB85','a1493',134,'a1493-冷冻饮品及食用冰制造','TX');
insert into SystemCodeValue(autoSystemCodeID,strCode,strOrder,strValue,strSetCode) values('886EBB415F3444CAB4E37077F5BE76AC','a1494',135,'a1494-盐加工','TX');
insert into SystemCodeValue(autoSystemCodeID,strCode,strOrder,strValue,strSetCode) values('E053E8A3C1D14413AEFB2C9EBF196CFB','a1495',136,'a1495-食品及饲料添加剂制造','TX');
insert into SystemCodeValue(autoSystemCodeID,strCode,strOrder,strValue,strSetCode) values('34EC70CADB5C4F6FB3B4800DCEB1C6FF','a1499',137,'a1499-其他未列明食品制造','TX');
insert into SystemCodeValue(autoSystemCodeID,strCode,strOrder,strValue,strSetCode) values('412D005A359646F2B2303D52A0C91D90','a1511',138,'a1511-酒精制造','TX');
insert into SystemCodeValue(autoSystemCodeID,strCode,strOrder,strValue,strSetCode) values('BE879FAFC064482DB65BC858F851833E','a1512',139,'a1512-白酒制造','TX');
insert into SystemCodeValue(autoSystemCodeID,strCode,strOrder,strValue,strSetCode) values('BD1E60A09C9E44FBB8B502A8312B25D8','a1513',140,'a1513-啤酒制造','TX');
insert into SystemCodeValue(autoSystemCodeID,strCode,strOrder,strValue,strSetCode) values('4BA7CBF406564CA8AAF6C1686498478A','a1514',141,'a1514-黄酒制造','TX');
insert into SystemCodeValue(autoSystemCodeID,strCode,strOrder,strValue,strSetCode) values('B9049284D47949E685CBA0E57C9FCF0F','a1515',142,'a1515-葡萄酒制造','TX');
insert into SystemCodeValue(autoSystemCodeID,strCode,strOrder,strValue,strSetCode) values('8363E5929EED4B7FB0A911B993D84F77','a1519',143,'a1519-其他酒制造','TX');
insert into SystemCodeValue(autoSystemCodeID,strCode,strOrder,strValue,strSetCode) values('48C571B09C764D6393A75B064597B27A','a1521',144,'a1521-碳酸饮料制造','TX');
insert into SystemCodeValue(autoSystemCodeID,strCode,strOrder,strValue,strSetCode) values('30E89E1B1BBF499F81334C544A8736AA','a1522',145,'a1522-瓶（罐）装饮用水制造','TX');
insert into SystemCodeValue(autoSystemCodeID,strCode,strOrder,strValue,strSetCode) values('F0DCA4DB87394D76AA05AB13B8FD41B4','a1523',146,'a1523-果菜汁及果菜汁饮料制造','TX');
insert into SystemCodeValue(autoSystemCodeID,strCode,strOrder,strValue,strSetCode) values('55B27D11EE454F708231ED273EC895D6','a1524',147,'a1524-含乳饮料和植物蛋白饮料制造','TX');
insert into SystemCodeValue(autoSystemCodeID,strCode,strOrder,strValue,strSetCode) values('13FA791EA6BF43F5A6E27220ECE1747B','a1525',148,'a1525-固体饮料制造','TX');
insert into SystemCodeValue(autoSystemCodeID,strCode,strOrder,strValue,strSetCode) values('164E0CAAD45E4268B43A468D80597FAA','a1529',149,'a1529-茶饮料及其他饮料制造','TX');
insert into SystemCodeValue(autoSystemCodeID,strCode,strOrder,strValue,strSetCode) values('48670DB9FB524909952FD90C36046B55','a1530',150,'a1530-精制茶加工','TX');
insert into SystemCodeValue(autoSystemCodeID,strCode,strOrder,strValue,strSetCode) values('0EAAFC5084E84337AED72E14D9432475','a1610',151,'a1610-烟叶复烤','TX');
insert into SystemCodeValue(autoSystemCodeID,strCode,strOrder,strValue,strSetCode) values('36C4DC9F89C5471BA4911F443B43F4E2','a1620',152,'a1620-卷烟制造','TX');
insert into SystemCodeValue(autoSystemCodeID,strCode,strOrder,strValue,strSetCode) values('69456136C80E4B04846AFACF7E002A15','a1690',153,'a1690-其他烟草制品制造','TX');
insert into SystemCodeValue(autoSystemCodeID,strCode,strOrder,strValue,strSetCode) values('3340146BFDA54F89A32D41238A4C453D','a1711',154,'a1711-棉纺纱加工','TX');
insert into SystemCodeValue(autoSystemCodeID,strCode,strOrder,strValue,strSetCode) values('FABEDCB82D0046CEA02EF4AF483E4F19','a1712',155,'a1712-棉织造加工','TX');
insert into SystemCodeValue(autoSystemCodeID,strCode,strOrder,strValue,strSetCode) values('9702783C14B9425E9C105A70976F2493','a1713',156,'a1713-棉印染精加工','TX');
insert into SystemCodeValue(autoSystemCodeID,strCode,strOrder,strValue,strSetCode) values('2C7D37ECD6D0405CA38E377826153853','a1721',157,'a1721-毛条和毛纱线加工','TX');
insert into SystemCodeValue(autoSystemCodeID,strCode,strOrder,strValue,strSetCode) values('222AE13A7F4C4EC1AE2BD154A78416F4','a1722',158,'a1722-毛织造加工','TX');
insert into SystemCodeValue(autoSystemCodeID,strCode,strOrder,strValue,strSetCode) values('83F931E2824E467BA2A7E7AAD56412AE','a1723',159,'a1723-毛染整精加工','TX');
insert into SystemCodeValue(autoSystemCodeID,strCode,strOrder,strValue,strSetCode) values('6C9515AEE5FA43B6A599D2707BD470F3','a1731',160,'a1731-麻纤维纺前加工和纺纱','TX');
insert into SystemCodeValue(autoSystemCodeID,strCode,strOrder,strValue,strSetCode) values('DC714A0EF5324E24B9B21D99234958AD','a1732',161,'a1732-麻织造加工','TX');
insert into SystemCodeValue(autoSystemCodeID,strCode,strOrder,strValue,strSetCode) values('4B331488EDE84315820330202F82DA9A','a1733',162,'a1733-麻染整精加工','TX');
insert into SystemCodeValue(autoSystemCodeID,strCode,strOrder,strValue,strSetCode) values('B897ABC761B04A76A4ED78BFD476E01D','a1741',163,'a1741-缫丝加工','TX');
insert into SystemCodeValue(autoSystemCodeID,strCode,strOrder,strValue,strSetCode) values('D8154B0D5BAE42BEA4A6A4FB6EFC0B1B','a1742',164,'a1742-绢纺和丝织加工','TX');
insert into SystemCodeValue(autoSystemCodeID,strCode,strOrder,strValue,strSetCode) values('6817289EBBC14137964105E608E293C4','a1743',165,'a1743-丝印染精加工','TX');
insert into SystemCodeValue(autoSystemCodeID,strCode,strOrder,strValue,strSetCode) values('76E36EA358284F55B2B9378B7AB1E1AA','a1751',166,'a1751-化纤织造加工','TX');
insert into SystemCodeValue(autoSystemCodeID,strCode,strOrder,strValue,strSetCode) values('EC1A16F7AA9C4EB5BD3CC834E0CD3EC2','a1752',167,'a1752-化纤织物染整精加工','TX');
insert into SystemCodeValue(autoSystemCodeID,strCode,strOrder,strValue,strSetCode) values('B17637AFF1534C21A5317D574B6C4133','a1761',168,'a1761-针织或钩针编织物织造','TX');
insert into SystemCodeValue(autoSystemCodeID,strCode,strOrder,strValue,strSetCode) values('E12F5707E6BF41D2AF39F7916AAD502F','a1762',169,'a1762-针织或钩针编织物印染精加工','TX');
insert into SystemCodeValue(autoSystemCodeID,strCode,strOrder,strValue,strSetCode) values('777B2E76947F4A76838F09C30C424E82','a1763',170,'a1763-针织或钩针编织品制造','TX');
insert into SystemCodeValue(autoSystemCodeID,strCode,strOrder,strValue,strSetCode) values('4165AD07ECC146F193C6DB656F00603E','a1771',171,'a1771-床上用品制造','TX');
insert into SystemCodeValue(autoSystemCodeID,strCode,strOrder,strValue,strSetCode) values('3BA5975EEEC948A7B2DFA09FA93A48EC','a1772',172,'a1772-毛巾类制品制造','TX');
insert into SystemCodeValue(autoSystemCodeID,strCode,strOrder,strValue,strSetCode) values('C13478A85F164ED6860183C0AFEAB486','a1773',173,'a1773-窗帘、布艺类产品制造','TX');
insert into SystemCodeValue(autoSystemCodeID,strCode,strOrder,strValue,strSetCode) values('FB8CF0733358498CB4D2A317EAF98430','a1779',174,'a1779-其他家用纺织制成品制造','TX');
insert into SystemCodeValue(autoSystemCodeID,strCode,strOrder,strValue,strSetCode) values('21C37876AF984442B8C17524F3110D86','a1781',175,'a1781-非织造布制造','TX');
insert into SystemCodeValue(autoSystemCodeID,strCode,strOrder,strValue,strSetCode) values('D90456ECAB3741CB95E366D58EA8136E','a1782',176,'a1782-绳、索、缆制造','TX');
insert into SystemCodeValue(autoSystemCodeID,strCode,strOrder,strValue,strSetCode) values('D8A311C621D544E1941421C1AACC8EDE','a1783',177,'a1783-纺织带和帘子布制造','TX');
insert into SystemCodeValue(autoSystemCodeID,strCode,strOrder,strValue,strSetCode) values('A705EE0753F54549AC6475C197AB17DE','a1784',178,'a1784-篷、帆布制造','TX');
insert into SystemCodeValue(autoSystemCodeID,strCode,strOrder,strValue,strSetCode) values('A5E1906574C547BB9B59EE42D976F956','a1789',179,'a1789-其他非家用纺织制成品制造','TX');
insert into SystemCodeValue(autoSystemCodeID,strCode,strOrder,strValue,strSetCode) values('BB145500DF7B449D8CC680C4E177356F','a1810',180,'a1810-机织服装制造','TX');
insert into SystemCodeValue(autoSystemCodeID,strCode,strOrder,strValue,strSetCode) values('3DADADBF08F54B2A9650A2EDC2771AF3','a1820',181,'a1820-针织或钩针编织服装制造','TX');
insert into SystemCodeValue(autoSystemCodeID,strCode,strOrder,strValue,strSetCode) values('E8EE8657921B4D31BF942B2F270404D6','a1830',182,'a1830-服饰制造','TX');
insert into SystemCodeValue(autoSystemCodeID,strCode,strOrder,strValue,strSetCode) values('2E08BD82898C444AB9EC2E48B198C3FF','a1910',183,'a1910-皮革鞣制加工','TX');
insert into SystemCodeValue(autoSystemCodeID,strCode,strOrder,strValue,strSetCode) values('2765A9088D854C6783F959D4F673DB9A','a1921',184,'a1921-皮革服装制造','TX');
insert into SystemCodeValue(autoSystemCodeID,strCode,strOrder,strValue,strSetCode) values('4D8658A2343940EA929E91A6E3CB7C33','a1922',185,'a1922-皮箱、包（袋）制造','TX');
insert into SystemCodeValue(autoSystemCodeID,strCode,strOrder,strValue,strSetCode) values('061B32357D374597BB4B4F6B10B8A34A','a1923',186,'a1923-皮手套及皮装饰制品制造','TX');
insert into SystemCodeValue(autoSystemCodeID,strCode,strOrder,strValue,strSetCode) values('741D794CC3B74FD09335214C18A8624C','a1929',187,'a1929-其他皮革制品制造','TX');
insert into SystemCodeValue(autoSystemCodeID,strCode,strOrder,strValue,strSetCode) values('74F310C261544DF983716CF04337FA9C','a1931',188,'a1931-毛皮鞣制加工','TX');
insert into SystemCodeValue(autoSystemCodeID,strCode,strOrder,strValue,strSetCode) values('5CC2605754C644C8966FEC0A8275CDD5','a1932',189,'a1932-毛皮服装加工','TX');
insert into SystemCodeValue(autoSystemCodeID,strCode,strOrder,strValue,strSetCode) values('EBDDEFC6D8E5437389FC80D231FCCFC3','a1939',190,'a1939-其他毛皮制品加工','TX');
insert into SystemCodeValue(autoSystemCodeID,strCode,strOrder,strValue,strSetCode) values('B02B08CBB38242A38BF8284CE099B18A','a1941',191,'a1941-羽毛（绒）加工','TX');
insert into SystemCodeValue(autoSystemCodeID,strCode,strOrder,strValue,strSetCode) values('82CFE5E74D5046B1A68B40B59DC803B1','a1942',192,'a1942-羽毛（绒）制品加工','TX');
insert into SystemCodeValue(autoSystemCodeID,strCode,strOrder,strValue,strSetCode) values('9613A80B02C1445BB2668D949C7A02A0','a1951',193,'a1951-纺织面料鞋制造','TX');
insert into SystemCodeValue(autoSystemCodeID,strCode,strOrder,strValue,strSetCode) values('BD774D7111E2413AB89D0EACACF2CE0A','a1952',194,'a1952-皮鞋制造','TX');
insert into SystemCodeValue(autoSystemCodeID,strCode,strOrder,strValue,strSetCode) values('77987ACAD9AB4670AEE72B43AE02FE52','a1953',195,'a1953-塑料鞋制造','TX');
insert into SystemCodeValue(autoSystemCodeID,strCode,strOrder,strValue,strSetCode) values('511A2A7550414FC0B8347951E6512C74','a1954',196,'a1954-橡胶鞋制造','TX');
insert into SystemCodeValue(autoSystemCodeID,strCode,strOrder,strValue,strSetCode) values('D9E9EEFDE081425D9B85DA169653A26E','a1959',197,'a1959-其他制鞋业','TX');
insert into SystemCodeValue(autoSystemCodeID,strCode,strOrder,strValue,strSetCode) values('7D805A466BBF4C959807DC5700050A7A','a2011',198,'a2011-锯材加工','TX');
insert into SystemCodeValue(autoSystemCodeID,strCode,strOrder,strValue,strSetCode) values('BF2FE56A2CCC41CD9F6940617D8E4B29','a2012',199,'a2012-木片加工','TX');
insert into SystemCodeValue(autoSystemCodeID,strCode,strOrder,strValue,strSetCode) values('4D88F872AC7A4A61973E5C7285B90FA8','a2013',200,'a2013-单板加工','TX');
insert into SystemCodeValue(autoSystemCodeID,strCode,strOrder,strValue,strSetCode) values('1793B852AC8E4C10BAFBE1FF4E67F3D3','a2019',201,'a2019-其他木材加工','TX');
insert into SystemCodeValue(autoSystemCodeID,strCode,strOrder,strValue,strSetCode) values('31AB007AB5B447619D1A40D535142648','a2021',202,'a2021-胶合板制造','TX');
insert into SystemCodeValue(autoSystemCodeID,strCode,strOrder,strValue,strSetCode) values('5E2E2D5EEF554D6C8861E5FCAAFC57FC','a2022',203,'a2022-纤维板制造','TX');
insert into SystemCodeValue(autoSystemCodeID,strCode,strOrder,strValue,strSetCode) values('EC5635D2F0EA4F6DAE062287E6386F21','a2023',204,'a2023-刨花板制造','TX');
insert into SystemCodeValue(autoSystemCodeID,strCode,strOrder,strValue,strSetCode) values('18AEAD3329554A9DB033418D1B38DD85','a2029',205,'a2029-其他人造板制造','TX');
insert into SystemCodeValue(autoSystemCodeID,strCode,strOrder,strValue,strSetCode) values('F906F099C90E485F8075B118256D08B7','a2031',206,'a2031-建筑用木料及木材组件加工','TX');
insert into SystemCodeValue(autoSystemCodeID,strCode,strOrder,strValue,strSetCode) values('A239CC4852A6441782FA461C47E42331','a2032',207,'a2032-木门窗、楼梯制造','TX');
insert into SystemCodeValue(autoSystemCodeID,strCode,strOrder,strValue,strSetCode) values('883BC257217F435F8E5C7D1AAB54FA3E','a2033',208,'a2033-地板制造','TX');
insert into SystemCodeValue(autoSystemCodeID,strCode,strOrder,strValue,strSetCode) values('B7339B90987D49899104F47D762AE82C','a2034',209,'a2034-木制容器制造','TX');
insert into SystemCodeValue(autoSystemCodeID,strCode,strOrder,strValue,strSetCode) values('0ECF32D4F776491AB1695F30C2BC7A77','a2039',210,'a2039-软木制品及其他木制品制造','TX');
insert into SystemCodeValue(autoSystemCodeID,strCode,strOrder,strValue,strSetCode) values('C4EA5BCCFB3D4565957AAEC3479E5575','a2041',211,'a2041-竹制品制造','TX');
insert into SystemCodeValue(autoSystemCodeID,strCode,strOrder,strValue,strSetCode) values('6398190B61FD459CBE65FDF510627799','a2042',212,'a2042-藤制品制造','TX');
insert into SystemCodeValue(autoSystemCodeID,strCode,strOrder,strValue,strSetCode) values('47BF930EB4274293B5C0C9EB8BDF83D8','a2043',213,'a2043-棕制品制造','TX');
insert into SystemCodeValue(autoSystemCodeID,strCode,strOrder,strValue,strSetCode) values('693CF50BEC46475EAF970AAFD98742CE','a2049',214,'a2049-草及其他制品制造','TX');
insert into SystemCodeValue(autoSystemCodeID,strCode,strOrder,strValue,strSetCode) values('67A1F9E7493F4B42A761818B8C5A55E8','a2110',215,'a2110-木质家具制造','TX');
insert into SystemCodeValue(autoSystemCodeID,strCode,strOrder,strValue,strSetCode) values('6B28A618C40D44289989C82ABFC437E1','a2120',216,'a2120-竹、藤家具制造','TX');
insert into SystemCodeValue(autoSystemCodeID,strCode,strOrder,strValue,strSetCode) values('E27B45A9979548EABAF3DEC2D48CBBFA','a2130',217,'a2130-金属家具制造','TX');
insert into SystemCodeValue(autoSystemCodeID,strCode,strOrder,strValue,strSetCode) values('22B7F627C3C54178B5A5AE85D67BFD32','a2140',218,'a2140-塑料家具制造','TX');
insert into SystemCodeValue(autoSystemCodeID,strCode,strOrder,strValue,strSetCode) values('3338494B2AA640CA91C8E4516B919705','a2190',219,'a2190-其他家具制造','TX');
insert into SystemCodeValue(autoSystemCodeID,strCode,strOrder,strValue,strSetCode) values('05BAD0B13F7B4F44808DA60770A4E5C2','a2211',220,'a2211-木竹浆制造','TX');
insert into SystemCodeValue(autoSystemCodeID,strCode,strOrder,strValue,strSetCode) values('965F8C780A4E490CAA9A3FBADCC1C4FC','a2212',221,'a2212-非木竹浆制造','TX');
insert into SystemCodeValue(autoSystemCodeID,strCode,strOrder,strValue,strSetCode) values('DFD3C5E97E204C16B80D4A68F940F8AB','a2221',222,'a2221-机制纸及纸板制造','TX');
insert into SystemCodeValue(autoSystemCodeID,strCode,strOrder,strValue,strSetCode) values('15F0923065E84E46B95CD47CF2630E34','a2222',223,'a2222-手工纸制造','TX');
insert into SystemCodeValue(autoSystemCodeID,strCode,strOrder,strValue,strSetCode) values('5C2F91749B534BF5948FDECC8A1E8758','a2223',224,'a2223-加工纸制造','TX');
insert into SystemCodeValue(autoSystemCodeID,strCode,strOrder,strValue,strSetCode) values('6BBCA5DE98844907BB9EC104587B3C46','a2231',225,'a2231-纸和纸板容器制造','TX');
insert into SystemCodeValue(autoSystemCodeID,strCode,strOrder,strValue,strSetCode) values('00C324E35BB44B38B6F40DDFCFD474AA','a2239',226,'a2239-其他纸制品制造','TX');
insert into SystemCodeValue(autoSystemCodeID,strCode,strOrder,strValue,strSetCode) values('3B3BB64CCECE4FD3BDB08B2FC07C0DE2','a2311',227,'a2311-书、报刊印刷','TX');
insert into SystemCodeValue(autoSystemCodeID,strCode,strOrder,strValue,strSetCode) values('278EB75343DF4F11A1CABB26B71C6765','a2312',228,'a2312-本册印制','TX');
insert into SystemCodeValue(autoSystemCodeID,strCode,strOrder,strValue,strSetCode) values('F58F7B1386DA46B0B03A5ADFAF4C1E34','a2319',229,'a2319-包装装潢及其他印刷','TX');
insert into SystemCodeValue(autoSystemCodeID,strCode,strOrder,strValue,strSetCode) values('62EBB42CF5154DDBB029651229F36D99','a2320',230,'a2320-装订及印刷相关服务','TX');
insert into SystemCodeValue(autoSystemCodeID,strCode,strOrder,strValue,strSetCode) values('9760C2E48B544D5DBA619F512002F567','a2330',231,'a2330-记录媒介复制','TX');
insert into SystemCodeValue(autoSystemCodeID,strCode,strOrder,strValue,strSetCode) values('61CF5AEE3DE44D1BB67BA671A3C6745C','a2411',232,'a2411-文具制造','TX');
insert into SystemCodeValue(autoSystemCodeID,strCode,strOrder,strValue,strSetCode) values('98E5DDAC502D4EB2B504E4527EF2EE98','a2412',233,'a2412-笔的制造','TX');
insert into SystemCodeValue(autoSystemCodeID,strCode,strOrder,strValue,strSetCode) values('6360A1EFACA54E73B6784A372D7BB614','a2413',234,'a2413-教学用模型及教具制造','TX');
insert into SystemCodeValue(autoSystemCodeID,strCode,strOrder,strValue,strSetCode) values('4F0DBCC36C704673B3E6E85A7280D958','a2414',235,'a2414-墨水、墨汁制造','TX');
insert into SystemCodeValue(autoSystemCodeID,strCode,strOrder,strValue,strSetCode) values('5A5D155D05D344A89326D764B97EEB1F','a2419',236,'a2419-其他文教办公用品制造','TX');
insert into SystemCodeValue(autoSystemCodeID,strCode,strOrder,strValue,strSetCode) values('33B9416CEBB743659ADFDE01DC7D2F18','a2421',237,'a2421-中乐器制造','TX');
insert into SystemCodeValue(autoSystemCodeID,strCode,strOrder,strValue,strSetCode) values('4E36212815864808A6F4595523465BE7','a2422',238,'a2422-西乐器制造','TX');
insert into SystemCodeValue(autoSystemCodeID,strCode,strOrder,strValue,strSetCode) values('569E596F03F8421CB70D308FF1E589E3','a2423',239,'a2423-电子乐器制造','TX');
insert into SystemCodeValue(autoSystemCodeID,strCode,strOrder,strValue,strSetCode) values('705AAFCD8D4C4421A4F31798F488844A','a2429',240,'a2429-其他乐器及零件制造','TX');
insert into SystemCodeValue(autoSystemCodeID,strCode,strOrder,strValue,strSetCode) values('928B354D2FEC4E569C4DF4CDBEBE1254','a2431',241,'a2431-雕塑工艺品制造','TX');
insert into SystemCodeValue(autoSystemCodeID,strCode,strOrder,strValue,strSetCode) values('5247ABD5037746CDB02FEA7DA255B498','a2432',242,'a2432-金属工艺品制造','TX');
insert into SystemCodeValue(autoSystemCodeID,strCode,strOrder,strValue,strSetCode) values('CF8E2EFDA7B94C11B1B5AF7B94EFF3A6','a2433',243,'a2433-漆器工艺品制造','TX');
insert into SystemCodeValue(autoSystemCodeID,strCode,strOrder,strValue,strSetCode) values('04431A74FC714BEFA80BA2B469CCF185','a2434',244,'a2434-花画工艺品制造','TX');
insert into SystemCodeValue(autoSystemCodeID,strCode,strOrder,strValue,strSetCode) values('4F4DF8994C9449119CB15C461A9A9B14','a2435',245,'a2435-天然植物纤维编织工艺品制造','TX');
insert into SystemCodeValue(autoSystemCodeID,strCode,strOrder,strValue,strSetCode) values('FB69AA2B974D463383A838475D393566','a2436',246,'a2436-抽纱刺绣工艺品制造','TX');
insert into SystemCodeValue(autoSystemCodeID,strCode,strOrder,strValue,strSetCode) values('0592004CC6054EC1959F17D3F44B9233','a2437',247,'a2437-地毯、挂毯制造','TX');
insert into SystemCodeValue(autoSystemCodeID,strCode,strOrder,strValue,strSetCode) values('6B16D56606A248CB83D92A993F1AFDCD','a2438',248,'a2438-珠宝首饰及有关物品制造','TX');
insert into SystemCodeValue(autoSystemCodeID,strCode,strOrder,strValue,strSetCode) values('C25F79A637A742CE83A4A5969F8A14D6','a2439',249,'a2439-其他工艺美术品制造','TX');
insert into SystemCodeValue(autoSystemCodeID,strCode,strOrder,strValue,strSetCode) values('5816D195F40E44788A8359774ADE5EAA','a2441',250,'a2441-球类制造','TX');
insert into SystemCodeValue(autoSystemCodeID,strCode,strOrder,strValue,strSetCode) values('04116AD597614AADB86923DB64ADF2C1','a2442',251,'a2442-体育器材及配件制造','TX');
insert into SystemCodeValue(autoSystemCodeID,strCode,strOrder,strValue,strSetCode) values('26835F7B3144406B91F3BF40EADFCF01','a2443',252,'a2443-训练健身器材制造','TX');
insert into SystemCodeValue(autoSystemCodeID,strCode,strOrder,strValue,strSetCode) values('C43EE1E9C54B4975ADA239039D833009','a2444',253,'a2444-运动防护用具制造','TX');
insert into SystemCodeValue(autoSystemCodeID,strCode,strOrder,strValue,strSetCode) values('4AA00B43ACEB46CBAEDC2740A40D5A67','a2449',254,'a2449-其他体育用品制造','TX');
insert into SystemCodeValue(autoSystemCodeID,strCode,strOrder,strValue,strSetCode) values('45AE11C1D0A64BFDAE4C347613A1F75E','a2450',255,'a2450-玩具制造','TX');
insert into SystemCodeValue(autoSystemCodeID,strCode,strOrder,strValue,strSetCode) values('BDE1206FFBC942A6971C8CCAC7878C98','a2461',256,'a2461-露天游乐场所游乐设备制造','TX');
insert into SystemCodeValue(autoSystemCodeID,strCode,strOrder,strValue,strSetCode) values('EA38A496C416460F915AA3D032BFBC69','a2462',257,'a2462-游艺用品及室内游艺器材制造','TX');
insert into SystemCodeValue(autoSystemCodeID,strCode,strOrder,strValue,strSetCode) values('1488742879D14D8D953A81F68D243FBF','a2469',258,'a2469-其他娱乐用品制造','TX');
insert into SystemCodeValue(autoSystemCodeID,strCode,strOrder,strValue,strSetCode) values('363F08081C54429FBE16AE62BB11EFF3','a2511',259,'a2511-原油加工及石油制品制造','TX');
insert into SystemCodeValue(autoSystemCodeID,strCode,strOrder,strValue,strSetCode) values('96A627A66C12428B992B543506B9DC53','a2512',260,'a2512-人造原油制造','TX');
insert into SystemCodeValue(autoSystemCodeID,strCode,strOrder,strValue,strSetCode) values('6807FAAAB4A6446898ADD78BA1181132','a2520',261,'a2520-炼焦','TX');
insert into SystemCodeValue(autoSystemCodeID,strCode,strOrder,strValue,strSetCode) values('E55F70C3629F47FDBA6784216E0444E1','a2530',262,'a2530-核燃料加工','TX');
insert into SystemCodeValue(autoSystemCodeID,strCode,strOrder,strValue,strSetCode) values('A12A391615D2425293115DC95E762EC9','a2611',263,'a2611-无机酸制造','TX');
insert into SystemCodeValue(autoSystemCodeID,strCode,strOrder,strValue,strSetCode) values('4B9879483F7B4AE58A41A5CEA9FB210D','a2612',264,'a2612-无机碱制造','TX');
insert into SystemCodeValue(autoSystemCodeID,strCode,strOrder,strValue,strSetCode) values('B9AF212787D04D06BE4D83745A8700EF','a2613',265,'a2613-无机盐制造','TX');
insert into SystemCodeValue(autoSystemCodeID,strCode,strOrder,strValue,strSetCode) values('CDDA9E3F0C4C46289972E2AFC90584DB','a2614',266,'a2614-有机化学原料制造','TX');
insert into SystemCodeValue(autoSystemCodeID,strCode,strOrder,strValue,strSetCode) values('79375F5ECFAD47D2BE0937803F58C9C1','a2619',267,'a2619-其他基础化学原料制造','TX');
insert into SystemCodeValue(autoSystemCodeID,strCode,strOrder,strValue,strSetCode) values('DB4B0D445F5C4E5C86DE39D62B96E224','a2621',268,'a2621-氮肥制造','TX');
insert into SystemCodeValue(autoSystemCodeID,strCode,strOrder,strValue,strSetCode) values('CA4A28762D3942D8AE14AC8A976FF038','a2622',269,'a2622-磷肥制造','TX');
insert into SystemCodeValue(autoSystemCodeID,strCode,strOrder,strValue,strSetCode) values('1C8A007FC2434A58918D962435B36242','a2623',270,'a2623-钾肥制造','TX');
insert into SystemCodeValue(autoSystemCodeID,strCode,strOrder,strValue,strSetCode) values('AAD1BC7AFDB74A50BD216CAECFCAD0F8','a2624',271,'a2624-复混肥料制造','TX');
insert into SystemCodeValue(autoSystemCodeID,strCode,strOrder,strValue,strSetCode) values('D0AC4506603E451F83A511C98A3E55F3','a2625',272,'a2625-有机肥料及微生物肥料制造','TX');
insert into SystemCodeValue(autoSystemCodeID,strCode,strOrder,strValue,strSetCode) values('8CE24C1F6BB24C68887F5264B9DEC2CD','a2629',273,'a2629-其他肥料制造','TX');
insert into SystemCodeValue(autoSystemCodeID,strCode,strOrder,strValue,strSetCode) values('9E26F108D2FC4624AB9E994394EDC8BD','a2631',274,'a2631-化学农药制造','TX');
insert into SystemCodeValue(autoSystemCodeID,strCode,strOrder,strValue,strSetCode) values('761400815F6E4F899C7C812806202BC7','a2632',275,'a2632-生物化学农药及微生物农药制造','TX');
insert into SystemCodeValue(autoSystemCodeID,strCode,strOrder,strValue,strSetCode) values('A3B1101AE54F4D3D83B1F1BF2F0642B2','a2641',276,'a2641-涂料制造','TX');
insert into SystemCodeValue(autoSystemCodeID,strCode,strOrder,strValue,strSetCode) values('9ED3AD42EF20488EA5D9AE7B74D4B6FB','a2642',277,'a2642-油墨及类似产品制造','TX');
insert into SystemCodeValue(autoSystemCodeID,strCode,strOrder,strValue,strSetCode) values('A490CD0B5B6C45DC894E50D0D468264D','a2643',278,'a2643-颜料制造','TX');
insert into SystemCodeValue(autoSystemCodeID,strCode,strOrder,strValue,strSetCode) values('20F7B8CCF2874B6797C5FFC62CE3A8E7','a2644',279,'a2644-染料制造','TX');
insert into SystemCodeValue(autoSystemCodeID,strCode,strOrder,strValue,strSetCode) values('DE85CD846C0849E0B08C199D0C224105','a2645',280,'a2645-密封用填料及类似品制造','TX');
insert into SystemCodeValue(autoSystemCodeID,strCode,strOrder,strValue,strSetCode) values('BAFF087B447545B0952F8089F18F9E03','a2651',281,'a2651-初级形态塑料及合成树脂制造','TX');
insert into SystemCodeValue(autoSystemCodeID,strCode,strOrder,strValue,strSetCode) values('218DF1AC0A2F47FDB56C6EB590A6F3AA','a2652',282,'a2652-合成橡胶制造','TX');
insert into SystemCodeValue(autoSystemCodeID,strCode,strOrder,strValue,strSetCode) values('9319C099AA7F4F7DAC06B54DEA63D734','a2653',283,'a2653-合成纤维单（聚合）体制造','TX');
insert into SystemCodeValue(autoSystemCodeID,strCode,strOrder,strValue,strSetCode) values('66D18716E5224D1698D5B83E8DF3425E','a2659',284,'a2659-其他合成材料制造','TX');
insert into SystemCodeValue(autoSystemCodeID,strCode,strOrder,strValue,strSetCode) values('96A57C6E3785417BA52889B0EDCF8DD4','a2661',285,'a2661-化学试剂和助剂制造','TX');
insert into SystemCodeValue(autoSystemCodeID,strCode,strOrder,strValue,strSetCode) values('144A95595DF145AAA558395C68596BA3','a2662',286,'a2662-专项化学用品制造','TX');
insert into SystemCodeValue(autoSystemCodeID,strCode,strOrder,strValue,strSetCode) values('9461C98C8F8F43ACA691E9D453358EA1','a2663',287,'a2663-林产化学产品制造','TX');
insert into SystemCodeValue(autoSystemCodeID,strCode,strOrder,strValue,strSetCode) values('F7B72E151A864A589DCF8015116DE113','a2664',288,'a2664-信息化学品制造','TX');
insert into SystemCodeValue(autoSystemCodeID,strCode,strOrder,strValue,strSetCode) values('D7739F972D724BAE8F5C0D1C00F44C7C','a2665',289,'a2665-环境污染处理专用药剂材料制造','TX');
insert into SystemCodeValue(autoSystemCodeID,strCode,strOrder,strValue,strSetCode) values('5284718D02894476828AEE147E0CED9B','a2666',290,'a2666-动物胶制造','TX');
insert into SystemCodeValue(autoSystemCodeID,strCode,strOrder,strValue,strSetCode) values('0379D0A654AE44388E07AD5CB05A2347','a2669',291,'a2669-其他专用化学产品制造','TX');
insert into SystemCodeValue(autoSystemCodeID,strCode,strOrder,strValue,strSetCode) values('635F2539827E4103B9305B3026737957','a2671',292,'a2671-炸药及火工产品制造','TX');
insert into SystemCodeValue(autoSystemCodeID,strCode,strOrder,strValue,strSetCode) values('2BD22216433048E0B87B3B156603B406','a2672',293,'a2672-焰火、鞭炮产品制造','TX');
insert into SystemCodeValue(autoSystemCodeID,strCode,strOrder,strValue,strSetCode) values('6F063B5FFB2445FE84C3435D0D7FADC7','a2681',294,'a2681-肥皂及合成洗涤剂制造','TX');
insert into SystemCodeValue(autoSystemCodeID,strCode,strOrder,strValue,strSetCode) values('D95F9F06894844758624CF077CCFCE28','a2682',295,'a2682-化妆品制造','TX');
insert into SystemCodeValue(autoSystemCodeID,strCode,strOrder,strValue,strSetCode) values('D1BAE6F22FDA49DDAD1D2789DC9850BB','a2683',296,'a2683-口腔清洁用品制造','TX');
insert into SystemCodeValue(autoSystemCodeID,strCode,strOrder,strValue,strSetCode) values('B89AE552A205472B82DCEF05E2D3AFB9','a2684',297,'a2684-香料、香精制造','TX');
insert into SystemCodeValue(autoSystemCodeID,strCode,strOrder,strValue,strSetCode) values('38E3E8E5C5574EFF9F26D6C360F87BDD','a2689',298,'a2689-其他日用化学产品制造','TX');
insert into SystemCodeValue(autoSystemCodeID,strCode,strOrder,strValue,strSetCode) values('DC8768EDC77448948AF02669386FA665','a2710',299,'a2710-化学药品原料药制造','TX');
insert into SystemCodeValue(autoSystemCodeID,strCode,strOrder,strValue,strSetCode) values('34DA284923AD45B48C07993475438B5E','a2720',300,'a2720-化学药品制剂制造','TX');
insert into SystemCodeValue(autoSystemCodeID,strCode,strOrder,strValue,strSetCode) values('AF788AD3C35849E297711CB244AE8666','a2730',301,'a2730-中药饮片加工','TX');
insert into SystemCodeValue(autoSystemCodeID,strCode,strOrder,strValue,strSetCode) values('6A1819979476425DAF632E469FB1F881','a2740',302,'a2740-中成药生产','TX');
insert into SystemCodeValue(autoSystemCodeID,strCode,strOrder,strValue,strSetCode) values('F83AC3174B9B4717AA5FCFF05356EF93','a2750',303,'a2750-兽用药品制造','TX');
insert into SystemCodeValue(autoSystemCodeID,strCode,strOrder,strValue,strSetCode) values('437FB70054B2456B84901B1E80853420','a2760',304,'a2760-生物药品制造','TX');
insert into SystemCodeValue(autoSystemCodeID,strCode,strOrder,strValue,strSetCode) values('15D1D3EA46C04CCA9FCCCE200DA73232','a2770',305,'a2770-卫生材料及医药用品制造','TX');
insert into SystemCodeValue(autoSystemCodeID,strCode,strOrder,strValue,strSetCode) values('E4D184F174B948D59426A66DF018CB54','a2811',306,'a2811-化纤浆粕制造','TX');
insert into SystemCodeValue(autoSystemCodeID,strCode,strOrder,strValue,strSetCode) values('1E6AE17AB3024A16A4EC9797DF51153C','a2812',307,'a2812-人造纤维（纤维素纤维）制造','TX');
insert into SystemCodeValue(autoSystemCodeID,strCode,strOrder,strValue,strSetCode) values('10AC4A1E940E46959CF97E391049E4B4','a2821',308,'a2821-锦纶纤维制造','TX');
insert into SystemCodeValue(autoSystemCodeID,strCode,strOrder,strValue,strSetCode) values('14CBD1403F924362988262E6B64B4F82','a2822',309,'a2822-涤纶纤维制造','TX');
insert into SystemCodeValue(autoSystemCodeID,strCode,strOrder,strValue,strSetCode) values('39600A68877141768CCA18C8C495FB06','a2823',310,'a2823-腈纶纤维制造','TX');
insert into SystemCodeValue(autoSystemCodeID,strCode,strOrder,strValue,strSetCode) values('EF02022EF05A4E21AFF24498C216F9E3','a2824',311,'a2824-维纶纤维制造','TX');
insert into SystemCodeValue(autoSystemCodeID,strCode,strOrder,strValue,strSetCode) values('C6C6CCB8FEDD486B866FBBB1EF5B075A','a2825',312,'a2825-丙纶纤维制造','TX');
insert into SystemCodeValue(autoSystemCodeID,strCode,strOrder,strValue,strSetCode) values('D48D9DC35B5649359501B0AA7845D8C7','a2826',313,'a2826-氨纶纤维制造','TX');
insert into SystemCodeValue(autoSystemCodeID,strCode,strOrder,strValue,strSetCode) values('71A24CBEFDFD49B6B5295A092E2212FB','a2829',314,'a2829-其他合成纤维制造','TX');
insert into SystemCodeValue(autoSystemCodeID,strCode,strOrder,strValue,strSetCode) values('4CE1053B54574E98B1D0EC6A00557AD7','a2911',315,'a2911-轮胎制造','TX');
insert into SystemCodeValue(autoSystemCodeID,strCode,strOrder,strValue,strSetCode) values('E97F03B7CD2945ACA20F5BC60E18F106','a2912',316,'a2912-橡胶板、管、带制造','TX');
insert into SystemCodeValue(autoSystemCodeID,strCode,strOrder,strValue,strSetCode) values('8E6D2CC778374A4E8BA7319E0131AE98','a2913',317,'a2913-橡胶零件制造','TX');
insert into SystemCodeValue(autoSystemCodeID,strCode,strOrder,strValue,strSetCode) values('92D9938A62F24CF0B7CD2799A10FDD44','a2914',318,'a2914-再生橡胶制造','TX');
insert into SystemCodeValue(autoSystemCodeID,strCode,strOrder,strValue,strSetCode) values('9CED01DE707A4BC39D7D2DACBB2C3337','a2915',319,'a2915-日用及医用橡胶制品制造','TX');
insert into SystemCodeValue(autoSystemCodeID,strCode,strOrder,strValue,strSetCode) values('83ECD2B7BE5347FF840FF57EABE65C43','a2919',320,'a2919-其他橡胶制品制造','TX');
insert into SystemCodeValue(autoSystemCodeID,strCode,strOrder,strValue,strSetCode) values('8DFDD3224CA344A99EF61DD4C143CE15','a2921',321,'a2921-塑料薄膜制造','TX');
insert into SystemCodeValue(autoSystemCodeID,strCode,strOrder,strValue,strSetCode) values('7CAA09B1E2484CC782306516BF02D0CC','a2922',322,'a2922-塑料板、管、型材制造','TX');
insert into SystemCodeValue(autoSystemCodeID,strCode,strOrder,strValue,strSetCode) values('7255D93E619149E69E4CB4F2854851BD','a2923',323,'a2923-塑料丝、绳及编织品制造','TX');
insert into SystemCodeValue(autoSystemCodeID,strCode,strOrder,strValue,strSetCode) values('6BA4847737E8472CAF94624FF02049BC','a2924',324,'a2924-泡沫塑料制造','TX');
insert into SystemCodeValue(autoSystemCodeID,strCode,strOrder,strValue,strSetCode) values('3D08D04F24134392A943C86573DAA10C','a2925',325,'a2925-塑料人造革、合成革制造','TX');
insert into SystemCodeValue(autoSystemCodeID,strCode,strOrder,strValue,strSetCode) values('EBDC4C60609C4CA295FEA6760BF577D6','a2926',326,'a2926-塑料包装箱及容器制造','TX');
insert into SystemCodeValue(autoSystemCodeID,strCode,strOrder,strValue,strSetCode) values('044449353AAE4D41886693292308616A','a2927',327,'a2927-日用塑料制品制造','TX');
insert into SystemCodeValue(autoSystemCodeID,strCode,strOrder,strValue,strSetCode) values('E18C83017F5C4B2D94FA7A6163F94F48','a2928',328,'a2928-塑料零件制造','TX');
insert into SystemCodeValue(autoSystemCodeID,strCode,strOrder,strValue,strSetCode) values('D8F45A0EE552493FB8EBAF2072B4E4EE','a2929',329,'a2929-其他塑料制品制造','TX');
insert into SystemCodeValue(autoSystemCodeID,strCode,strOrder,strValue,strSetCode) values('7AD88D42BF4641DCBB343F28A130905F','a3011',330,'a3011-水泥制造','TX');
insert into SystemCodeValue(autoSystemCodeID,strCode,strOrder,strValue,strSetCode) values('5D0E839791F64092A85C3A3B6665DC47','a3012',331,'a3012-石灰和石膏制造','TX');
insert into SystemCodeValue(autoSystemCodeID,strCode,strOrder,strValue,strSetCode) values('D61E060C0A814983A7F6BA401604E730','a3021',332,'a3021-水泥制品制造','TX');
insert into SystemCodeValue(autoSystemCodeID,strCode,strOrder,strValue,strSetCode) values('61F5A9C96EB64C1EA3DD4EA81B1A5473','a3022',333,'a3022-砼结构构件制造','TX');
insert into SystemCodeValue(autoSystemCodeID,strCode,strOrder,strValue,strSetCode) values('FAE778088B0241DB805A5CAA4C33EB0B','a3023',334,'a3023-石棉水泥制品制造','TX');
insert into SystemCodeValue(autoSystemCodeID,strCode,strOrder,strValue,strSetCode) values('22DF24044F58476692105EF00D475F34','a3024',335,'a3024-轻质建筑材料制造','TX');
insert into SystemCodeValue(autoSystemCodeID,strCode,strOrder,strValue,strSetCode) values('46FEAE8C14DF4E00BDA1ED177C46F3EC','a3029',336,'a3029-其他水泥类似制品制造','TX');
insert into SystemCodeValue(autoSystemCodeID,strCode,strOrder,strValue,strSetCode) values('3F98E8FF1B34473C9E522CC876F67B56','a3031',337,'a3031-粘土砖瓦及建筑砌块制造','TX');
insert into SystemCodeValue(autoSystemCodeID,strCode,strOrder,strValue,strSetCode) values('392262985DDE48878EEC74D644B3165C','a3032',338,'a3032-建筑陶瓷制品制造','TX');
insert into SystemCodeValue(autoSystemCodeID,strCode,strOrder,strValue,strSetCode) values('FFCAFF913AC547B583853BB809D66E3C','a3033',339,'a3033-建筑用石加工','TX');
insert into SystemCodeValue(autoSystemCodeID,strCode,strOrder,strValue,strSetCode) values('14CCB104876440749E9E8F6CE15F5071','a3034',340,'a3034-防水建筑材料制造','TX');
insert into SystemCodeValue(autoSystemCodeID,strCode,strOrder,strValue,strSetCode) values('407F49DD546A40349C7EF789668AB34A','a3035',341,'a3035-隔热和隔音材料制造','TX');
insert into SystemCodeValue(autoSystemCodeID,strCode,strOrder,strValue,strSetCode) values('4BA38FB6D78B41978A63402B44892BD4','a3039',342,'a3039-其他建筑材料制造','TX');
insert into SystemCodeValue(autoSystemCodeID,strCode,strOrder,strValue,strSetCode) values('BFD25A4CBD3E40E2A6B0FE71DF598553','a3041',343,'a3041-平板玻璃制造','TX');
insert into SystemCodeValue(autoSystemCodeID,strCode,strOrder,strValue,strSetCode) values('CA0B9A3541144FD18384FFA755CA305C','a3049',344,'a3049-其他玻璃制造','TX');
insert into SystemCodeValue(autoSystemCodeID,strCode,strOrder,strValue,strSetCode) values('977140C809574719B33B3D9E485AB3CD','a3051',345,'a3051-技术玻璃制品制造','TX');
insert into SystemCodeValue(autoSystemCodeID,strCode,strOrder,strValue,strSetCode) values('D8BD1C53639141FDAF0A90389DF8021A','a3052',346,'a3052-光学玻璃制造','TX');
insert into SystemCodeValue(autoSystemCodeID,strCode,strOrder,strValue,strSetCode) values('BEA7EA6A0BBE4EBBB2C67FEAD1612AAF','a3053',347,'a3053-玻璃仪器制造','TX');
insert into SystemCodeValue(autoSystemCodeID,strCode,strOrder,strValue,strSetCode) values('66317055E4C04ABB8A55E93394B87EFD','a3054',348,'a3054-日用玻璃制品制造','TX');
insert into SystemCodeValue(autoSystemCodeID,strCode,strOrder,strValue,strSetCode) values('86132FBB22234F909BBFF7ECED8FE69D','a3055',349,'a3055-玻璃包装容器制造','TX');
insert into SystemCodeValue(autoSystemCodeID,strCode,strOrder,strValue,strSetCode) values('5262EB5F469041B09943B86D1CDF7BE4','a3056',350,'a3056-玻璃保温容器制造','TX');
insert into SystemCodeValue(autoSystemCodeID,strCode,strOrder,strValue,strSetCode) values('A1D0B3868A674A399B47CDE82FDEE8AC','a3057',351,'a3057-制镜及类似品加工','TX');
insert into SystemCodeValue(autoSystemCodeID,strCode,strOrder,strValue,strSetCode) values('B6AE20432586400682FD83599CED31FE','a3059',352,'a3059-其他玻璃制品制造','TX');
insert into SystemCodeValue(autoSystemCodeID,strCode,strOrder,strValue,strSetCode) values('C51BA23648AE43BCA0E5701A4B2D2304','a3061',353,'a3061-玻璃纤维及制品制造','TX');
insert into SystemCodeValue(autoSystemCodeID,strCode,strOrder,strValue,strSetCode) values('E7BBDC361F08420AB32D5FFBD32AFDFA','a3062',354,'a3062-玻璃纤维增强塑料制品制造','TX');
insert into SystemCodeValue(autoSystemCodeID,strCode,strOrder,strValue,strSetCode) values('63D372849F114223891804DB0E3D5BC2','a3071',355,'a3071-卫生陶瓷制品制造','TX');
insert into SystemCodeValue(autoSystemCodeID,strCode,strOrder,strValue,strSetCode) values('8CA54DAD3C8543DD8996AD55E0C4A9A5','a3072',356,'a3072-特种陶瓷制品制造','TX');
insert into SystemCodeValue(autoSystemCodeID,strCode,strOrder,strValue,strSetCode) values('3E935AFAF8414B61AD026D0E72B592D0','a3073',357,'a3073-日用陶瓷制品制造','TX');
insert into SystemCodeValue(autoSystemCodeID,strCode,strOrder,strValue,strSetCode) values('097E6F4E4F924FBBACBD39A10095E770','a3079',358,'a3079-园林、陈设艺术及其他陶瓷制品制造','TX');
insert into SystemCodeValue(autoSystemCodeID,strCode,strOrder,strValue,strSetCode) values('4B8097BA0A0A4EE59EFD7C65F2A45A71','a3081',359,'a3081-石棉制品制造','TX');
insert into SystemCodeValue(autoSystemCodeID,strCode,strOrder,strValue,strSetCode) values('3B77B1D569F5425F87372B920C64F1CE','a3082',360,'a3082-云母制品制造','TX');
insert into SystemCodeValue(autoSystemCodeID,strCode,strOrder,strValue,strSetCode) values('5AC152AF13C84ACCBEB366155404EAF8','a3089',361,'a3089-耐火陶瓷制品及其他耐火材料制造','TX');
insert into SystemCodeValue(autoSystemCodeID,strCode,strOrder,strValue,strSetCode) values('FA39597B8AFC4965BF58F7509402B9B4','a3091',362,'a3091-石墨及碳素制品制造','TX');
insert into SystemCodeValue(autoSystemCodeID,strCode,strOrder,strValue,strSetCode) values('757C3506595740278BD6CC553971AF96','a3099',363,'a3099-其他非金属矿物制品制造','TX');
insert into SystemCodeValue(autoSystemCodeID,strCode,strOrder,strValue,strSetCode) values('A8637302D9CE4F96AEA4C31A175BC690','a3110',364,'a3110-炼铁','TX');
insert into SystemCodeValue(autoSystemCodeID,strCode,strOrder,strValue,strSetCode) values('A033EB2C30E1491AB160A675F4122654','a3120',365,'a3120-炼钢','TX');
insert into SystemCodeValue(autoSystemCodeID,strCode,strOrder,strValue,strSetCode) values('E1BC292F0C38419B8D5F6B6D5B0D2A4B','a3130',366,'a3130-黑色金属铸造','TX');
insert into SystemCodeValue(autoSystemCodeID,strCode,strOrder,strValue,strSetCode) values('1261BDF06B104401A36D0EF341E17864','a3140',367,'a3140-钢压延加工','TX');
insert into SystemCodeValue(autoSystemCodeID,strCode,strOrder,strValue,strSetCode) values('98F0AF947EC54BB6AA79EFD8C880C391','a3150',368,'a3150-铁合金冶炼','TX');
insert into SystemCodeValue(autoSystemCodeID,strCode,strOrder,strValue,strSetCode) values('133EE43CD3AA4BD28A7C1B62A1DD2DCA','a3211',369,'a3211-铜冶炼','TX');
insert into SystemCodeValue(autoSystemCodeID,strCode,strOrder,strValue,strSetCode) values('3724395A8F4F4BEBBB46CD894C869464','a3212',370,'a3212-铅锌冶炼','TX');
insert into SystemCodeValue(autoSystemCodeID,strCode,strOrder,strValue,strSetCode) values('85545B22BA494574A203DA4D1E6614FB','a3213',371,'a3213-镍钴冶炼','TX');
insert into SystemCodeValue(autoSystemCodeID,strCode,strOrder,strValue,strSetCode) values('3C6EAC8816F641918CD91008E481D617','a3214',372,'a3214-锡冶炼','TX');
insert into SystemCodeValue(autoSystemCodeID,strCode,strOrder,strValue,strSetCode) values('34CB561789894EB29810B48627BD4055','a3215',373,'a3215-锑冶炼','TX');
insert into SystemCodeValue(autoSystemCodeID,strCode,strOrder,strValue,strSetCode) values('6A7FE44FB9FF4711989954838CE5F242','a3216',374,'a3216-铝冶炼','TX');
insert into SystemCodeValue(autoSystemCodeID,strCode,strOrder,strValue,strSetCode) values('3F50448828034CB1BF5DB5540E2D675E','a3217',375,'a3217-镁冶炼','TX');
insert into SystemCodeValue(autoSystemCodeID,strCode,strOrder,strValue,strSetCode) values('606B8A530791407BA6328CBBAC646ABC','a3219',376,'a3219-其他常用有色金属冶炼','TX');
insert into SystemCodeValue(autoSystemCodeID,strCode,strOrder,strValue,strSetCode) values('9F8D86D1440B49AB9FA81550915D02C3','a3221',377,'a3221-金冶炼','TX');
insert into SystemCodeValue(autoSystemCodeID,strCode,strOrder,strValue,strSetCode) values('D27F2584357C442B83CF7136099BBA19','a3222',378,'a3222-银冶炼','TX');
insert into SystemCodeValue(autoSystemCodeID,strCode,strOrder,strValue,strSetCode) values('B338460EF47943D68E923CD53955E7DC','a3229',379,'a3229-其他贵金属冶炼','TX');
insert into SystemCodeValue(autoSystemCodeID,strCode,strOrder,strValue,strSetCode) values('3E20AAC4CA6042EAA9DBAF82B721275E','a3231',380,'a3231-钨钼冶炼','TX');
insert into SystemCodeValue(autoSystemCodeID,strCode,strOrder,strValue,strSetCode) values('C42D571B47D04175848C8A2D1247B7B9','a3232',381,'a3232-稀土金属冶炼','TX');
insert into SystemCodeValue(autoSystemCodeID,strCode,strOrder,strValue,strSetCode) values('658E6C58C5854A0B963F340E7528513F','a3239',382,'a3239-其他稀有金属冶炼','TX');
insert into SystemCodeValue(autoSystemCodeID,strCode,strOrder,strValue,strSetCode) values('EB103C97EE34438AAB66539EBD324CA2','a3240',383,'a3240-有色金属合金制造','TX');
insert into SystemCodeValue(autoSystemCodeID,strCode,strOrder,strValue,strSetCode) values('961AA7C555534C27B9E01B3C38504998','a3250',384,'a3250-有色金属铸造','TX');
insert into SystemCodeValue(autoSystemCodeID,strCode,strOrder,strValue,strSetCode) values('BA357A4F011B47B79399725D92F6CA00','a3261',385,'a3261-铜压延加工','TX');
insert into SystemCodeValue(autoSystemCodeID,strCode,strOrder,strValue,strSetCode) values('8BFD3BD54D8048848984C0E5500C90F1','a3262',386,'a3262-铝压延加工','TX');
insert into SystemCodeValue(autoSystemCodeID,strCode,strOrder,strValue,strSetCode) values('86BF85BAF81B450589F36EE49C6CA56C','a3263',387,'a3263-贵金属压延加工','TX');
insert into SystemCodeValue(autoSystemCodeID,strCode,strOrder,strValue,strSetCode) values('A31224CFFD454E21B0D9804362344292','a3264',388,'a3264-稀有稀土金属压延加工','TX');
insert into SystemCodeValue(autoSystemCodeID,strCode,strOrder,strValue,strSetCode) values('F3240D9D50704D06BC1D9CD2B1325253','a3269',389,'a3269-其他有色金属压延加工','TX');
insert into SystemCodeValue(autoSystemCodeID,strCode,strOrder,strValue,strSetCode) values('2FDD9BDF0D2E42A5A8ECD04D90B9980E','a3311',390,'a3311-金属结构制造','TX');
insert into SystemCodeValue(autoSystemCodeID,strCode,strOrder,strValue,strSetCode) values('4DC6EAA86479492ABBE4D6F5021D4CF2','a3312',391,'a3312-金属门窗制造','TX');
insert into SystemCodeValue(autoSystemCodeID,strCode,strOrder,strValue,strSetCode) values('6C1FAC91C721401FBF64868BF55DE1F9','a3321',392,'a3321-切削工具制造','TX');
insert into SystemCodeValue(autoSystemCodeID,strCode,strOrder,strValue,strSetCode) values('30943C3B7D8945FBA153D9B1E1066DFC','a3322',393,'a3322-手工具制造','TX');
insert into SystemCodeValue(autoSystemCodeID,strCode,strOrder,strValue,strSetCode) values('9C99160D113B470BA922D34913F41644','a3323',394,'a3323-农用及园林用金属工具制造','TX');
insert into SystemCodeValue(autoSystemCodeID,strCode,strOrder,strValue,strSetCode) values('FB0507864E354A2CB8DBC0314683EFD6','a3324',395,'a3324-刀剪及类似日用金属工具制造','TX');
insert into SystemCodeValue(autoSystemCodeID,strCode,strOrder,strValue,strSetCode) values('37DCF6882D004B5A8642BD5921CCD340','a3329',396,'a3329-其他金属工具制造','TX');
insert into SystemCodeValue(autoSystemCodeID,strCode,strOrder,strValue,strSetCode) values('90A1224FF7D64C5BA4F236F70ED5CF92','a3331',397,'a3331-集装箱制造','TX');
insert into SystemCodeValue(autoSystemCodeID,strCode,strOrder,strValue,strSetCode) values('D662B60BBA7A4821B08A47CC12D0B798','a3332',398,'a3332-金属压力容器制造','TX');
insert into SystemCodeValue(autoSystemCodeID,strCode,strOrder,strValue,strSetCode) values('543DA1CF3289459788540C9ACFA4D139','a3333',399,'a3333-金属包装容器制造','TX');
insert into SystemCodeValue(autoSystemCodeID,strCode,strOrder,strValue,strSetCode) values('E7A21A8308C44CED96EB3C290AB79638','a3340',400,'a3340-金属丝绳及其制品制造','TX');
insert into SystemCodeValue(autoSystemCodeID,strCode,strOrder,strValue,strSetCode) values('3F3495FE80DB4A38B25DA5DA2D4D7260','a3351',401,'a3351-建筑、家具用金属配件制造','TX');
insert into SystemCodeValue(autoSystemCodeID,strCode,strOrder,strValue,strSetCode) values('9E12E3548DAA4CE6A72FAA2AE8EE6F37','a3352',402,'a3352-建筑装饰及水暖管道零件制造','TX');
insert into SystemCodeValue(autoSystemCodeID,strCode,strOrder,strValue,strSetCode) values('29896231CD5B4603BB10CF630FF09354','a3353',403,'a3353-安全、消防用金属制品制造','TX');
insert into SystemCodeValue(autoSystemCodeID,strCode,strOrder,strValue,strSetCode) values('7CDAF220B2B541418FD235C5368125F5','a3359',404,'a3359-其他建筑、安全用金属制品制造','TX');
insert into SystemCodeValue(autoSystemCodeID,strCode,strOrder,strValue,strSetCode) values('0F5FA49A1B5F49619B141C5568C40AAA','a3360',405,'a3360-金属表面处理及热处理加工','TX');
insert into SystemCodeValue(autoSystemCodeID,strCode,strOrder,strValue,strSetCode) values('CD78BB671BF34F278B83A4C4C851A8DE','a3371',406,'a3371-生产专用搪瓷制品制造','TX');
insert into SystemCodeValue(autoSystemCodeID,strCode,strOrder,strValue,strSetCode) values('8090060C929D470C92A541FDDA083190','a3372',407,'a3372-建筑装饰搪瓷制品制造','TX');
insert into SystemCodeValue(autoSystemCodeID,strCode,strOrder,strValue,strSetCode) values('8E54ABA7C8834A6E9570C29160A2AE82','a3373',408,'a3373-搪瓷卫生洁具制造','TX');
insert into SystemCodeValue(autoSystemCodeID,strCode,strOrder,strValue,strSetCode) values('7C1776CDE85749648B27FEBB82BB35B4','a3379',409,'a3379-搪瓷日用品及其他搪瓷制品制造','TX');
insert into SystemCodeValue(autoSystemCodeID,strCode,strOrder,strValue,strSetCode) values('DE73A7747F19414BB1C61DB2B7E22564','a3381',410,'a3381-金属制厨房用器具制造','TX');
insert into SystemCodeValue(autoSystemCodeID,strCode,strOrder,strValue,strSetCode) values('CE3E11428F9B407C8FB4D84FC683A2F3','a3382',411,'a3382-金属制餐具和器皿制造','TX');
insert into SystemCodeValue(autoSystemCodeID,strCode,strOrder,strValue,strSetCode) values('DEB8EE040CC4430BA2E2F9BEE5AADB6B','a3383',412,'a3383-金属制卫生器具制造','TX');
insert into SystemCodeValue(autoSystemCodeID,strCode,strOrder,strValue,strSetCode) values('E2745C336F96475491641829708F63E3','a3389',413,'a3389-其他金属制日用品制造','TX');
insert into SystemCodeValue(autoSystemCodeID,strCode,strOrder,strValue,strSetCode) values('2BD2DBC1E9724CFA9E4CB2006238DFF0','a3391',414,'a3391-锻件及粉末冶金制品制造','TX');
insert into SystemCodeValue(autoSystemCodeID,strCode,strOrder,strValue,strSetCode) values('B106C2D8B31948EC9A6A63195FDD7CD3','a3392',415,'a3392-交通及公共管理用金属标牌制造','TX');
insert into SystemCodeValue(autoSystemCodeID,strCode,strOrder,strValue,strSetCode) values('AA4E58B261874D6689C7DC72ED5914CB','a3399',416,'a3399-其他未列明金属制品制造','TX');
insert into SystemCodeValue(autoSystemCodeID,strCode,strOrder,strValue,strSetCode) values('C763F17B239F455B84E0BA9373AA05A3','a3411',417,'a3411-锅炉及辅助设备制造','TX');
insert into SystemCodeValue(autoSystemCodeID,strCode,strOrder,strValue,strSetCode) values('27E8245A75424E76A7010754450B7D77','a3412',418,'a3412-内燃机及配件制造','TX');
insert into SystemCodeValue(autoSystemCodeID,strCode,strOrder,strValue,strSetCode) values('409EF89CA837472A9857D6B4E89AE1A8','a3413',419,'a3413-汽轮机及辅机制造','TX');
insert into SystemCodeValue(autoSystemCodeID,strCode,strOrder,strValue,strSetCode) values('DD0AACEA781E4EEBAA901DFDC7CC78F3','a3414',420,'a3414-水轮机及辅机制造','TX');
insert into SystemCodeValue(autoSystemCodeID,strCode,strOrder,strValue,strSetCode) values('C363B2CBA1004CCBA3A8EFE277F8CF09','a3415',421,'a3415-风能原动设备制造','TX');
insert into SystemCodeValue(autoSystemCodeID,strCode,strOrder,strValue,strSetCode) values('19BFCC34D91A47FBB08EBA60E5E83540','a3419',422,'a3419-其他原动设备制造','TX');
insert into SystemCodeValue(autoSystemCodeID,strCode,strOrder,strValue,strSetCode) values('7FA6ED58C1B746C68DE189DA5B1D5F50','a3421',423,'a3421-金属切削机床制造','TX');
insert into SystemCodeValue(autoSystemCodeID,strCode,strOrder,strValue,strSetCode) values('EE40FFAD11094A1A8958F2C5B9396CEB','a3422',424,'a3422-金属成形机床制造','TX');
insert into SystemCodeValue(autoSystemCodeID,strCode,strOrder,strValue,strSetCode) values('A9DC343D14B1482FAAE18B392E80FABC','a3423',425,'a3423-铸造机械制造','TX');
insert into SystemCodeValue(autoSystemCodeID,strCode,strOrder,strValue,strSetCode) values('6380393F292D4D5D8EA1482B078F5988','a3424',426,'a3424-金属切割及焊接设备制造','TX');
insert into SystemCodeValue(autoSystemCodeID,strCode,strOrder,strValue,strSetCode) values('A6B4F302C0BE4566B383D3CDBCC3CEB6','a3425',427,'a3425-机床附件制造','TX');
insert into SystemCodeValue(autoSystemCodeID,strCode,strOrder,strValue,strSetCode) values('C4E9406B574045319D6CC13DAFEE4F9D','a3429',428,'a3429-其他金属加工机械制造','TX');
insert into SystemCodeValue(autoSystemCodeID,strCode,strOrder,strValue,strSetCode) values('832916FE5F3641889EB1E7A198D6E5B7','a3431',429,'a3431-轻小型起重设备制造','TX');
insert into SystemCodeValue(autoSystemCodeID,strCode,strOrder,strValue,strSetCode) values('D0108E19F3E14B5EA56AB269AD6C7A80','a3432',430,'a3432-起重机制造','TX');
insert into SystemCodeValue(autoSystemCodeID,strCode,strOrder,strValue,strSetCode) values('AB19D15DFE2A44AA8405A30B713B4EC1','a3433',431,'a3433-生产专用车辆制造','TX');
insert into SystemCodeValue(autoSystemCodeID,strCode,strOrder,strValue,strSetCode) values('5811EFF9E05646459A3740241E46E023','a3434',432,'a3434-连续搬运设备制造','TX');
insert into SystemCodeValue(autoSystemCodeID,strCode,strOrder,strValue,strSetCode) values('9695B166AC8042F58DCD4293214FF3CB','a3435',433,'a3435-电梯、自动扶梯及升降机制造','TX');
insert into SystemCodeValue(autoSystemCodeID,strCode,strOrder,strValue,strSetCode) values('0A4CF5DD7AE24FC28F46113346933AF0','a3439',434,'a3439-其他物料搬运设备制造','TX');
insert into SystemCodeValue(autoSystemCodeID,strCode,strOrder,strValue,strSetCode) values('23E6D651291C4BAC88EED2BAF27622A1','a3441',435,'a3441-泵及真空设备制造','TX');
insert into SystemCodeValue(autoSystemCodeID,strCode,strOrder,strValue,strSetCode) values('FFF5B4EDD2ED4842AD8712BB2EBCFB61','a3442',436,'a3442-气体压缩机械制造','TX');
insert into SystemCodeValue(autoSystemCodeID,strCode,strOrder,strValue,strSetCode) values('E44E5B9137F24F2794C13BAFC2DDF5B1','a3443',437,'a3443-阀门和旋塞制造','TX');
insert into SystemCodeValue(autoSystemCodeID,strCode,strOrder,strValue,strSetCode) values('3D5B0046BC3C44B9B472150841B079D3','a3444',438,'a3444-液压和气压动力机械及元件制造','TX');
insert into SystemCodeValue(autoSystemCodeID,strCode,strOrder,strValue,strSetCode) values('B099324F59C8459EAEF1EB2AD09BB310','a3451',439,'a3451-轴承制造','TX');
insert into SystemCodeValue(autoSystemCodeID,strCode,strOrder,strValue,strSetCode) values('1787AA3D3E17421693DEB9C5C0545874','a3452',440,'a3452-齿轮及齿轮减、变速箱制造','TX');
insert into SystemCodeValue(autoSystemCodeID,strCode,strOrder,strValue,strSetCode) values('3F682B232A7E453AA0BF88BF6E821ED1','a3459',441,'a3459-其他传动部件制造','TX');
insert into SystemCodeValue(autoSystemCodeID,strCode,strOrder,strValue,strSetCode) values('3C86358F244E49D5BB7AF229A53AEA4E','a3461',442,'a3461-烘炉、熔炉及电炉制造','TX');
insert into SystemCodeValue(autoSystemCodeID,strCode,strOrder,strValue,strSetCode) values('A9114263B0BE439DBEAADB83F0AEFF51','a3462',443,'a3462-风机、风扇制造','TX');
insert into SystemCodeValue(autoSystemCodeID,strCode,strOrder,strValue,strSetCode) values('F03F32161E29416899C63642260FB490','a3463',444,'a3463-气体、液体分离及纯净设备制造','TX');
insert into SystemCodeValue(autoSystemCodeID,strCode,strOrder,strValue,strSetCode) values('0BB2AD7DDA684960B03658736A86B5FA','a3464',445,'a3464-制冷、空调设备制造','TX');
insert into SystemCodeValue(autoSystemCodeID,strCode,strOrder,strValue,strSetCode) values('4DDA2DC840EA42429EF6CB0E5984EECF','a3465',446,'a3465-风动和电动工具制造','TX');
insert into SystemCodeValue(autoSystemCodeID,strCode,strOrder,strValue,strSetCode) values('05AB2D261A30469D808B535C277398F0','a3466',447,'a3466-喷枪及类似器具制造','TX');
insert into SystemCodeValue(autoSystemCodeID,strCode,strOrder,strValue,strSetCode) values('51AC61CD8B5F418E9265C698FA770BC4','a3467',448,'a3467-衡器制造','TX');
insert into SystemCodeValue(autoSystemCodeID,strCode,strOrder,strValue,strSetCode) values('2FA364F643E24FF490AEE405176A6585','a3468',449,'a3468-包装专用设备制造','TX');
insert into SystemCodeValue(autoSystemCodeID,strCode,strOrder,strValue,strSetCode) values('DB0710C067734BDA93BA1BCC53CA8DFA','a3471',450,'a3471-电影机械制造','TX');
insert into SystemCodeValue(autoSystemCodeID,strCode,strOrder,strValue,strSetCode) values('93B142219A384A16A3177C6249088A87','a3472',451,'a3472-幻灯及投影设备制造','TX');
insert into SystemCodeValue(autoSystemCodeID,strCode,strOrder,strValue,strSetCode) values('2FD101008F264E4AB00E1C0CFAD06CDD','a3473',452,'a3473-照相机及器材制造','TX');
insert into SystemCodeValue(autoSystemCodeID,strCode,strOrder,strValue,strSetCode) values('3C71556C1CEB4E8F90361FD90F57E0D2','a3474',453,'a3474-复印和胶印设备制造','TX');
insert into SystemCodeValue(autoSystemCodeID,strCode,strOrder,strValue,strSetCode) values('C3A9C672F0C7497FAB07B3F03149990C','a3475',454,'a3475-计算器及货币专用设备制造','TX');
insert into SystemCodeValue(autoSystemCodeID,strCode,strOrder,strValue,strSetCode) values('7CB50D95903C4DC1AD5C5F46F73803CF','a3479',455,'a3479-其他文化、办公用机械制造','TX');
insert into SystemCodeValue(autoSystemCodeID,strCode,strOrder,strValue,strSetCode) values('EA3DC1344C9640FE88A1D9226BB13455','a3481',456,'a3481-金属密封件制造','TX');
insert into SystemCodeValue(autoSystemCodeID,strCode,strOrder,strValue,strSetCode) values('8873C149EECE4AB586645E7E36B993E6','a3482',457,'a3482-紧固件制造','TX');
insert into SystemCodeValue(autoSystemCodeID,strCode,strOrder,strValue,strSetCode) values('BD0ECBAED3774D7EB90A7AF3B8ACA60D','a3483',458,'a3483-弹簧制造','TX');
insert into SystemCodeValue(autoSystemCodeID,strCode,strOrder,strValue,strSetCode) values('0C72C14C4CE14EBC8AAC75CBD9AE88D4','a3484',459,'a3484-机械零部件加工','TX');
insert into SystemCodeValue(autoSystemCodeID,strCode,strOrder,strValue,strSetCode) values('19BB11B331DF49498EEDAB20241BBF16','a3489',460,'a3489-其他通用零部件制造','TX');
insert into SystemCodeValue(autoSystemCodeID,strCode,strOrder,strValue,strSetCode) values('7D11A8B6EAAA48859EC4E21259BE83D3','a3490',461,'a3490-其他通用设备制造业','TX');
insert into SystemCodeValue(autoSystemCodeID,strCode,strOrder,strValue,strSetCode) values('5C56C485796E41E4B9289DA37EC0ED02','a3511',462,'a3511-矿山机械制造','TX');
insert into SystemCodeValue(autoSystemCodeID,strCode,strOrder,strValue,strSetCode) values('A0E654988AC04A9799B25EBF8BEFAB89','a3512',463,'a3512-石油钻采专用设备制造','TX');
insert into SystemCodeValue(autoSystemCodeID,strCode,strOrder,strValue,strSetCode) values('10F3914AF67A40EEA0CC1F2991086789','a3513',464,'a3513-建筑工程用机械制造','TX');
insert into SystemCodeValue(autoSystemCodeID,strCode,strOrder,strValue,strSetCode) values('CB34AC4FF6DD4D05A8CD9E4E3F799995','a3514',465,'a3514-海洋工程专用设备制造','TX');
insert into SystemCodeValue(autoSystemCodeID,strCode,strOrder,strValue,strSetCode) values('F6CA3008A04A487491E523D427EF6B74','a3515',466,'a3515-建筑材料生产专用机械制造','TX');
insert into SystemCodeValue(autoSystemCodeID,strCode,strOrder,strValue,strSetCode) values('6356F5D013B948768DE5E7A2AFE91671','a3516',467,'a3516-冶金专用设备制造','TX');
insert into SystemCodeValue(autoSystemCodeID,strCode,strOrder,strValue,strSetCode) values('D69DB31DFEF24E12A47563F278228A9D','a3521',468,'a3521-炼油、化工生产专用设备制造','TX');
insert into SystemCodeValue(autoSystemCodeID,strCode,strOrder,strValue,strSetCode) values('8EFE4D91DEF34DA69075F6C57FA61CA5','a3522',469,'a3522-橡胶加工专用设备制造','TX');
insert into SystemCodeValue(autoSystemCodeID,strCode,strOrder,strValue,strSetCode) values('32FCB43E9DC0473D9AB4DF30C32112E3','a3523',470,'a3523-塑料加工专用设备制造','TX');
insert into SystemCodeValue(autoSystemCodeID,strCode,strOrder,strValue,strSetCode) values('0F577420C093472FA7851DD6CD5A1908','a3524',471,'a3524-木材加工机械制造','TX');
insert into SystemCodeValue(autoSystemCodeID,strCode,strOrder,strValue,strSetCode) values('F329C737F2CD4E279BC45555F0F1740A','a3525',472,'a3525-模具制造','TX');
insert into SystemCodeValue(autoSystemCodeID,strCode,strOrder,strValue,strSetCode) values('D4B401FD89094A7A93EBBDDC717F6953','a3529',473,'a3529-其他非金属加工专用设备制造','TX');
insert into SystemCodeValue(autoSystemCodeID,strCode,strOrder,strValue,strSetCode) values('AEF53DAF8E3E48519496D4A3369429E4','a3531',474,'a3531-食品、酒、饮料及茶生产专用设备制造','TX');
insert into SystemCodeValue(autoSystemCodeID,strCode,strOrder,strValue,strSetCode) values('26537D42B50D434186313414EA6F9F46','a3532',475,'a3532-农副食品加工专用设备制造','TX');
insert into SystemCodeValue(autoSystemCodeID,strCode,strOrder,strValue,strSetCode) values('E934F87C405847C2832BAEE35A923D79','a3533',476,'a3533-烟草生产专用设备制造','TX');
insert into SystemCodeValue(autoSystemCodeID,strCode,strOrder,strValue,strSetCode) values('0B007219C4F14F63AFE44C10B97E2E09','a3534',477,'a3534-饲料生产专用设备制造','TX');
insert into SystemCodeValue(autoSystemCodeID,strCode,strOrder,strValue,strSetCode) values('DBAFADD726BC4645A39556AFE54A3389','a3541',478,'a3541-制浆和造纸专用设备制造','TX');
insert into SystemCodeValue(autoSystemCodeID,strCode,strOrder,strValue,strSetCode) values('511587572F2E45D1A8493BFBF7A09BBD','a3542',479,'a3542-印刷专用设备制造','TX');
insert into SystemCodeValue(autoSystemCodeID,strCode,strOrder,strValue,strSetCode) values('608344D0B6294A50A09035B4A0288407','a3543',480,'a3543-日用化工专用设备制造','TX');
insert into SystemCodeValue(autoSystemCodeID,strCode,strOrder,strValue,strSetCode) values('712FFD8ABBE44534970F2D1A00A806A1','a3544',481,'a3544-制药专用设备制造','TX');
insert into SystemCodeValue(autoSystemCodeID,strCode,strOrder,strValue,strSetCode) values('77F1CD37B6634D4D83630BBC808BDDE9','a3545',482,'a3545-照明器具生产专用设备制造','TX');
insert into SystemCodeValue(autoSystemCodeID,strCode,strOrder,strValue,strSetCode) values('582F27C5AA7240F48855F408E8878072','a3546',483,'a3546-玻璃、陶瓷和搪瓷制品生产专用设备制造','TX');
insert into SystemCodeValue(autoSystemCodeID,strCode,strOrder,strValue,strSetCode) values('78B611D26D6B44DDB0927B60B96AE8B6','a3549',484,'a3549-其他日用品生产专用设备制造','TX');
insert into SystemCodeValue(autoSystemCodeID,strCode,strOrder,strValue,strSetCode) values('E6843F04B2834767A8D72B848AA31001','a3551',485,'a3551-纺织专用设备制造','TX');
insert into SystemCodeValue(autoSystemCodeID,strCode,strOrder,strValue,strSetCode) values('82235771886E4993B63E8BC2DE172F8F','a3552',486,'a3552-皮革、毛皮及其制品加工专用设备制造','TX');
insert into SystemCodeValue(autoSystemCodeID,strCode,strOrder,strValue,strSetCode) values('ADC9AE5F2C624359A5877570C7B0E22E','a3553',487,'a3553-缝制机械制造','TX');
insert into SystemCodeValue(autoSystemCodeID,strCode,strOrder,strValue,strSetCode) values('CEBFAB9959DE498AAC540AA8A8CA1F90','a3554',488,'a3554-洗涤机械制造','TX');
insert into SystemCodeValue(autoSystemCodeID,strCode,strOrder,strValue,strSetCode) values('6E75552BD9404F80954564E876529768','a3561',489,'a3561-电工机械专用设备制造','TX');
insert into SystemCodeValue(autoSystemCodeID,strCode,strOrder,strValue,strSetCode) values('3626C3B094F549229AC1847D597D2072','a3562',490,'a3562-电子工业专用设备制造','TX');
insert into SystemCodeValue(autoSystemCodeID,strCode,strOrder,strValue,strSetCode) values('6A9B6E272C294A759CDAD3D5EA655DB4','a3571',491,'a3571-拖拉机制造','TX');
insert into SystemCodeValue(autoSystemCodeID,strCode,strOrder,strValue,strSetCode) values('B5F10E24424D408A8C0A2AC6EB71FDD1','a3572',492,'a3572-机械化农业及园艺机具制造','TX');
insert into SystemCodeValue(autoSystemCodeID,strCode,strOrder,strValue,strSetCode) values('7295CC2C892F404FB814569C759BE1AE','a3573',493,'a3573-营林及木竹采伐机械制造','TX');
insert into SystemCodeValue(autoSystemCodeID,strCode,strOrder,strValue,strSetCode) values('6F3539FE7C2E4FEEB391000A5BD72F1A','a3574',494,'a3574-畜牧机械制造','TX');
insert into SystemCodeValue(autoSystemCodeID,strCode,strOrder,strValue,strSetCode) values('D5FA02470205400DA3A335705BBEF7EF','a3575',495,'a3575-渔业机械制造','TX');
insert into SystemCodeValue(autoSystemCodeID,strCode,strOrder,strValue,strSetCode) values('CF932A7DEEFE4FF28519B60490ABBDED','a3576',496,'a3576-农林牧渔机械配件制造','TX');
insert into SystemCodeValue(autoSystemCodeID,strCode,strOrder,strValue,strSetCode) values('33870D0AE4BE449F89988B99D0F6F0A1','a3577',497,'a3577-棉花加工机械制造','TX');
insert into SystemCodeValue(autoSystemCodeID,strCode,strOrder,strValue,strSetCode) values('80D6D29B84984DEDB846CC24B155E8FC','a3579',498,'a3579-其他农、林、牧、渔业机械制造','TX');
insert into SystemCodeValue(autoSystemCodeID,strCode,strOrder,strValue,strSetCode) values('CBD2DA21C41344DFB85D5F3B2DFF84E6','a3581',499,'a3581-医疗诊断、监护及治疗设备制造','TX');
insert into SystemCodeValue(autoSystemCodeID,strCode,strOrder,strValue,strSetCode) values('88BD41F4AE2C436CBE70D4489A15755B','a3582',500,'a3582-口腔科用设备及器具制造','TX');
insert into SystemCodeValue(autoSystemCodeID,strCode,strOrder,strValue,strSetCode) values('0E5BAD91E05E40E3BEDF0BEC16B6DF36','a3583',501,'a3583-医疗实验室及医用消毒设备和器具制造','TX');
insert into SystemCodeValue(autoSystemCodeID,strCode,strOrder,strValue,strSetCode) values('3604A906751547FBB723FAEAFD00EF2D','a3584',502,'a3584-医疗、外科及兽医用器械制造','TX');
insert into SystemCodeValue(autoSystemCodeID,strCode,strOrder,strValue,strSetCode) values('F982C87407D446BF8ED57D8A0228647F','a3585',503,'a3585-机械治疗及病房护理设备制造','TX');
insert into SystemCodeValue(autoSystemCodeID,strCode,strOrder,strValue,strSetCode) values('53DA02547F03464D9617D1EDE7B5FAFF','a3586',504,'a3586-假肢、人工器官及植（介）入器械制造','TX');
insert into SystemCodeValue(autoSystemCodeID,strCode,strOrder,strValue,strSetCode) values('FA4F317010E142CDBC308A95825EA3E5','a3589',505,'a3589-其他医疗设备及器械制造','TX');
insert into SystemCodeValue(autoSystemCodeID,strCode,strOrder,strValue,strSetCode) values('32AE02C68B6242FB83A563D31AC75F30','a3591',506,'a3591-环境保护专用设备制造','TX');
insert into SystemCodeValue(autoSystemCodeID,strCode,strOrder,strValue,strSetCode) values('E398BC44DEA44BD2BC12A9E36F7F5498','a3592',507,'a3592-地质勘查专用设备制造','TX');
insert into SystemCodeValue(autoSystemCodeID,strCode,strOrder,strValue,strSetCode) values('73076614CD4E42328E3200583F7F0B05','a3593',508,'a3593-邮政专用机械及器材制造','TX');
insert into SystemCodeValue(autoSystemCodeID,strCode,strOrder,strValue,strSetCode) values('213D13A983CC4AC7BB851F81E01055FE','a3594',509,'a3594-商业、饮食、服务专用设备制造','TX');
insert into SystemCodeValue(autoSystemCodeID,strCode,strOrder,strValue,strSetCode) values('25489AFBD9F74060A9C49E36F45299B0','a3595',510,'a3595-社会公共安全设备及器材制造','TX');
insert into SystemCodeValue(autoSystemCodeID,strCode,strOrder,strValue,strSetCode) values('3401ADAF41B94538A2D4D0851C4E2BD4','a3596',511,'a3596-交通安全、管制及类似专用设备制造','TX');
insert into SystemCodeValue(autoSystemCodeID,strCode,strOrder,strValue,strSetCode) values('8A6D901684184B12A05652C8CF27C1F4','a3597',512,'a3597-水资源专用机械制造','TX');
insert into SystemCodeValue(autoSystemCodeID,strCode,strOrder,strValue,strSetCode) values('FDE9D6FF77584029870BC22F8AFE3465','a3599',513,'a3599-其他专用设备制造','TX');
insert into SystemCodeValue(autoSystemCodeID,strCode,strOrder,strValue,strSetCode) values('D30156EB3BF54471A2286F7CD8B01B2A','a3610',514,'a3610-汽车整车制造','TX');
insert into SystemCodeValue(autoSystemCodeID,strCode,strOrder,strValue,strSetCode) values('83E4C88E241E4E4694AD4DD3093B7701','a3620',515,'a3620-改装汽车制造','TX');
insert into SystemCodeValue(autoSystemCodeID,strCode,strOrder,strValue,strSetCode) values('EFCDFE28C85941C49A22B64F90C05D52','a3630',516,'a3630-低速载货汽车制造','TX');
insert into SystemCodeValue(autoSystemCodeID,strCode,strOrder,strValue,strSetCode) values('D0B2A4E33BE24E2C96B3FC972AB7E69B','a3640',517,'a3640-电车制造','TX');
insert into SystemCodeValue(autoSystemCodeID,strCode,strOrder,strValue,strSetCode) values('D44120A52BF643C58CB52A76B1A8F726','a3650',518,'a3650-汽车车身、挂车制造','TX');
insert into SystemCodeValue(autoSystemCodeID,strCode,strOrder,strValue,strSetCode) values('882340F78FF94D1AAA9C501BFC6311D4','a3660',519,'a3660-汽车零部件及配件制造','TX');
insert into SystemCodeValue(autoSystemCodeID,strCode,strOrder,strValue,strSetCode) values('8401148373634953938283BF64A8ED34','a3711',520,'a3711-铁路机车车辆及动车组制造','TX');
insert into SystemCodeValue(autoSystemCodeID,strCode,strOrder,strValue,strSetCode) values('867834775E5244A6895B3F74998057D6','a3712',521,'a3712-窄轨机车车辆制造','TX');
insert into SystemCodeValue(autoSystemCodeID,strCode,strOrder,strValue,strSetCode) values('2E2AF87AEC1145B98C555233A126FB4A','a3713',522,'a3713-铁路机车车辆配件制造','TX');
insert into SystemCodeValue(autoSystemCodeID,strCode,strOrder,strValue,strSetCode) values('FA558154C4294E6195AC234E60F20098','a3714',523,'a3714-铁路专用设备及器材、配件制造','TX');
insert into SystemCodeValue(autoSystemCodeID,strCode,strOrder,strValue,strSetCode) values('6F3770F23A734F679BA58E2DDEB6DD75','a3719',524,'a3719-其他铁路运输设备制造','TX');
insert into SystemCodeValue(autoSystemCodeID,strCode,strOrder,strValue,strSetCode) values('D59F1259F9594D4996BD76B577AEAF38','a3720',525,'a3720-城市轨道交通设备制造','TX');
insert into SystemCodeValue(autoSystemCodeID,strCode,strOrder,strValue,strSetCode) values('D2CEDD4D0D6B41F39B999DC1D547660A','a3731',526,'a3731-金属船舶制造','TX');
insert into SystemCodeValue(autoSystemCodeID,strCode,strOrder,strValue,strSetCode) values('D3188C221A3245D395E2675C434FADC7','a3732',527,'a3732-非金属船舶制造','TX');
insert into SystemCodeValue(autoSystemCodeID,strCode,strOrder,strValue,strSetCode) values('B0636BD2832A4ED0BD99E2B0E25701F9','a3733',528,'a3733-娱乐船和运动船制造','TX');
insert into SystemCodeValue(autoSystemCodeID,strCode,strOrder,strValue,strSetCode) values('AB68E0A2490C48D18BFB7FE98BE0B0AC','a3734',529,'a3734-船用配套设备制造','TX');
insert into SystemCodeValue(autoSystemCodeID,strCode,strOrder,strValue,strSetCode) values('8D403A70D1524DA58CB41E827C4A1A51','a3735',530,'a3735-船舶改装与拆除','TX');
insert into SystemCodeValue(autoSystemCodeID,strCode,strOrder,strValue,strSetCode) values('91E8188F968D4FA2BA0C4711E0627477','a3739',531,'a3739-航标器材及其他相关装置制造','TX');
insert into SystemCodeValue(autoSystemCodeID,strCode,strOrder,strValue,strSetCode) values('02A2F893D0BA4B698037F05E27D74DE6','a3741',532,'a3741-飞机制造','TX');
insert into SystemCodeValue(autoSystemCodeID,strCode,strOrder,strValue,strSetCode) values('B0F2BA76C63946AFBB1A47E4248A8CA8','a3742',533,'a3742-航天器制造','TX');
insert into SystemCodeValue(autoSystemCodeID,strCode,strOrder,strValue,strSetCode) values('5FE7F9908DAF4EE8B710FE8F695706B8','a3743',534,'a3743-航空、航天相关设备制造','TX');
insert into SystemCodeValue(autoSystemCodeID,strCode,strOrder,strValue,strSetCode) values('60DF22910C3E48B280D22D04D0438495','a3749',535,'a3749-其他航空航天器制造','TX');
insert into SystemCodeValue(autoSystemCodeID,strCode,strOrder,strValue,strSetCode) values('B479BF0898AD4116BEF5138EDDC18BED','a3751',536,'a3751-摩托车整车制造','TX');
insert into SystemCodeValue(autoSystemCodeID,strCode,strOrder,strValue,strSetCode) values('E44E11CA705B4F0DBCCDFE07B719CE5C','a3752',537,'a3752-摩托车零部件及配件制造','TX');
insert into SystemCodeValue(autoSystemCodeID,strCode,strOrder,strValue,strSetCode) values('836964DC29064ABC81E92B655AEC71CB','a3761',538,'a3761-脚踏自行车及残疾人座车制造','TX');
insert into SystemCodeValue(autoSystemCodeID,strCode,strOrder,strValue,strSetCode) values('543BA93872B84D11B3FBA7BC958E5996','a3762',539,'a3762-助动自行车制造','TX');
insert into SystemCodeValue(autoSystemCodeID,strCode,strOrder,strValue,strSetCode) values('94E57A630CC44394AF1EE0AEB90620F1','a3770',540,'a3770-非公路休闲车及零配件制造','TX');
insert into SystemCodeValue(autoSystemCodeID,strCode,strOrder,strValue,strSetCode) values('64BC7DC6AD7B448B979B99554E9F70FE','a3791',541,'a3791-潜水及水下救捞装备制造','TX');
insert into SystemCodeValue(autoSystemCodeID,strCode,strOrder,strValue,strSetCode) values('DF42A80E99A64303BC4ECB763586EA9A','a3799',542,'a3799-其他未列明运输设备制造','TX');
insert into SystemCodeValue(autoSystemCodeID,strCode,strOrder,strValue,strSetCode) values('192D76EA4627495AB4E2AF90323E23E2','a3811',543,'a3811-发电机及发电机组制造','TX');
insert into SystemCodeValue(autoSystemCodeID,strCode,strOrder,strValue,strSetCode) values('339163D48DD144BFBDF99F527395BE70','a3812',544,'a3812-电动机制造','TX');
insert into SystemCodeValue(autoSystemCodeID,strCode,strOrder,strValue,strSetCode) values('09F20C56140444A78B75CF89957F200C','a3819',545,'a3819-微电机及其他电机制造','TX');
insert into SystemCodeValue(autoSystemCodeID,strCode,strOrder,strValue,strSetCode) values('88CA2AE99DEC49AA89C33D21D5053D06','a3821',546,'a3821-变压器、整流器和电感器制造','TX');
insert into SystemCodeValue(autoSystemCodeID,strCode,strOrder,strValue,strSetCode) values('AB7C90BE80594BE6A419BD23D6EE540B','a3822',547,'a3822-电容器及其配套设备制造','TX');
insert into SystemCodeValue(autoSystemCodeID,strCode,strOrder,strValue,strSetCode) values('A036E9182A934DCC985CE30041DA0049','a3823',548,'a3823-配电开关控制设备制造','TX');
insert into SystemCodeValue(autoSystemCodeID,strCode,strOrder,strValue,strSetCode) values('F32B5793393541B382BFB2D7126DB62E','a3824',549,'a3824-电力电子元器件制造','TX');
insert into SystemCodeValue(autoSystemCodeID,strCode,strOrder,strValue,strSetCode) values('8C32A66C4E114DADAE963B87D62031D6','a3825',550,'a3825-光伏设备及元器件制造','TX');
insert into SystemCodeValue(autoSystemCodeID,strCode,strOrder,strValue,strSetCode) values('62874F15F204441C98A8E833E2DB67EE','a3829',551,'a3829-其他输配电及控制设备制造','TX');
insert into SystemCodeValue(autoSystemCodeID,strCode,strOrder,strValue,strSetCode) values('D5B96547676A43129553A1862F77C8D1','a3831',552,'a3831-电线、电缆制造','TX');
insert into SystemCodeValue(autoSystemCodeID,strCode,strOrder,strValue,strSetCode) values('0DED76E4969C4AE6AD263FA20335BFD3','a3832',553,'a3832-光纤、光缆制造','TX');
insert into SystemCodeValue(autoSystemCodeID,strCode,strOrder,strValue,strSetCode) values('982EBF39A1F643CCAD644D63FB9791BB','a3833',554,'a3833-绝缘制品制造','TX');
insert into SystemCodeValue(autoSystemCodeID,strCode,strOrder,strValue,strSetCode) values('67FBFD8BC3824AB5B4AC61A696AF3B36','a3839',555,'a3839-其他电工器材制造','TX');
insert into SystemCodeValue(autoSystemCodeID,strCode,strOrder,strValue,strSetCode) values('6D4805F77D3641FF9875049641BF870C','a3841',556,'a3841-锂离子电池制造','TX');
insert into SystemCodeValue(autoSystemCodeID,strCode,strOrder,strValue,strSetCode) values('CAD23F59942E4C5DB15C0D72ED9B09E1','a3842',557,'a3842-镍氢电池制造','TX');
insert into SystemCodeValue(autoSystemCodeID,strCode,strOrder,strValue,strSetCode) values('3F820F5B9A534FA5BC7A6C54A36FB7E1','a3849',558,'a3849-其他电池制造','TX');
insert into SystemCodeValue(autoSystemCodeID,strCode,strOrder,strValue,strSetCode) values('70AFFB79E6644D7FAF05C919CE09365B','a3851',559,'a3851-家用制冷电器具制造','TX');
insert into SystemCodeValue(autoSystemCodeID,strCode,strOrder,strValue,strSetCode) values('A6BCF921A272491BA1FC3EC9FEBE5A2F','a3852',560,'a3852-家用空气调节器制造','TX');
insert into SystemCodeValue(autoSystemCodeID,strCode,strOrder,strValue,strSetCode) values('DBC3644770254DB7B1977B4D63A3A8B9','a3853',561,'a3853-家用通风电器具制造','TX');
insert into SystemCodeValue(autoSystemCodeID,strCode,strOrder,strValue,strSetCode) values('D807B2C6B7BF482CB7ADD73C198DADC6','a3854',562,'a3854-家用厨房电器具制造','TX');
insert into SystemCodeValue(autoSystemCodeID,strCode,strOrder,strValue,strSetCode) values('95E0A1415E7546B0A3B8AFCEB8E64763','a3855',563,'a3855-家用清洁卫生电器具制造','TX');
insert into SystemCodeValue(autoSystemCodeID,strCode,strOrder,strValue,strSetCode) values('4CB875CCCD1443CDAE9781F867D2D3E4','a3856',564,'a3856-家用美容、保健电器具制造','TX');
insert into SystemCodeValue(autoSystemCodeID,strCode,strOrder,strValue,strSetCode) values('04076C5F858B4FE6BAD436E7E78886F9','a3857',565,'a3857-家用电力器具专用配件制造','TX');
insert into SystemCodeValue(autoSystemCodeID,strCode,strOrder,strValue,strSetCode) values('A8689A8DABB2424585C0F1E21BA11093','a3859',566,'a3859-其他家用电力器具制造','TX');
insert into SystemCodeValue(autoSystemCodeID,strCode,strOrder,strValue,strSetCode) values('5AD4DDD4B45945AE86CAC6F1A8DE8FD7','a3861',567,'a3861-燃气、太阳能及类似能源家用器具制造','TX');
insert into SystemCodeValue(autoSystemCodeID,strCode,strOrder,strValue,strSetCode) values('1FB35211A36440DBAE7F6C52B2F21733','a3869',568,'a3869-其他非电力家用器具制造','TX');
insert into SystemCodeValue(autoSystemCodeID,strCode,strOrder,strValue,strSetCode) values('E93C88A8873B4EF087F87FE23707CCD3','a3871',569,'a3871-电光源制造','TX');
insert into SystemCodeValue(autoSystemCodeID,strCode,strOrder,strValue,strSetCode) values('475589D51ED1422097A00BCA7D9E20F0','a3872',570,'a3872-照明灯具制造','TX');
insert into SystemCodeValue(autoSystemCodeID,strCode,strOrder,strValue,strSetCode) values('B7407A277FA94C6481862C840CBF491E','a3879',571,'a3879-灯用电器附件及其他照明器具制造','TX');
insert into SystemCodeValue(autoSystemCodeID,strCode,strOrder,strValue,strSetCode) values('3DB9335F8383460DB022E9F58D24202B','a3891',572,'a3891-电气信号设备装置制造','TX');
insert into SystemCodeValue(autoSystemCodeID,strCode,strOrder,strValue,strSetCode) values('A9A2F1301D854C0E8A563E38D4500081','a3899',573,'a3899-其他未列明电气机械及器材制造','TX');
insert into SystemCodeValue(autoSystemCodeID,strCode,strOrder,strValue,strSetCode) values('D23CE71DB0A84A71B366713B54D4DC27','a3911',574,'a3911-计算机整机制造','TX');
insert into SystemCodeValue(autoSystemCodeID,strCode,strOrder,strValue,strSetCode) values('DC402DD06CA9426CAD8C286BF9F3BEDC','a3912',575,'a3912-计算机零部件制造','TX');
insert into SystemCodeValue(autoSystemCodeID,strCode,strOrder,strValue,strSetCode) values('C597A8C6C778454DBCE0A4AACAA05BD4','a3913',576,'a3913-计算机外围设备制造','TX');
insert into SystemCodeValue(autoSystemCodeID,strCode,strOrder,strValue,strSetCode) values('9AB7F6A3373A4C3DB4692DBAB9B97A6E','a3919',577,'a3919-其他计算机制造','TX');
insert into SystemCodeValue(autoSystemCodeID,strCode,strOrder,strValue,strSetCode) values('72379B92DCE84149984449EA0D5B7B29','a3921',578,'a3921-通信系统设备制造','TX');
insert into SystemCodeValue(autoSystemCodeID,strCode,strOrder,strValue,strSetCode) values('2042FDE9E3DB44038803729A7C8E5413','a3922',579,'a3922-通信终端设备制造','TX');
insert into SystemCodeValue(autoSystemCodeID,strCode,strOrder,strValue,strSetCode) values('40C88C5E7CB7445DAD119E51A99A19A3','a3931',580,'a3931-广播电视节目制作及发射设备制造','TX');
insert into SystemCodeValue(autoSystemCodeID,strCode,strOrder,strValue,strSetCode) values('8574A634E9074602906EFA7639B45E49','a3932',581,'a3932-广播电视接收设备及器材制造','TX');
insert into SystemCodeValue(autoSystemCodeID,strCode,strOrder,strValue,strSetCode) values('ADFDF4D5F68B4290B2D6789E8E28EE32','a3939',582,'a3939-应用电视设备及其他广播电视设备制造','TX');
insert into SystemCodeValue(autoSystemCodeID,strCode,strOrder,strValue,strSetCode) values('237944CE4FCB4693BC58434B184E1D80','a3940',583,'a3940-雷达及配套设备制造','TX');
insert into SystemCodeValue(autoSystemCodeID,strCode,strOrder,strValue,strSetCode) values('DBB59F7E454D459AAB9F0831A2756331','a3951',584,'a3951-电视机制造','TX');
insert into SystemCodeValue(autoSystemCodeID,strCode,strOrder,strValue,strSetCode) values('D1519F790FE640C7AC4DA16C2B78A33E','a3952',585,'a3952-音响设备制造','TX');
insert into SystemCodeValue(autoSystemCodeID,strCode,strOrder,strValue,strSetCode) values('75147FB22FB54F9C9C4C4D7BB97E2577','a3953',586,'a3953-影视录放设备制造','TX');
insert into SystemCodeValue(autoSystemCodeID,strCode,strOrder,strValue,strSetCode) values('F73E0DFBED674A4AA59B5575EFB7460F','a3961',587,'a3961-电子真空器件制造','TX');
insert into SystemCodeValue(autoSystemCodeID,strCode,strOrder,strValue,strSetCode) values('910B3CB593894AEC94A50B8D62CE3B3E','a3962',588,'a3962-半导体分立器件制造','TX');
insert into SystemCodeValue(autoSystemCodeID,strCode,strOrder,strValue,strSetCode) values('10F299F8A33D4BAD8282B2B9D36BDD39','a3963',589,'a3963-集成电路制造','TX');
insert into SystemCodeValue(autoSystemCodeID,strCode,strOrder,strValue,strSetCode) values('346B549C3845406FB86CD249FAFCC38D','a3969',590,'a3969-光电子器件及其他电子器件制造','TX');
insert into SystemCodeValue(autoSystemCodeID,strCode,strOrder,strValue,strSetCode) values('8A8515D8AC8E4902B608826E30D06398','a3971',591,'a3971-电子元件及组件制造','TX');
insert into SystemCodeValue(autoSystemCodeID,strCode,strOrder,strValue,strSetCode) values('D1F5E30F797E4CE0B73B1D59C0763BEF','a3972',592,'a3972-印制电路板制造','TX');
insert into SystemCodeValue(autoSystemCodeID,strCode,strOrder,strValue,strSetCode) values('8A2C38926E0C4ED18FC97A5EA3DB8ABD','a3990',593,'a3990-其他电子设备制造','TX');
insert into SystemCodeValue(autoSystemCodeID,strCode,strOrder,strValue,strSetCode) values('21447D99D6D442B298591D801DD9C95D','a4011',594,'a4011-工业自动控制系统装置制造','TX');
insert into SystemCodeValue(autoSystemCodeID,strCode,strOrder,strValue,strSetCode) values('F9FF12A0EB6B44A1BDA5C1437FD2DFEF','a4012',595,'a4012-电工仪器仪表制造','TX');
insert into SystemCodeValue(autoSystemCodeID,strCode,strOrder,strValue,strSetCode) values('29A99821EBB64609BB539F0C2CBF402E','a4013',596,'a4013-绘图、计算及测量仪器制造','TX');
insert into SystemCodeValue(autoSystemCodeID,strCode,strOrder,strValue,strSetCode) values('1A6BCB9DA007414193D58555DD14708F','a4014',597,'a4014-实验分析仪器制造','TX');
insert into SystemCodeValue(autoSystemCodeID,strCode,strOrder,strValue,strSetCode) values('DCC5EF66A83143CFA35268C5326C4DA5','a4015',598,'a4015-试验机制造','TX');
insert into SystemCodeValue(autoSystemCodeID,strCode,strOrder,strValue,strSetCode) values('3249CC12F580402FB77B93C77A05B52C','a4019',599,'a4019-供应用仪表及其他通用仪器制造','TX');
insert into SystemCodeValue(autoSystemCodeID,strCode,strOrder,strValue,strSetCode) values('6D8703E851B24609811FE616F946F06F','a4021',600,'a4021-环境监测专用仪器仪表制造','TX');
insert into SystemCodeValue(autoSystemCodeID,strCode,strOrder,strValue,strSetCode) values('0705ADF051E742C1B650FDD5B97A0963','a4022',601,'a4022-运输设备及生产用计数仪表制造','TX');
insert into SystemCodeValue(autoSystemCodeID,strCode,strOrder,strValue,strSetCode) values('32DFEF1DFF8C4F40B24B673D54E0DF0F','a4023',602,'a4023-导航、气象及海洋专用仪器制造','TX');
insert into SystemCodeValue(autoSystemCodeID,strCode,strOrder,strValue,strSetCode) values('7712EAB8B3C148F7B446BD7F84D8929E','a4024',603,'a4024-农林牧渔专用仪器仪表制造','TX');
insert into SystemCodeValue(autoSystemCodeID,strCode,strOrder,strValue,strSetCode) values('708F4C33175D4F8BB6D2DDAB609069E8','a4025',604,'a4025-地质勘探和地震专用仪器制造','TX');
insert into SystemCodeValue(autoSystemCodeID,strCode,strOrder,strValue,strSetCode) values('5C79B1D49BBF4844A1F4EEF26B1D3EB9','a4026',605,'a4026-教学专用仪器制造','TX');
insert into SystemCodeValue(autoSystemCodeID,strCode,strOrder,strValue,strSetCode) values('FC4B26E452A24DAC996BF98ADD550733','a4027',606,'a4027-核子及核辐射测量仪器制造','TX');
insert into SystemCodeValue(autoSystemCodeID,strCode,strOrder,strValue,strSetCode) values('A91CDCD9D41343A187B8A2B0434A8506','a4028',607,'a4028-电子测量仪器制造','TX');
insert into SystemCodeValue(autoSystemCodeID,strCode,strOrder,strValue,strSetCode) values('EF6932CAC5F84FE09736BFFC15972CDF','a4029',608,'a4029-其他专用仪器制造','TX');
insert into SystemCodeValue(autoSystemCodeID,strCode,strOrder,strValue,strSetCode) values('E38E1B289EED4ABDA9C04A86A1B16969','a4030',609,'a4030-钟表与计时仪器制造','TX');
insert into SystemCodeValue(autoSystemCodeID,strCode,strOrder,strValue,strSetCode) values('2EBFF254590C4F2485726198B83058BE','a4041',610,'a4041-光学仪器制造','TX');
insert into SystemCodeValue(autoSystemCodeID,strCode,strOrder,strValue,strSetCode) values('46770B37EF384C009CE5C3F3CB960983','a4042',611,'a4042-眼镜制造','TX');
insert into SystemCodeValue(autoSystemCodeID,strCode,strOrder,strValue,strSetCode) values('9181C49ACD4143D4BC886234CD8F93F5','a4090',612,'a4090-其他仪器仪表制造业','TX');
insert into SystemCodeValue(autoSystemCodeID,strCode,strOrder,strValue,strSetCode) values('74AABB13BB64469CBDA654D1AD781A4B','a4111',613,'a4111-鬃毛加工、制刷及清扫工具制造','TX');
insert into SystemCodeValue(autoSystemCodeID,strCode,strOrder,strValue,strSetCode) values('DC7D1D2B3A4F40B7B14085D3E6C738A3','a4119',614,'a4119-其他日用杂品制造','TX');
insert into SystemCodeValue(autoSystemCodeID,strCode,strOrder,strValue,strSetCode) values('CE674034C6A949D28D858D9236B44883','a4120',615,'a4120-煤制品制造','TX');
insert into SystemCodeValue(autoSystemCodeID,strCode,strOrder,strValue,strSetCode) values('4D7931F63FFA4855B96CF8942C057AD3','a4130',616,'a4130-核辐射加工','TX');
insert into SystemCodeValue(autoSystemCodeID,strCode,strOrder,strValue,strSetCode) values('C775FA5CEEC2487E9D12466D92DACE12','a4190',617,'a4190-其他未列明制造业','TX');
insert into SystemCodeValue(autoSystemCodeID,strCode,strOrder,strValue,strSetCode) values('EACA5B6C49CC4280B4FF5920BDF084C4','a4210',618,'a4210-金属废料和碎屑加工处理','TX');
insert into SystemCodeValue(autoSystemCodeID,strCode,strOrder,strValue,strSetCode) values('0648F1925638456C98E4EF55EFB9C8EE','a4220',619,'a4220-非金属废料和碎屑加工处理','TX');
insert into SystemCodeValue(autoSystemCodeID,strCode,strOrder,strValue,strSetCode) values('CA4696797F70405F9B7A4E4CCCE57D28','a4310',620,'a4310-金属制品修理','TX');
insert into SystemCodeValue(autoSystemCodeID,strCode,strOrder,strValue,strSetCode) values('F7E07E90F9E14B10887039C27C122064','a4320',621,'a4320-通用设备修理','TX');
insert into SystemCodeValue(autoSystemCodeID,strCode,strOrder,strValue,strSetCode) values('A73E0B66EC594FB685949E60F09A0B88','a4330',622,'a4330-专用设备修理','TX');
insert into SystemCodeValue(autoSystemCodeID,strCode,strOrder,strValue,strSetCode) values('753328EAE77F4979A11A4F005B1DDEE8','a4341',623,'a4341-铁路运输设备修理','TX');
insert into SystemCodeValue(autoSystemCodeID,strCode,strOrder,strValue,strSetCode) values('C9944DF0DB8947DEB596B881BA1AD516','a4342',624,'a4342-船舶修理','TX');
insert into SystemCodeValue(autoSystemCodeID,strCode,strOrder,strValue,strSetCode) values('1E537CAAF4AD403B8045C4401755CD56','a4343',625,'a4343-航空航天器修理','TX');
insert into SystemCodeValue(autoSystemCodeID,strCode,strOrder,strValue,strSetCode) values('D8BAAF63780547519ACBD3482EF00B77','a4349',626,'a4349-其他运输设备修理','TX');
insert into SystemCodeValue(autoSystemCodeID,strCode,strOrder,strValue,strSetCode) values('993CA9E4AF7843F49B9EE7843E03464A','a4350',627,'a4350-电气设备修理','TX');
insert into SystemCodeValue(autoSystemCodeID,strCode,strOrder,strValue,strSetCode) values('37F9528B0F9F44D2AAF85194798B7942','a4360',628,'a4360-仪器仪表修理','TX');
insert into SystemCodeValue(autoSystemCodeID,strCode,strOrder,strValue,strSetCode) values('ED4BF8A958284B6DB058B5DA3C2BEF12','a4390',629,'a4390-其他机械和设备修理业','TX');
insert into SystemCodeValue(autoSystemCodeID,strCode,strOrder,strValue,strSetCode) values('A8A9A67B7F864C88895F84A7527A455D','d4411',630,'d4411-火力发电','TX');
insert into SystemCodeValue(autoSystemCodeID,strCode,strOrder,strValue,strSetCode) values('7FD86D7263C34F879D16C7A8B62875AA','d4412',631,'d4412-水力发电','TX');
insert into SystemCodeValue(autoSystemCodeID,strCode,strOrder,strValue,strSetCode) values('242E0BBCBA6947CA828B620C8DEB44FF','d4413',632,'d4413-核力发电','TX');
insert into SystemCodeValue(autoSystemCodeID,strCode,strOrder,strValue,strSetCode) values('457535CE61114AC4A6CDC4116A7DFBC1','d4414',633,'d4414-风力发电','TX');
insert into SystemCodeValue(autoSystemCodeID,strCode,strOrder,strValue,strSetCode) values('12A87067571A4A388B19D8EDB8E382F3','d4415',634,'d4415-太阳能发电','TX');
insert into SystemCodeValue(autoSystemCodeID,strCode,strOrder,strValue,strSetCode) values('6D65A12434B24ACD9DFFEDFE2EE17197','d4419',635,'d4419-其他电力生产','TX');
insert into SystemCodeValue(autoSystemCodeID,strCode,strOrder,strValue,strSetCode) values('543845EFCDE34E318A01B7C93B8BD9B1','d4420',636,'d4420-电力供应','TX');
insert into SystemCodeValue(autoSystemCodeID,strCode,strOrder,strValue,strSetCode) values('CFECC0C2A1C043CB81C736B4F4DA3FDA','d4430',637,'d4430-热力生产和供应','TX');
insert into SystemCodeValue(autoSystemCodeID,strCode,strOrder,strValue,strSetCode) values('AEB53ABA328C43A69B85602692393E7A','d4500',638,'d4500-燃气生产和供应业','TX');
insert into SystemCodeValue(autoSystemCodeID,strCode,strOrder,strValue,strSetCode) values('8CBDAD21A9F64A56A403EFA2BE1794AE','d4610',639,'d4610-自来水生产和供应','TX');
insert into SystemCodeValue(autoSystemCodeID,strCode,strOrder,strValue,strSetCode) values('813F6F70F9F94684A2BE566B4F50938B','d4620',640,'d4620-污水处理及其再生利用','TX');
insert into SystemCodeValue(autoSystemCodeID,strCode,strOrder,strValue,strSetCode) values('55C8A3C03F614EC086E9AD3C5E27EE4D','d4690',641,'d4690-其他水的处理、利用与分配','TX');
insert into SystemCodeValue(autoSystemCodeID,strCode,strOrder,strValue,strSetCode) values('1A556380CDF447A6A80FF0A2C0541BF4','e4700',642,'e4700-房屋建筑业','TX');
insert into SystemCodeValue(autoSystemCodeID,strCode,strOrder,strValue,strSetCode) values('ADBA27EA572B45D08739BD4F503783C6','e4811',643,'e4811-铁路工程建筑','TX');
insert into SystemCodeValue(autoSystemCodeID,strCode,strOrder,strValue,strSetCode) values('4930E888E3E24C31ADEFC487AFD1F6BF','e4812',644,'e4812-公路工程建筑','TX');
insert into SystemCodeValue(autoSystemCodeID,strCode,strOrder,strValue,strSetCode) values('5718FD967A55489A93727B3A54469CBB','e4813',645,'e4813-市政道路工程建筑','TX');
insert into SystemCodeValue(autoSystemCodeID,strCode,strOrder,strValue,strSetCode) values('62EA9CA5B51B4FC5BBCB97DD5ADCDAA8','e4819',646,'e4819-其他道路、隧道和桥梁工程建筑','TX');
insert into SystemCodeValue(autoSystemCodeID,strCode,strOrder,strValue,strSetCode) values('BD23662084BC410AB05CEBBA7ADA5255','e4821',647,'e4821-水源及供水设施工程建筑','TX');
insert into SystemCodeValue(autoSystemCodeID,strCode,strOrder,strValue,strSetCode) values('D115D239CEF14442BB3610FD4AC298BB','e4822',648,'e4822-河湖治理及防洪设施工程建筑','TX');
insert into SystemCodeValue(autoSystemCodeID,strCode,strOrder,strValue,strSetCode) values('4E2C28D82530409B9581FA1B3A870065','e4823',649,'e4823-港口及航运设施工程建筑','TX');
insert into SystemCodeValue(autoSystemCodeID,strCode,strOrder,strValue,strSetCode) values('580FC4E655F94765821ECDB7B5D53667','e4830',650,'e4830-海洋工程建筑','TX');
insert into SystemCodeValue(autoSystemCodeID,strCode,strOrder,strValue,strSetCode) values('DBADE240E988402E88FC2B19FCF0E828','e4840',651,'e4840-工矿工程建筑','TX');
insert into SystemCodeValue(autoSystemCodeID,strCode,strOrder,strValue,strSetCode) values('EACE5D82020841509E33CCC831C7337D','e4851',652,'e4851-架线及设备工程建筑','TX');
insert into SystemCodeValue(autoSystemCodeID,strCode,strOrder,strValue,strSetCode) values('2CC6A57359A241AF8F39C800BD790DB2','e4852',653,'e4852-管道工程建筑','TX');
insert into SystemCodeValue(autoSystemCodeID,strCode,strOrder,strValue,strSetCode) values('3E75DD8984F748BAACF9D3187EBE490A','e4890',654,'e4890-其他土木工程建筑','TX');
insert into SystemCodeValue(autoSystemCodeID,strCode,strOrder,strValue,strSetCode) values('6626D5BD985A43A684D2171926752925','e4910',655,'e4910-电气安装','TX');
insert into SystemCodeValue(autoSystemCodeID,strCode,strOrder,strValue,strSetCode) values('3F715600C3BE43F799005CDEF8322AEE','e4920',656,'e4920-管道和设备安装','TX');
insert into SystemCodeValue(autoSystemCodeID,strCode,strOrder,strValue,strSetCode) values('CECD758EAADD4EEFA23C4C5F856BC27F','e4990',657,'e4990-其他建筑安装业','TX');
insert into SystemCodeValue(autoSystemCodeID,strCode,strOrder,strValue,strSetCode) values('40E5EAE79B204D6190F7709A45CD2BA3','e5010',658,'e5010-建筑装饰业','TX');
insert into SystemCodeValue(autoSystemCodeID,strCode,strOrder,strValue,strSetCode) values('7B86EA2F1FC54B2AA7928BD6AD2095C3','e5021',659,'e5021-建筑物拆除活动','TX');
insert into SystemCodeValue(autoSystemCodeID,strCode,strOrder,strValue,strSetCode) values('5D08926A93AE42D7B3F5C0E9CAA74072','e5029',660,'e5029-其他工程准备活动','TX');
insert into SystemCodeValue(autoSystemCodeID,strCode,strOrder,strValue,strSetCode) values('511D924D5BAA45FDB6B5503E150E8440','e5030',661,'e5030-提供施工设备服务','TX');
insert into SystemCodeValue(autoSystemCodeID,strCode,strOrder,strValue,strSetCode) values('65397C2B208F4A7AB5D756887D1EB3E8','e5090',662,'e5090-其他未列明建筑业','TX');
insert into SystemCodeValue(autoSystemCodeID,strCode,strOrder,strValue,strSetCode) values('C15C42537E1C48979A72E5EAF81BBC48','f5111',663,'f5111-谷物、豆及薯类批发','TX');
insert into SystemCodeValue(autoSystemCodeID,strCode,strOrder,strValue,strSetCode) values('19DB9394BEF74D77BEEB6FFDB34C7635','f5112',664,'f5112-种子批发','TX');
insert into SystemCodeValue(autoSystemCodeID,strCode,strOrder,strValue,strSetCode) values('5156ACA2ADCF44EFA5A0787F17E37034','f5113',665,'f5113-饲料批发','TX');
insert into SystemCodeValue(autoSystemCodeID,strCode,strOrder,strValue,strSetCode) values('F83AC340247A4909A64F6071A86ACAAF','f5114',666,'f5114-棉、麻批发','TX');
insert into SystemCodeValue(autoSystemCodeID,strCode,strOrder,strValue,strSetCode) values('BF72E06CC3184BA9A70E57276B1C6C36','f5115',667,'f5115-林业产品批发','TX');
insert into SystemCodeValue(autoSystemCodeID,strCode,strOrder,strValue,strSetCode) values('2ACF1751CAFA4F94B40EB18056F5C76E','f5116',668,'f5116-牲畜批发','TX');
insert into SystemCodeValue(autoSystemCodeID,strCode,strOrder,strValue,strSetCode) values('AC45AB714585456F92D9C2DCC7633371','f5119',669,'f5119-其他农牧产品批发','TX');
insert into SystemCodeValue(autoSystemCodeID,strCode,strOrder,strValue,strSetCode) values('0445B96B69B443BCA42F2DE28D15E518','f5121',670,'f5121-米、面制品及食用油批发','TX');
insert into SystemCodeValue(autoSystemCodeID,strCode,strOrder,strValue,strSetCode) values('4C1AF01E5610481F85EC47D7C6D9E66D','f5122',671,'f5122-糕点、糖果及糖批发','TX');
insert into SystemCodeValue(autoSystemCodeID,strCode,strOrder,strValue,strSetCode) values('31A24305FE0749BAB95CEC0186E0A842','f5123',672,'f5123-果品、蔬菜批发','TX');
insert into SystemCodeValue(autoSystemCodeID,strCode,strOrder,strValue,strSetCode) values('AA98C4C1ADBD4F5C88F2E31D883021C0','f5124',673,'f5124-肉、禽、蛋、奶及水产品批发','TX');
insert into SystemCodeValue(autoSystemCodeID,strCode,strOrder,strValue,strSetCode) values('6E53A0CC0EA842C2B47B2CBBEE3B887F','f5125',674,'f5125-盐及调味品批发','TX');
insert into SystemCodeValue(autoSystemCodeID,strCode,strOrder,strValue,strSetCode) values('A9AF247C52B34D0799FD8ABA4567C05D','f5126',675,'f5126-营养和保健品批发','TX');
insert into SystemCodeValue(autoSystemCodeID,strCode,strOrder,strValue,strSetCode) values('14265E57B5E64AA692D5CB22D5CD3052','f5127',676,'f5127-酒、饮料及茶叶批发','TX');
insert into SystemCodeValue(autoSystemCodeID,strCode,strOrder,strValue,strSetCode) values('6136A1B68ECD47E08F974986D8065EC5','f5128',677,'f5128-烟草制品批发','TX');
insert into SystemCodeValue(autoSystemCodeID,strCode,strOrder,strValue,strSetCode) values('77408093DEFE43F09BEEC5F34A74D21F','f5129',678,'f5129-其他食品批发','TX');
insert into SystemCodeValue(autoSystemCodeID,strCode,strOrder,strValue,strSetCode) values('17288CF9F9404A6AB23FE51533CA086B','f5131',679,'f5131-纺织品、针织品及原料批发','TX');
insert into SystemCodeValue(autoSystemCodeID,strCode,strOrder,strValue,strSetCode) values('878CE5B4535C4550A0295B8F59B2F784','f5132',680,'f5132-服装批发','TX');
insert into SystemCodeValue(autoSystemCodeID,strCode,strOrder,strValue,strSetCode) values('9E48C20EDFFC4CDE8A7C117C09EED77D','f5133',681,'f5133-鞋帽批发','TX');
insert into SystemCodeValue(autoSystemCodeID,strCode,strOrder,strValue,strSetCode) values('2B7137E9D06C46D7BC4E34D96009734D','f5134',682,'f5134-化妆品及卫生用品批发','TX');
insert into SystemCodeValue(autoSystemCodeID,strCode,strOrder,strValue,strSetCode) values('1603005BFBF0497D982B39DD8571F938','f5135',683,'f5135-厨房、卫生间用具及日用杂货批发','TX');
insert into SystemCodeValue(autoSystemCodeID,strCode,strOrder,strValue,strSetCode) values('987B22D9D8904D26ABBA0CFFF9CCA1DE','f5136',684,'f5136-灯具、装饰物品批发','TX');
insert into SystemCodeValue(autoSystemCodeID,strCode,strOrder,strValue,strSetCode) values('85C4BA2DC4C746F7A86DAFB3B73AB7C5','f5137',685,'f5137-家用电器批发','TX');
insert into SystemCodeValue(autoSystemCodeID,strCode,strOrder,strValue,strSetCode) values('C236677347494251B32249E8EF5CB0F1','f5139',686,'f5139-其他家庭用品批发','TX');
insert into SystemCodeValue(autoSystemCodeID,strCode,strOrder,strValue,strSetCode) values('CB928C4E2E4B4A09A04CC77C11A24DB8','f5141',687,'f5141-文具用品批发','TX');
insert into SystemCodeValue(autoSystemCodeID,strCode,strOrder,strValue,strSetCode) values('E815F62793354AC0843CDCE3AEF96C7E','f5142',688,'f5142-体育用品及器材批发','TX');
insert into SystemCodeValue(autoSystemCodeID,strCode,strOrder,strValue,strSetCode) values('6612EBC1E4174C1D86EB80D13E517CAE','f5143',689,'f5143-图书批发','TX');
insert into SystemCodeValue(autoSystemCodeID,strCode,strOrder,strValue,strSetCode) values('D5E99A69D20A4538BA9BFC69893C7ACB','f5144',690,'f5144-报刊批发','TX');
insert into SystemCodeValue(autoSystemCodeID,strCode,strOrder,strValue,strSetCode) values('5A5F6391C7E348CBB27E6D99D6EB300A','f5145',691,'f5145-音像制品及电子出版物批发','TX');
insert into SystemCodeValue(autoSystemCodeID,strCode,strOrder,strValue,strSetCode) values('8FD1E704B0114D90AF697750AE7E3E29','f5146',692,'f5146-首饰、工艺品及收藏品批发','TX');
insert into SystemCodeValue(autoSystemCodeID,strCode,strOrder,strValue,strSetCode) values('7853259DF67747C9876014497288C0BC','f5149',693,'f5149-其他文化用品批发','TX');
insert into SystemCodeValue(autoSystemCodeID,strCode,strOrder,strValue,strSetCode) values('8188C555622C498681468BAA7F519F35','f5151',694,'f5151-西药批发','TX');
insert into SystemCodeValue(autoSystemCodeID,strCode,strOrder,strValue,strSetCode) values('8CAD4ABDD2C04271BE95B378B9508D47','f5152',695,'f5152-中药批发','TX');
insert into SystemCodeValue(autoSystemCodeID,strCode,strOrder,strValue,strSetCode) values('60244C5A511244D7B4C83CCD1DFBF84B','f5153',696,'f5153-医疗用品及器材批发','TX');
insert into SystemCodeValue(autoSystemCodeID,strCode,strOrder,strValue,strSetCode) values('E1A6E6B5C8244314A767894CAC0EEC38','f5161',697,'f5161-煤炭及制品批发','TX');
insert into SystemCodeValue(autoSystemCodeID,strCode,strOrder,strValue,strSetCode) values('9C21F4CA7EEF48A6BB5EB0B83AFDFE3E','f5162',698,'f5162-石油及制品批发','TX');
insert into SystemCodeValue(autoSystemCodeID,strCode,strOrder,strValue,strSetCode) values('79FEBA3F8A574038944659D86C6F769B','f5163',699,'f5163-非金属矿及制品批发','TX');
insert into SystemCodeValue(autoSystemCodeID,strCode,strOrder,strValue,strSetCode) values('7B049074702B42B7BEA5EEE16FF91B27','f5164',700,'f5164-金属及金属矿批发','TX');
insert into SystemCodeValue(autoSystemCodeID,strCode,strOrder,strValue,strSetCode) values('3C98FF8BB4F1476B83A8E21BB0EB4779','f5165',701,'f5165-建材批发','TX');
insert into SystemCodeValue(autoSystemCodeID,strCode,strOrder,strValue,strSetCode) values('7D5AE4CB470447D8B758030377F282CA','f5166',702,'f5166-化肥批发','TX');
insert into SystemCodeValue(autoSystemCodeID,strCode,strOrder,strValue,strSetCode) values('15A5F662232043E2A756C2FFABD82D95','f5167',703,'f5167-农药批发','TX');
insert into SystemCodeValue(autoSystemCodeID,strCode,strOrder,strValue,strSetCode) values('2C63842CB455430E9428D011AF5890B6','f5168',704,'f5168-农用薄膜批发','TX');
insert into SystemCodeValue(autoSystemCodeID,strCode,strOrder,strValue,strSetCode) values('5931B7AB42854C91A5A3BEA71A65386A','f5169',705,'f5169-其他化工产品批发','TX');
insert into SystemCodeValue(autoSystemCodeID,strCode,strOrder,strValue,strSetCode) values('EF92662F3B5E45B685B78680EAE31879','f5171',706,'f5171-农业机械批发','TX');
insert into SystemCodeValue(autoSystemCodeID,strCode,strOrder,strValue,strSetCode) values('6E825F5637334DADBAC948E3480604F8','f5172',707,'f5172-汽车批发','TX');
insert into SystemCodeValue(autoSystemCodeID,strCode,strOrder,strValue,strSetCode) values('1FED4B156AC842E0AB7F19A6E3ECFB09','f5173',708,'f5173-汽车零配件批发','TX');
insert into SystemCodeValue(autoSystemCodeID,strCode,strOrder,strValue,strSetCode) values('B8B19351188B42638C584C1B40A88686','f5174',709,'f5174-摩托车及零配件批发','TX');
insert into SystemCodeValue(autoSystemCodeID,strCode,strOrder,strValue,strSetCode) values('B10964CAB2C6476DAD6019FF4536F4F1','f5175',710,'f5175-五金产品批发','TX');
insert into SystemCodeValue(autoSystemCodeID,strCode,strOrder,strValue,strSetCode) values('751CF195D5B6437FBDF964476BCD0144','f5176',711,'f5176-电气设备批发','TX');
insert into SystemCodeValue(autoSystemCodeID,strCode,strOrder,strValue,strSetCode) values('11692824E412415B863308FF27AB1F8B','f5177',712,'f5177-计算机、软件及辅助设备批发','TX');
insert into SystemCodeValue(autoSystemCodeID,strCode,strOrder,strValue,strSetCode) values('0728B5D594BC4AAAAF5F73EDD434B605','f5178',713,'f5178-通讯及广播电视设备批发','TX');
insert into SystemCodeValue(autoSystemCodeID,strCode,strOrder,strValue,strSetCode) values('E326FA550B634BC095040CA04E424C9D','f5179',714,'f5179-其他机械设备及电子产品批发','TX');
insert into SystemCodeValue(autoSystemCodeID,strCode,strOrder,strValue,strSetCode) values('803C665DC7D34B768141CD1BFE762696','f5181',715,'f5181-贸易代理','TX');
insert into SystemCodeValue(autoSystemCodeID,strCode,strOrder,strValue,strSetCode) values('5E80C2F02D2C4B8E886CE3F0598932BB','f5182',716,'f5182-拍卖','TX');
insert into SystemCodeValue(autoSystemCodeID,strCode,strOrder,strValue,strSetCode) values('D4A85DC1F65C4245BC6DFAF584A0D606','f5189',717,'f5189-其他贸易经纪与代理','TX');
insert into SystemCodeValue(autoSystemCodeID,strCode,strOrder,strValue,strSetCode) values('158DE6BF649D41BBA555BA334DDBB57A','f5191',718,'f5191-再生物资回收与批发','TX');
insert into SystemCodeValue(autoSystemCodeID,strCode,strOrder,strValue,strSetCode) values('FCAFEBBD08FE4458AA20532ED72B661D','f5199',719,'f5199-其他未列明批发业','TX');
insert into SystemCodeValue(autoSystemCodeID,strCode,strOrder,strValue,strSetCode) values('93EA5D82D4F442BAABC1B1D17CF76DDA','f5211',720,'f5211-百货零售','TX');
insert into SystemCodeValue(autoSystemCodeID,strCode,strOrder,strValue,strSetCode) values('8AA8ADCF3CF14F238310E2EF328F296F','f5212',721,'f5212-超级市场零售','TX');
insert into SystemCodeValue(autoSystemCodeID,strCode,strOrder,strValue,strSetCode) values('465294A51A3D4A39B4BBAB7354DE05D4','f5219',722,'f5219-其他综合零售','TX');
insert into SystemCodeValue(autoSystemCodeID,strCode,strOrder,strValue,strSetCode) values('DAFFACBB22444F77B28898F19D9B677C','f5221',723,'f5221-粮油零售','TX');
insert into SystemCodeValue(autoSystemCodeID,strCode,strOrder,strValue,strSetCode) values('A76ACEDDB001405F989AD22827FD2DB5','f5222',724,'f5222-糕点、面包零售','TX');
insert into SystemCodeValue(autoSystemCodeID,strCode,strOrder,strValue,strSetCode) values('40A260412CBC42F7AB7FC216ACA0159D','f5223',725,'f5223-果品、蔬菜零售','TX');
insert into SystemCodeValue(autoSystemCodeID,strCode,strOrder,strValue,strSetCode) values('0453CDC0745C4B8AA7BAE0618F86F41A','f5224',726,'f5224-肉、禽、蛋、奶及水产品零售','TX');
insert into SystemCodeValue(autoSystemCodeID,strCode,strOrder,strValue,strSetCode) values('C1A1802736BD450490B530D5CF598EAD','f5225',727,'f5225-营养和保健品零售','TX');
insert into SystemCodeValue(autoSystemCodeID,strCode,strOrder,strValue,strSetCode) values('6A81426989FA4E4D95DC99F6D63D908B','f5226',728,'f5226-酒、饮料及茶叶零售','TX');
insert into SystemCodeValue(autoSystemCodeID,strCode,strOrder,strValue,strSetCode) values('66513166FD1F41818D4890FFF9BE3246','f5227',729,'f5227-烟草制品零售','TX');
insert into SystemCodeValue(autoSystemCodeID,strCode,strOrder,strValue,strSetCode) values('15467B2765834FAEBD58680EA2A9605C','f5229',730,'f5229-其他食品零售','TX');
insert into SystemCodeValue(autoSystemCodeID,strCode,strOrder,strValue,strSetCode) values('F34AFF14F7CF44B9BC55A7C9986E7681','f5231',731,'f5231-纺织品及针织品零售','TX');
insert into SystemCodeValue(autoSystemCodeID,strCode,strOrder,strValue,strSetCode) values('A04732553752425D9DA3F67B4415370B','f5232',732,'f5232-服装零售','TX');
insert into SystemCodeValue(autoSystemCodeID,strCode,strOrder,strValue,strSetCode) values('785029ED85514634A3C20F8574E66FF1','f5233',733,'f5233-鞋帽零售','TX');
insert into SystemCodeValue(autoSystemCodeID,strCode,strOrder,strValue,strSetCode) values('87AA69C9C6124C158423F298848C7BCF','f5234',734,'f5234-化妆品及卫生用品零售','TX');
insert into SystemCodeValue(autoSystemCodeID,strCode,strOrder,strValue,strSetCode) values('6EF3846178234417B1D9A6EE5B14FAB2','f5235',735,'f5235-钟表、眼镜零售','TX');
insert into SystemCodeValue(autoSystemCodeID,strCode,strOrder,strValue,strSetCode) values('42F76CA864E644C5A8A0E6619B019DED','f5236',736,'f5236-箱、包零售','TX');
insert into SystemCodeValue(autoSystemCodeID,strCode,strOrder,strValue,strSetCode) values('622B6EAE33C24DA0892FAA4C0A8E5AB2','f5237',737,'f5237-厨房用具及日用杂品零售','TX');
insert into SystemCodeValue(autoSystemCodeID,strCode,strOrder,strValue,strSetCode) values('5BBCA059CFC4465F87B8F0E0FB043E91','f5238',738,'f5238-自行车零售','TX');
insert into SystemCodeValue(autoSystemCodeID,strCode,strOrder,strValue,strSetCode) values('4FB12315ACB3413486E8E674B024946C','f5239',739,'f5239-其他日用品零售','TX');
insert into SystemCodeValue(autoSystemCodeID,strCode,strOrder,strValue,strSetCode) values('9E9DCE8EC80444A2B2D530823CE25572','f5241',740,'f5241-文具用品零售','TX');
insert into SystemCodeValue(autoSystemCodeID,strCode,strOrder,strValue,strSetCode) values('01740CEB6E4247919CD96FA9531D3F04','f5242',741,'f5242-体育用品及器材零售','TX');
insert into SystemCodeValue(autoSystemCodeID,strCode,strOrder,strValue,strSetCode) values('BB434DD89B5C4828BCDD20328769F5A4','f5243',742,'f5243-图书、报刊零售','TX');
insert into SystemCodeValue(autoSystemCodeID,strCode,strOrder,strValue,strSetCode) values('4740863926E44032935749D49CDCAF68','f5244',743,'f5244-音像制品及电子出版物零售','TX');
insert into SystemCodeValue(autoSystemCodeID,strCode,strOrder,strValue,strSetCode) values('E1E728EC1CC34403B88C0CFC0CB98064','f5245',744,'f5245-珠宝首饰零售','TX');
insert into SystemCodeValue(autoSystemCodeID,strCode,strOrder,strValue,strSetCode) values('9686E3C20F0B4A6CB73D30BA2308F75C','f5246',745,'f5246-工艺美术品及收藏品零售','TX');
insert into SystemCodeValue(autoSystemCodeID,strCode,strOrder,strValue,strSetCode) values('3D72125F7F41408694D10ACEAA32D2CB','f5247',746,'f5247-乐器零售','TX');
insert into SystemCodeValue(autoSystemCodeID,strCode,strOrder,strValue,strSetCode) values('C539A06995924E7F8BA92347D00C5CF3','f5248',747,'f5248-照相器材零售','TX');
insert into SystemCodeValue(autoSystemCodeID,strCode,strOrder,strValue,strSetCode) values('D57236C64A184C899171152B0D9D728C','f5249',748,'f5249-其他文化用品零售','TX');
insert into SystemCodeValue(autoSystemCodeID,strCode,strOrder,strValue,strSetCode) values('F760649F8023410F8655EF402C79D7B4','f5251',749,'f5251-药品零售','TX');
insert into SystemCodeValue(autoSystemCodeID,strCode,strOrder,strValue,strSetCode) values('80C106DF1A0B4B7BBFFB03EDF9E1B7C2','f5252',750,'f5252-医疗用品及器材零售','TX');
insert into SystemCodeValue(autoSystemCodeID,strCode,strOrder,strValue,strSetCode) values('521F6DD3DA214E7A96CF91CC8ADFC3D0','f5261',751,'f5261-汽车零售','TX');
insert into SystemCodeValue(autoSystemCodeID,strCode,strOrder,strValue,strSetCode) values('CFA1C078035B493E966E636A907EA2D4','f5262',752,'f5262-汽车零配件零售','TX');
insert into SystemCodeValue(autoSystemCodeID,strCode,strOrder,strValue,strSetCode) values('EE92122EE57046E9A92E6A370D4D3898','f5263',753,'f5263-摩托车及零配件零售','TX');
insert into SystemCodeValue(autoSystemCodeID,strCode,strOrder,strValue,strSetCode) values('17CE48E9BBFB4599B2FC24B133C5FB14','f5264',754,'f5264-机动车燃料零售','TX');
insert into SystemCodeValue(autoSystemCodeID,strCode,strOrder,strValue,strSetCode) values('E7A4484C7314468ABD8D33D4B5D08B57','f5271',755,'f5271-家用视听设备零售','TX');
insert into SystemCodeValue(autoSystemCodeID,strCode,strOrder,strValue,strSetCode) values('A02EDBAF8DAC4DD09DC6F729E7A600A5','f5272',756,'f5272-日用家电设备零售','TX');
insert into SystemCodeValue(autoSystemCodeID,strCode,strOrder,strValue,strSetCode) values('AC61ED62BEDE4A6B8A76FFE2C6109B88','f5273',757,'f5273-计算机、软件及辅助设备零售','TX');
insert into SystemCodeValue(autoSystemCodeID,strCode,strOrder,strValue,strSetCode) values('19498696EB5348F98457AAB67053237F','f5274',758,'f5274-通信设备零售','TX');
insert into SystemCodeValue(autoSystemCodeID,strCode,strOrder,strValue,strSetCode) values('E86614B584384F6C9F6069B49CAEB54F','f5279',759,'f5279-其他电子产品零售','TX');
insert into SystemCodeValue(autoSystemCodeID,strCode,strOrder,strValue,strSetCode) values('5A1573B00B6746F28A047953D04DDB47','f5281',760,'f5281-五金零售','TX');
insert into SystemCodeValue(autoSystemCodeID,strCode,strOrder,strValue,strSetCode) values('69B353B97DDF45C4B4711D76A80F0B4B','f5282',761,'f5282-灯具零售','TX');
insert into SystemCodeValue(autoSystemCodeID,strCode,strOrder,strValue,strSetCode) values('259C0B273A7B4661B9EEC169CAF793A3','f5283',762,'f5283-家具零售','TX');
insert into SystemCodeValue(autoSystemCodeID,strCode,strOrder,strValue,strSetCode) values('1ED90FE57E284F24BA346E804DF3CE0B','f5284',763,'f5284-涂料零售','TX');
insert into SystemCodeValue(autoSystemCodeID,strCode,strOrder,strValue,strSetCode) values('71411B941609419C86A221B371659BA4','f5285',764,'f5285-卫生洁具零售','TX');
insert into SystemCodeValue(autoSystemCodeID,strCode,strOrder,strValue,strSetCode) values('265FD059188744C98E7FCFAFCBD9747D','f5286',765,'f5286-木质装饰材料零售','TX');
insert into SystemCodeValue(autoSystemCodeID,strCode,strOrder,strValue,strSetCode) values('09B91ECCD14A410CAF6766C4C25157A6','f5287',766,'f5287-陶瓷、石材装饰材料零售','TX');
insert into SystemCodeValue(autoSystemCodeID,strCode,strOrder,strValue,strSetCode) values('97D76D8814FB40528EF9F49EB5110F76','f5289',767,'f5289-其他室内装饰材料零售','TX');
insert into SystemCodeValue(autoSystemCodeID,strCode,strOrder,strValue,strSetCode) values('DFBCE5464B234785B53911408952A4C5','f5291',768,'f5291-货摊食品零售','TX');
insert into SystemCodeValue(autoSystemCodeID,strCode,strOrder,strValue,strSetCode) values('ED3FDF92F4D94070AA84A3A1A17653B6','f5292',769,'f5292-货摊纺织、服装及鞋零售','TX');
insert into SystemCodeValue(autoSystemCodeID,strCode,strOrder,strValue,strSetCode) values('D5C76A52C5CE4E8AA458C55D84738527','f5293',770,'f5293-货摊日用品零售','TX');
insert into SystemCodeValue(autoSystemCodeID,strCode,strOrder,strValue,strSetCode) values('18DA94D77B4948E6B653A0264B5AF356','f5294',771,'f5294-互联网零售','TX');
insert into SystemCodeValue(autoSystemCodeID,strCode,strOrder,strValue,strSetCode) values('46676B3A5E0948CAB6940CA9D449BD08','f5295',772,'f5295-邮购及电视、电话零售','TX');
insert into SystemCodeValue(autoSystemCodeID,strCode,strOrder,strValue,strSetCode) values('A068660432EC480AB7D8FCF5A9CD8868','f5296',773,'f5296-旧货零售','TX');
insert into SystemCodeValue(autoSystemCodeID,strCode,strOrder,strValue,strSetCode) values('3FACA6C0AA0B440DBFA12ED8C7F83A8D','f5297',774,'f5297-生活用燃料零售','TX');
insert into SystemCodeValue(autoSystemCodeID,strCode,strOrder,strValue,strSetCode) values('008DD187EE514F6CAE8EAA63C435EBFC','f5299',775,'f5299-其他未列明零售业','TX');
insert into SystemCodeValue(autoSystemCodeID,strCode,strOrder,strValue,strSetCode) values('18DC6D5C9E7848FBBA25A3B44485C0B7','g5310',776,'g5310-铁路旅客运输','TX');
insert into SystemCodeValue(autoSystemCodeID,strCode,strOrder,strValue,strSetCode) values('5834DA8A52254438BC12544B837AFBB0','g5320',777,'g5320-铁路货物运输','TX');
insert into SystemCodeValue(autoSystemCodeID,strCode,strOrder,strValue,strSetCode) values('D5F0C8EAC55248E4A15D00DB4CC44E3E','g5331',778,'g5331-客运火车站','TX');
insert into SystemCodeValue(autoSystemCodeID,strCode,strOrder,strValue,strSetCode) values('E5FD26886DD24DBF8E1E5EA55E1CBFBC','g5332',779,'g5332-货运火车站','TX');
insert into SystemCodeValue(autoSystemCodeID,strCode,strOrder,strValue,strSetCode) values('EEEEA525439C46688A5AC072B33D06B1','g5339',780,'g5339-其他铁路运输辅助活动','TX');
insert into SystemCodeValue(autoSystemCodeID,strCode,strOrder,strValue,strSetCode) values('C1934190359A4BCEA2111BF32F4A6CE8','g5411',781,'g5411-公共电汽车客运','TX');
insert into SystemCodeValue(autoSystemCodeID,strCode,strOrder,strValue,strSetCode) values('D38CA35185214A7CBAC09D9C8524A77D','g5412',782,'g5412-城市轨道交通','TX');
insert into SystemCodeValue(autoSystemCodeID,strCode,strOrder,strValue,strSetCode) values('2EE420DBEF12495D970F1D3660FAF6AE','g5413',783,'g5413-出租车客运','TX');
insert into SystemCodeValue(autoSystemCodeID,strCode,strOrder,strValue,strSetCode) values('EAA4A2D841CB4D8CA977FB71EB4C511A','g5419',784,'g5419-其他城市公共交通运输','TX');
insert into SystemCodeValue(autoSystemCodeID,strCode,strOrder,strValue,strSetCode) values('DD8FCB4373D84BF8AA0D303BD91BB075','g5420',785,'g5420-公路旅客运输','TX');
insert into SystemCodeValue(autoSystemCodeID,strCode,strOrder,strValue,strSetCode) values('76CD35821E2F4016A6E55EA325CEC8D7','g5430',786,'g5430-道路货物运输','TX');
insert into SystemCodeValue(autoSystemCodeID,strCode,strOrder,strValue,strSetCode) values('9A9635D3FA354B458E5BC59AF7F7B361','g5441',787,'g5441-客运汽车站','TX');
insert into SystemCodeValue(autoSystemCodeID,strCode,strOrder,strValue,strSetCode) values('EF43332375A945EC97AA15D2885FD7FD','g5442',788,'g5442-公路管理与养护','TX');
insert into SystemCodeValue(autoSystemCodeID,strCode,strOrder,strValue,strSetCode) values('CCC2D1A03BF4481AB381CFD7433908D8','g5449',789,'g5449-其他道路运输辅助活动','TX');
insert into SystemCodeValue(autoSystemCodeID,strCode,strOrder,strValue,strSetCode) values('649397AF040F4067B8231B3446D8767C','g5511',790,'g5511-海洋旅客运输','TX');
insert into SystemCodeValue(autoSystemCodeID,strCode,strOrder,strValue,strSetCode) values('ADAD0CD8EBC74EBEA722D8CECCFAC5B6','g5512',791,'g5512-内河旅客运输','TX');
insert into SystemCodeValue(autoSystemCodeID,strCode,strOrder,strValue,strSetCode) values('E09F926B2D144B6C97B84978779911AA','g5513',792,'g5513-客运轮渡运输','TX');
insert into SystemCodeValue(autoSystemCodeID,strCode,strOrder,strValue,strSetCode) values('B09D1932E2C84DD1A12CA5F4DF8E313A','g5521',793,'g5521-远洋货物运输','TX');
insert into SystemCodeValue(autoSystemCodeID,strCode,strOrder,strValue,strSetCode) values('5F5C0CCC18B34C5FB3D31B576CB0E251','g5522',794,'g5522-沿海货物运输','TX');
insert into SystemCodeValue(autoSystemCodeID,strCode,strOrder,strValue,strSetCode) values('A6FEE19BCD6D422196E188A1DCA78D1F','g5523',795,'g5523-内河货物运输','TX');
insert into SystemCodeValue(autoSystemCodeID,strCode,strOrder,strValue,strSetCode) values('021E7ECB77644CBCBC56845C029EB411','g5531',796,'g5531-客运港口','TX');
insert into SystemCodeValue(autoSystemCodeID,strCode,strOrder,strValue,strSetCode) values('EBE2796D33AF476C9FA084372A92BF04','g5532',797,'g5532-货运港口','TX');
insert into SystemCodeValue(autoSystemCodeID,strCode,strOrder,strValue,strSetCode) values('3182A32F352F4ACFA9C4DA7516BFA90C','g5539',798,'g5539-其他水上运输辅助活动','TX');
insert into SystemCodeValue(autoSystemCodeID,strCode,strOrder,strValue,strSetCode) values('6BD3CA8D132E44AB8CE09DA0EFD901C8','g5611',799,'g5611-航空旅客运输','TX');
insert into SystemCodeValue(autoSystemCodeID,strCode,strOrder,strValue,strSetCode) values('03B95E1DF199489596118811EBC66641','g5612',800,'g5612-航空货物运输','TX');
insert into SystemCodeValue(autoSystemCodeID,strCode,strOrder,strValue,strSetCode) values('B9B6A3B45B5846ACB6C971E8331F8213','g5620',801,'g5620-通用航空服务','TX');
insert into SystemCodeValue(autoSystemCodeID,strCode,strOrder,strValue,strSetCode) values('5422A9E4568049A3BCB8FB6C37053A3B','g5631',802,'g5631-机场','TX');
insert into SystemCodeValue(autoSystemCodeID,strCode,strOrder,strValue,strSetCode) values('C1FDAB1A97E1441A86B652631F3EAFAB','g5632',803,'g5632-空中交通管理','TX');
insert into SystemCodeValue(autoSystemCodeID,strCode,strOrder,strValue,strSetCode) values('9AE0845513A544ABA237FDA5A2888FD9','g5639',804,'g5639-其他航空运输辅助活动','TX');
insert into SystemCodeValue(autoSystemCodeID,strCode,strOrder,strValue,strSetCode) values('2B5CA0C2BDC04BA19D8FC2889C4CDD6A','g5700',805,'g5700-管道运输业','TX');
insert into SystemCodeValue(autoSystemCodeID,strCode,strOrder,strValue,strSetCode) values('6CB5A0FB64EA4BBBADB667A37892FFA1','g5810',806,'g5810-装卸搬运','TX');
insert into SystemCodeValue(autoSystemCodeID,strCode,strOrder,strValue,strSetCode) values('AECC0F2FA51841F38BB5A616198C09E3','g5821',807,'g5821-货物运输代理','TX');
insert into SystemCodeValue(autoSystemCodeID,strCode,strOrder,strValue,strSetCode) values('C1D4C0CC19E44E27A8DE5F1AF66C6176','g5822',808,'g5822-旅客票务代理','TX');
insert into SystemCodeValue(autoSystemCodeID,strCode,strOrder,strValue,strSetCode) values('F422D7F9853247F7AA4FF2C266A8A091','g5829',809,'g5829-其他运输代理业','TX');
insert into SystemCodeValue(autoSystemCodeID,strCode,strOrder,strValue,strSetCode) values('EF22CE8EA03E4DEF87E99770A34DF4D1','g5911',810,'g5911-谷物仓储','TX');
insert into SystemCodeValue(autoSystemCodeID,strCode,strOrder,strValue,strSetCode) values('E10641FA483A4470ADD79E889EE88930','g5912',811,'g5912-棉花仓储','TX');
insert into SystemCodeValue(autoSystemCodeID,strCode,strOrder,strValue,strSetCode) values('FDDAA4069F83407B85B75DEB18DF70E6','g5919',812,'g5919-其他农产品仓储','TX');
insert into SystemCodeValue(autoSystemCodeID,strCode,strOrder,strValue,strSetCode) values('4E1D8B83C4034CA68E3CE9FF69C8ED9F','g5990',813,'g5990-其他仓储业','TX');
insert into SystemCodeValue(autoSystemCodeID,strCode,strOrder,strValue,strSetCode) values('079C6AE99C024E919623F6ACE6A49B1B','g6010',814,'g6010-邮政基本服务','TX');
insert into SystemCodeValue(autoSystemCodeID,strCode,strOrder,strValue,strSetCode) values('F65FE7A5E4BD463DBD19BEA5C1D6F5A5','g6020',815,'g6020-快递服务','TX');
insert into SystemCodeValue(autoSystemCodeID,strCode,strOrder,strValue,strSetCode) values('80B10F43C6E54CEF8E07A1791127C723','h6110',816,'h6110-旅游饭店','TX');
insert into SystemCodeValue(autoSystemCodeID,strCode,strOrder,strValue,strSetCode) values('0D6275D1A7154356AEECDEED3B4A1C0B','h6120',817,'h6120-一般旅馆','TX');
insert into SystemCodeValue(autoSystemCodeID,strCode,strOrder,strValue,strSetCode) values('FAABB66F9E944D498196C195DE57E90E','h6190',818,'h6190-其他住宿业','TX');
insert into SystemCodeValue(autoSystemCodeID,strCode,strOrder,strValue,strSetCode) values('9A3CA6A6ECC345279268B3F9F979CC39','h6210',819,'h6210-正餐服务','TX');
insert into SystemCodeValue(autoSystemCodeID,strCode,strOrder,strValue,strSetCode) values('27589B9062B04BC49AD2021E7C777116','h6220',820,'h6220-快餐服务','TX');
insert into SystemCodeValue(autoSystemCodeID,strCode,strOrder,strValue,strSetCode) values('D8FF4D4734444E6DA2D833F46AC51D39','h6231',821,'h6231-茶馆服务','TX');
insert into SystemCodeValue(autoSystemCodeID,strCode,strOrder,strValue,strSetCode) values('F4D3FDA392974AB6AB47E1D9974A7825','h6232',822,'h6232-咖啡馆服务','TX');
insert into SystemCodeValue(autoSystemCodeID,strCode,strOrder,strValue,strSetCode) values('6A994F37DC6C44008A2121F87FAA15A0','h6233',823,'h6233-酒吧服务','TX');
insert into SystemCodeValue(autoSystemCodeID,strCode,strOrder,strValue,strSetCode) values('9554DAC08E0F48ED9E58062B68C14C0F','h6239',824,'h6239-其他饮料及冷饮服务','TX');
insert into SystemCodeValue(autoSystemCodeID,strCode,strOrder,strValue,strSetCode) values('DCEB229E52BE4E7EB7D0AF204892B331','h6291',825,'h6291-小吃服务','TX');
insert into SystemCodeValue(autoSystemCodeID,strCode,strOrder,strValue,strSetCode) values('D8BB3FBCD0BB4207BA292745F2EE166B','h6292',826,'h6292-餐饮配送服务','TX');
insert into SystemCodeValue(autoSystemCodeID,strCode,strOrder,strValue,strSetCode) values('13160297415649D193F85EC74BCD527B','h6299',827,'h6299-其他未列明餐饮业','TX');
insert into SystemCodeValue(autoSystemCodeID,strCode,strOrder,strValue,strSetCode) values('A724BA97743E4434BE6D61AC9F78CFB1','i6311',828,'i6311-固定电信服务','TX');
insert into SystemCodeValue(autoSystemCodeID,strCode,strOrder,strValue,strSetCode) values('5A06312C1C744099B516BE0773B4E004','i6312',829,'i6312-移动电信服务','TX');
insert into SystemCodeValue(autoSystemCodeID,strCode,strOrder,strValue,strSetCode) values('7B5D4EECE95B43A2BD9B68E704E6FADA','i6319',830,'i6319-其他电信服务','TX');
insert into SystemCodeValue(autoSystemCodeID,strCode,strOrder,strValue,strSetCode) values('E879CF28F5674B12882777A7F3E94DDC','i6321',831,'i6321-有线广播电视传输服务','TX');
insert into SystemCodeValue(autoSystemCodeID,strCode,strOrder,strValue,strSetCode) values('DD26355E221D42F1AA24F91A20F1E649','i6322',832,'i6322-无线广播电视传输服务','TX');
insert into SystemCodeValue(autoSystemCodeID,strCode,strOrder,strValue,strSetCode) values('16F5BD8EC9B84D88B007F75C1A3B724A','i6330',833,'i6330-卫星传输服务','TX');
insert into SystemCodeValue(autoSystemCodeID,strCode,strOrder,strValue,strSetCode) values('33320E9420AA4414BE4AD56530C6DB06','i6410',834,'i6410-互联网接入及相关服务','TX');
insert into SystemCodeValue(autoSystemCodeID,strCode,strOrder,strValue,strSetCode) values('7E89828FC01F4EEB99FBB6C42C1B3E94','i6420',835,'i6420-互联网信息服务','TX');
insert into SystemCodeValue(autoSystemCodeID,strCode,strOrder,strValue,strSetCode) values('C47C43C3CFDA4BAB96E12AC332BA1547','i6490',836,'i6490-其他互联网服务','TX');
insert into SystemCodeValue(autoSystemCodeID,strCode,strOrder,strValue,strSetCode) values('505B605359B74561993AF1E71AD4F67A','i6510',837,'i6510-软件开发','TX');
insert into SystemCodeValue(autoSystemCodeID,strCode,strOrder,strValue,strSetCode) values('D5432B9BDFB14A169D7854D8FB87A7C8','i6520',838,'i6520-信息系统集成服务','TX');
insert into SystemCodeValue(autoSystemCodeID,strCode,strOrder,strValue,strSetCode) values('AFA592A9D8DE4D518EED2370B57FDB8E','i6530',839,'i6530-信息技术咨询服务','TX');
insert into SystemCodeValue(autoSystemCodeID,strCode,strOrder,strValue,strSetCode) values('60EB9B2DC420441C91703CAF20CDBB62','i6540',840,'i6540-数据处理和存储服务','TX');
insert into SystemCodeValue(autoSystemCodeID,strCode,strOrder,strValue,strSetCode) values('30C7A3F47E3840FEB0B82E3C966D0BF6','i6550',841,'i6550-集成电路设计','TX');
insert into SystemCodeValue(autoSystemCodeID,strCode,strOrder,strValue,strSetCode) values('3377EC4156F74BF0ACE8C32D2CA0D42A','i6591',842,'i6591-数字内容服务','TX');
insert into SystemCodeValue(autoSystemCodeID,strCode,strOrder,strValue,strSetCode) values('7621AEA73CE942239E83B52AA6359CF4','i6592',843,'i6592-呼叫中心','TX');
insert into SystemCodeValue(autoSystemCodeID,strCode,strOrder,strValue,strSetCode) values('1506A145A56D45EBA7566312FACAE604','i6599',844,'i6599-其他未列明信息技术服务业','TX');
insert into SystemCodeValue(autoSystemCodeID,strCode,strOrder,strValue,strSetCode) values('8EAA81EF735042FC9FE63FE998364C3F','j6610',845,'j6610-中央银行服务','TX');
insert into SystemCodeValue(autoSystemCodeID,strCode,strOrder,strValue,strSetCode) values('D459DE36C1044FAFB39E67A82A79AFE6','j6620',846,'j6620-货币银行服务','TX');
insert into SystemCodeValue(autoSystemCodeID,strCode,strOrder,strValue,strSetCode) values('C0DF5F6A60A9478C863C452CC4DB316C','j6631',847,'j6631-金融租赁服务','TX');
insert into SystemCodeValue(autoSystemCodeID,strCode,strOrder,strValue,strSetCode) values('5F5D8FCA20324EF9B8949B66982E5B1B','j6632',848,'j6632-财务公司','TX');
insert into SystemCodeValue(autoSystemCodeID,strCode,strOrder,strValue,strSetCode) values('F8C175F427844B4E87F957C14CB600E3','j6633',849,'j6633-典当','TX');
insert into SystemCodeValue(autoSystemCodeID,strCode,strOrder,strValue,strSetCode) values('ED8B7162AF5442769F8C49445D93D90D','j6639',850,'j6639-其他非货币银行服务','TX');
insert into SystemCodeValue(autoSystemCodeID,strCode,strOrder,strValue,strSetCode) values('FCB0052B88FC446B9E02D7944E3327F6','j6640',851,'j6640-银行监管服务','TX');
insert into SystemCodeValue(autoSystemCodeID,strCode,strOrder,strValue,strSetCode) values('85DB08BF29244D25BCF663486F6FBC7E','j6711',852,'j6711-证券市场管理服务','TX');
insert into SystemCodeValue(autoSystemCodeID,strCode,strOrder,strValue,strSetCode) values('014D7647BDBA4836AEEA9A66A514D56D','j6712',853,'j6712-证券经纪交易服务','TX');
insert into SystemCodeValue(autoSystemCodeID,strCode,strOrder,strValue,strSetCode) values('BF9D0329030D4257BA5B988FC9B44EC6','j6713',854,'j6713-0','TX');
insert into SystemCodeValue(autoSystemCodeID,strCode,strOrder,strValue,strSetCode) values('E52700A1867B4F2B99E198ED8AB685C6','j6721',855,'j6721-期货市场服务','TX');
insert into SystemCodeValue(autoSystemCodeID,strCode,strOrder,strValue,strSetCode) values('4BB8B58D342B46B1AAA95A3306892739','j6729',856,'j6729-期货市场管理服务','TX');
insert into SystemCodeValue(autoSystemCodeID,strCode,strOrder,strValue,strSetCode) values('C03567BFF8C44EFE81422A8BA77687BB','j6730',857,'j6730-其他期货市场服务','TX');
insert into SystemCodeValue(autoSystemCodeID,strCode,strOrder,strValue,strSetCode) values('D2C9D4D0A3444EA4AD93B02E2A645113','j6740',858,'j6740-证券期货监管服务','TX');
insert into SystemCodeValue(autoSystemCodeID,strCode,strOrder,strValue,strSetCode) values('1A17120650F94DB392753FF63DC07974','j6790',859,'j6790-资本投资服务','TX');
insert into SystemCodeValue(autoSystemCodeID,strCode,strOrder,strValue,strSetCode) values('A6DF9E09CF504CFFAA73889A4CC9EE5F','j6811',860,'j6811-人身保险','TX');
insert into SystemCodeValue(autoSystemCodeID,strCode,strOrder,strValue,strSetCode) values('8C10109640444FB48D344FCCF7054269','j6812',861,'j6812-人寿保险','TX');
insert into SystemCodeValue(autoSystemCodeID,strCode,strOrder,strValue,strSetCode) values('961135658EDA4F86A5CE81497A108BEA','j6820',862,'j6820-健康和意外保险','TX');
insert into SystemCodeValue(autoSystemCodeID,strCode,strOrder,strValue,strSetCode) values('5329657C5A24407995A4E53E5BB9A16B','j6830',863,'j6830-财产保险','TX');
insert into SystemCodeValue(autoSystemCodeID,strCode,strOrder,strValue,strSetCode) values('AF4CA64F3A6D45FB9880293F9711D54D','j6840',864,'j6840-再保险','TX');
insert into SystemCodeValue(autoSystemCodeID,strCode,strOrder,strValue,strSetCode) values('0896EAB456AF42289A4B2FF37650BA41','j6850',865,'j6850-养老金','TX');
insert into SystemCodeValue(autoSystemCodeID,strCode,strOrder,strValue,strSetCode) values('6C19ACA761D445788224724C1C3A8A89','j6860',866,'j6860-保险经纪与代理服务','TX');
insert into SystemCodeValue(autoSystemCodeID,strCode,strOrder,strValue,strSetCode) values('E6410B4D6AE84CCD865436E2DB67C6A7','j6891',867,'j6891-其他保险活动','TX');
insert into SystemCodeValue(autoSystemCodeID,strCode,strOrder,strValue,strSetCode) values('0D6296B9076C4583B96EC1F76F9AFEFC','j6899',868,'j6899-风险和损失评估','TX');
insert into SystemCodeValue(autoSystemCodeID,strCode,strOrder,strValue,strSetCode) values('BF16BDC195A74DDCB4AAB02BD9292822','j6910',869,'j6910-其他金融业','TX');
insert into SystemCodeValue(autoSystemCodeID,strCode,strOrder,strValue,strSetCode) values('98B9435104EC4065AF69A2E3E065E967','j6920',870,'j6920-金融信托与管理服务','TX');
insert into SystemCodeValue(autoSystemCodeID,strCode,strOrder,strValue,strSetCode) values('3779FA6F72DB497789CBB30BBD8B7156','j6930',871,'j6930-控股公司服务','TX');
insert into SystemCodeValue(autoSystemCodeID,strCode,strOrder,strValue,strSetCode) values('1E604457939A46FCB57CB5657BBF6198','j6940',872,'j6940-非金融机构支付服务','TX');
insert into SystemCodeValue(autoSystemCodeID,strCode,strOrder,strValue,strSetCode) values('9AF95B60C11240C5A494BA761E20D22C','j6990',873,'j6990-金融信息服务','TX');
insert into SystemCodeValue(autoSystemCodeID,strCode,strOrder,strValue,strSetCode) values('C381327C238948FFB37C19F784ACD570','k7010',874,'k7010-房地产业','TX');
insert into SystemCodeValue(autoSystemCodeID,strCode,strOrder,strValue,strSetCode) values('596716622C7F4BFBA7BDEBB82682ECFA','k7020',875,'k7020-房地产开发经营','TX');
insert into SystemCodeValue(autoSystemCodeID,strCode,strOrder,strValue,strSetCode) values('28490BCDB9A844D38F19523A0F270A73','k7030',876,'k7030-物业管理','TX');
insert into SystemCodeValue(autoSystemCodeID,strCode,strOrder,strValue,strSetCode) values('45FF4175FEF84DE3B929AAB39E35D5FC','k7040',877,'k7040-房地产中介服务','TX');
insert into SystemCodeValue(autoSystemCodeID,strCode,strOrder,strValue,strSetCode) values('DA25F53BFED44817A18D2014E4B9F56C','k7090',878,'k7090-自有房地产经营活动','TX');
insert into SystemCodeValue(autoSystemCodeID,strCode,strOrder,strValue,strSetCode) values('E55C7106722F4E7A9EC4D5EA8A6B9630','l7111',879,'l7111-机械设备租赁','TX');
insert into SystemCodeValue(autoSystemCodeID,strCode,strOrder,strValue,strSetCode) values('14CBEBAA3FE642FA826A090E06ED8441','l7112',880,'l7112-汽车租赁','TX');
insert into SystemCodeValue(autoSystemCodeID,strCode,strOrder,strValue,strSetCode) values('86BBE955C9974500BC559EE2E882CAAD','l7113',881,'l7113-农业机械租赁','TX');
insert into SystemCodeValue(autoSystemCodeID,strCode,strOrder,strValue,strSetCode) values('5479A61F98D849A68E166A70A161EFED','l7114',882,'l7114-建筑工程机械与设备租赁','TX');
insert into SystemCodeValue(autoSystemCodeID,strCode,strOrder,strValue,strSetCode) values('0546D641F80C4363B0CD58208C957A76','l7119',883,'l7119-计算机及通讯设备租赁','TX');
insert into SystemCodeValue(autoSystemCodeID,strCode,strOrder,strValue,strSetCode) values('EC2DDF513ADE46DEB1F639E5E812428F','l7121',884,'l7121-文化及日用品出租','TX');
insert into SystemCodeValue(autoSystemCodeID,strCode,strOrder,strValue,strSetCode) values('590D1DCFAC4943B4B06FE78F4524BC63','l7122',885,'l7122-娱乐及体育设备出租','TX');
insert into SystemCodeValue(autoSystemCodeID,strCode,strOrder,strValue,strSetCode) values('5F3FF497C01B4EDEA8328F91B218EA5F','l7123',886,'l7123-图书出租','TX');
insert into SystemCodeValue(autoSystemCodeID,strCode,strOrder,strValue,strSetCode) values('A303E56BAD6842D185F0B5923DA2EEC0','l7129',887,'l7129-音像制品出租','TX');
insert into SystemCodeValue(autoSystemCodeID,strCode,strOrder,strValue,strSetCode) values('09C28EFC771E4BECAFB1DD5E15D2784F','l7211',888,'l7211-企业管理服务','TX');
insert into SystemCodeValue(autoSystemCodeID,strCode,strOrder,strValue,strSetCode) values('680BC53977AC43BAB2BAED2C1D9D2DEC','l7212',889,'l7212-企业总部管理','TX');
insert into SystemCodeValue(autoSystemCodeID,strCode,strOrder,strValue,strSetCode) values('AEC4C5A3486B4573985854F44645F86A','l7213',890,'l7213-投资与资产管理','TX');
insert into SystemCodeValue(autoSystemCodeID,strCode,strOrder,strValue,strSetCode) values('A92DB15FE6914536A2D877DB6E237B1C','l7219',891,'l7219-单位后勤管理服务','TX');
insert into SystemCodeValue(autoSystemCodeID,strCode,strOrder,strValue,strSetCode) values('BEF0F0BC964041439DAB41B18D2EE265','l7221',892,'l7221-法律服务','TX');
insert into SystemCodeValue(autoSystemCodeID,strCode,strOrder,strValue,strSetCode) values('FFAD1ECD7AF54C919AF9875A54CC6F82','l7222',893,'l7222-律师及相关法律服务','TX');
insert into SystemCodeValue(autoSystemCodeID,strCode,strOrder,strValue,strSetCode) values('431C40A181DC49FF844182B11419ED05','l7229',894,'l7229-公证服务','TX');
insert into SystemCodeValue(autoSystemCodeID,strCode,strOrder,strValue,strSetCode) values('586D9620EDC4469C89EECAF942B4A1DA','l7231',895,'l7231-咨询与调查','TX');
insert into SystemCodeValue(autoSystemCodeID,strCode,strOrder,strValue,strSetCode) values('CB186C15851744998B485D3B6EFB76AE','l7232',896,'l7232-会计、审计及税务服务','TX');
insert into SystemCodeValue(autoSystemCodeID,strCode,strOrder,strValue,strSetCode) values('348C0472E6394224B9D955D842132F0E','l7233',897,'l7233-市场调查','TX');
insert into SystemCodeValue(autoSystemCodeID,strCode,strOrder,strValue,strSetCode) values('CDC4444D32BB4BF387F38965D0A9D758','l7239',898,'l7239-社会经济咨询','TX');
insert into SystemCodeValue(autoSystemCodeID,strCode,strOrder,strValue,strSetCode) values('F674C8DE77724415B5CD6E07CE311F19','l7240',899,'l7240-其他专业咨询','TX');
insert into SystemCodeValue(autoSystemCodeID,strCode,strOrder,strValue,strSetCode) values('FE46CA6DCFAA4671A0BEFA8FE2E9A334','l7250',900,'l7250-广告业','TX');
insert into SystemCodeValue(autoSystemCodeID,strCode,strOrder,strValue,strSetCode) values('7D32B9EC395442E2AF7C42F8D3FC44D9','l7261',901,'l7261-人力资源服务','TX');
insert into SystemCodeValue(autoSystemCodeID,strCode,strOrder,strValue,strSetCode) values('6632A38EB4594828B3318C2C5DC5F1EF','l7262',902,'l7262-公共就业服务','TX');
insert into SystemCodeValue(autoSystemCodeID,strCode,strOrder,strValue,strSetCode) values('D8FEA007B8534A2DB293AD0C181F6CDE','l7263',903,'l7263-职业中介服务','TX');
insert into SystemCodeValue(autoSystemCodeID,strCode,strOrder,strValue,strSetCode) values('B56905739FCA4D0CA80A56FAA825F58D','l7269',904,'l7269-劳务派遣服务','TX');
insert into SystemCodeValue(autoSystemCodeID,strCode,strOrder,strValue,strSetCode) values('9EDC42EE8F4D4D83991C406FFB8A5B4C','l7271',905,'l7271-旅行社及相关服务','TX');
insert into SystemCodeValue(autoSystemCodeID,strCode,strOrder,strValue,strSetCode) values('253FA54EF03D4266968450533631F115','l7272',906,'l7272-旅行社服务','TX');
insert into SystemCodeValue(autoSystemCodeID,strCode,strOrder,strValue,strSetCode) values('90F064B5CF42435C9B61C91BB4F6483A','l7279',907,'l7279-旅游管理服务','TX');
insert into SystemCodeValue(autoSystemCodeID,strCode,strOrder,strValue,strSetCode) values('990E0A95FA1D49EC87F4CAF85B02F357','l7281',908,'l7281-安全保护服务','TX');
insert into SystemCodeValue(autoSystemCodeID,strCode,strOrder,strValue,strSetCode) values('5E6AD757013A432FA82DDD8308CCBC34','l7282',909,'l7282-安全服务','TX');
insert into SystemCodeValue(autoSystemCodeID,strCode,strOrder,strValue,strSetCode) values('B28635D118C14AA79FF9A7D24D2FC751','l7289',910,'l7289-安全系统监控服务','TX');
insert into SystemCodeValue(autoSystemCodeID,strCode,strOrder,strValue,strSetCode) values('175778D93FA7480DA35B38A140D737EC','l7291',911,'l7291-其他商务服务业','TX');
insert into SystemCodeValue(autoSystemCodeID,strCode,strOrder,strValue,strSetCode) values('78B49EB3559C40C8A1251DD2395A8082','l7292',912,'l7292-市场管理','TX');
insert into SystemCodeValue(autoSystemCodeID,strCode,strOrder,strValue,strSetCode) values('9ED51D3E8307471686C9F9548FE93D91','l7293',913,'l7293-会议及展览服务','TX');
insert into SystemCodeValue(autoSystemCodeID,strCode,strOrder,strValue,strSetCode) values('6EBF6E400130493FAF7265947B74BB26','l7294',914,'l7294-包装服务','TX');
insert into SystemCodeValue(autoSystemCodeID,strCode,strOrder,strValue,strSetCode) values('C8077B52B3214069A73F021515F86249','l7295',915,'l7295-办公服务','TX');
insert into SystemCodeValue(autoSystemCodeID,strCode,strOrder,strValue,strSetCode) values('4223854F3E7D4E7CB8E5A74E106A6797','l7296',916,'l7296-信用服务','TX');
insert into SystemCodeValue(autoSystemCodeID,strCode,strOrder,strValue,strSetCode) values('7664183DD6434FCD941CEC8C36050AC8','l7299',917,'l7299-担保服务','TX');
insert into SystemCodeValue(autoSystemCodeID,strCode,strOrder,strValue,strSetCode) values('16EFFC23D8E64E76A0C4CECF1FD13B3C','m7310',918,'m7310-研究和试验发展','TX');
insert into SystemCodeValue(autoSystemCodeID,strCode,strOrder,strValue,strSetCode) values('3373B9361CE6496780009F920CD40B7D','m7320',919,'m7320-自然科学研究和试验发展','TX');
insert into SystemCodeValue(autoSystemCodeID,strCode,strOrder,strValue,strSetCode) values('91172B57CB8C4E78BAA8C950FA9FB9ED','m7330',920,'m7330-工程和技术研究和试验发展','TX');
insert into SystemCodeValue(autoSystemCodeID,strCode,strOrder,strValue,strSetCode) values('5998E0C722CF496C82B4558236C646B0','m7340',921,'m7340-农业科学研究和试验发展','TX');
insert into SystemCodeValue(autoSystemCodeID,strCode,strOrder,strValue,strSetCode) values('7E54DEBA1A7044ED816CC7C4D640F425','m7350',922,'m7350-医学研究和试验发展','TX');
insert into SystemCodeValue(autoSystemCodeID,strCode,strOrder,strValue,strSetCode) values('691994113502441999770CDC4240C583','m7410',923,'m7410-专业技术服务业','TX');
insert into SystemCodeValue(autoSystemCodeID,strCode,strOrder,strValue,strSetCode) values('0D93F502EB7B40978F07C4638128BA43','m7420',924,'m7420-气象服务','TX');
insert into SystemCodeValue(autoSystemCodeID,strCode,strOrder,strValue,strSetCode) values('7601CF12C2A74F8B962177547B30DB82','m7430',925,'m7430-地震服务','TX');
insert into SystemCodeValue(autoSystemCodeID,strCode,strOrder,strValue,strSetCode) values('DACA4B56AD7D4FE38BA2DDB9D373C0DE','m7440',926,'m7440-海洋服务','TX');
insert into SystemCodeValue(autoSystemCodeID,strCode,strOrder,strValue,strSetCode) values('0C6A7C55609642E3AA64F1E3DD9B5DF9','m7450',927,'m7450-测绘服务','TX');
insert into SystemCodeValue(autoSystemCodeID,strCode,strOrder,strValue,strSetCode) values('E630254859C54A1AA16552B2D6C1574E','m7461',928,'m7461-环境与生态监测','TX');
insert into SystemCodeValue(autoSystemCodeID,strCode,strOrder,strValue,strSetCode) values('8659A2AA24764720B0014557D9D5FB7D','m7462',929,'m7462-环境保护监测','TX');
insert into SystemCodeValue(autoSystemCodeID,strCode,strOrder,strValue,strSetCode) values('9F30934C31724397993B0CB33A13EBC6','m7471',930,'m7471-地质勘查','TX');
insert into SystemCodeValue(autoSystemCodeID,strCode,strOrder,strValue,strSetCode) values('A5523C791F074A35A735295B077949A0','m7472',931,'m7472-能源矿产地质勘查','TX');
insert into SystemCodeValue(autoSystemCodeID,strCode,strOrder,strValue,strSetCode) values('578C3157EEA54F7696F1ACBC1A358121','m7473',932,'m7473-固体矿产地质勘查','TX');
insert into SystemCodeValue(autoSystemCodeID,strCode,strOrder,strValue,strSetCode) values('060D496E8A7F46F38BFE8C7E7EAD24A6','m7474',933,'m7474-水、二氧化碳等矿产地质勘查','TX');
insert into SystemCodeValue(autoSystemCodeID,strCode,strOrder,strValue,strSetCode) values('24CCDA28D4D948BC854E7541DE3E8D09','m7475',934,'m7475-基础地质勘查','TX');
insert into SystemCodeValue(autoSystemCodeID,strCode,strOrder,strValue,strSetCode) values('C9A6F882AD7F4E96A218A739BC8C3A55','m7481',935,'m7481-工程技术','TX');
insert into SystemCodeValue(autoSystemCodeID,strCode,strOrder,strValue,strSetCode) values('AAA82B27B0884DA68DEC00A1F27DF42B','m7482',936,'m7482-工程管理服务','TX');
insert into SystemCodeValue(autoSystemCodeID,strCode,strOrder,strValue,strSetCode) values('0FE0605554A74E01ADFDAA6417B1E615','m7483',937,'m7483-工程勘察设计','TX');
insert into SystemCodeValue(autoSystemCodeID,strCode,strOrder,strValue,strSetCode) values('8A5F1E6C4CBB4392B0670590C8E22CED','m7491',938,'m7491-其他专业技术服务业','TX');
insert into SystemCodeValue(autoSystemCodeID,strCode,strOrder,strValue,strSetCode) values('49597E87178B4734BB0F7F8BF88A2574','m7492',939,'m7492-专业化设计服务','TX');
insert into SystemCodeValue(autoSystemCodeID,strCode,strOrder,strValue,strSetCode) values('BE1A272314C44CBBB838EF938D887981','m7493',940,'m7493-摄影扩印服务','TX');
insert into SystemCodeValue(autoSystemCodeID,strCode,strOrder,strValue,strSetCode) values('98911154F3A946898BD81A8C2A430C69','m7499',941,'m7499-兽医服务','TX');
insert into SystemCodeValue(autoSystemCodeID,strCode,strOrder,strValue,strSetCode) values('286F888270C24FF0B39D0BA05C005AF7','m7511',942,'m7511-技术推广服务','TX');
insert into SystemCodeValue(autoSystemCodeID,strCode,strOrder,strValue,strSetCode) values('58BD18AC56024AFDB2E35CB3BD265028','m7512',943,'m7512-农业技术推广服务','TX');
insert into SystemCodeValue(autoSystemCodeID,strCode,strOrder,strValue,strSetCode) values('FD6F4E9901364C189C7F579FBEC694EF','m7513',944,'m7513-生物技术推广服务','TX');
insert into SystemCodeValue(autoSystemCodeID,strCode,strOrder,strValue,strSetCode) values('A2BC99E342A7412597EDB54F36979518','m7514',945,'m7514-新材料技术推广服务','TX');
insert into SystemCodeValue(autoSystemCodeID,strCode,strOrder,strValue,strSetCode) values('EECE60BA51634FCCAED83D43821B5A53','m7519',946,'m7519-节能技术推广服务','TX');
insert into SystemCodeValue(autoSystemCodeID,strCode,strOrder,strValue,strSetCode) values('802D2EE8C71441DE99E7AA499C35D0AC','m7520',947,'m7520-其他技术推广服务','TX');
insert into SystemCodeValue(autoSystemCodeID,strCode,strOrder,strValue,strSetCode) values('19718295152E4D7BBC194DC57B4745B4','m7590',948,'m7590-科技中介服务','TX');
insert into SystemCodeValue(autoSystemCodeID,strCode,strOrder,strValue,strSetCode) values('BEB2A173D94B462BBB9A50D2CB1512E0','n7610',949,'n7610-水利管理业','TX');
insert into SystemCodeValue(autoSystemCodeID,strCode,strOrder,strValue,strSetCode) values('D9EB913018174E6EB5FCE950A45C0C64','n7620',950,'n7620-防洪除涝设施管理','TX');
insert into SystemCodeValue(autoSystemCodeID,strCode,strOrder,strValue,strSetCode) values('0769EE2874E540538A7CE8A5485C00AE','n7630',951,'n7630-水资源管理','TX');
insert into SystemCodeValue(autoSystemCodeID,strCode,strOrder,strValue,strSetCode) values('CB98E017EDF149FEB9C225DA8A750320','n7640',952,'n7640-天然水收集与分配','TX');
insert into SystemCodeValue(autoSystemCodeID,strCode,strOrder,strValue,strSetCode) values('FBF0748146214551B726A813C54FE1D2','n7690',953,'n7690-水文服务','TX');
insert into SystemCodeValue(autoSystemCodeID,strCode,strOrder,strValue,strSetCode) values('6B06B41DB7BC4EE89CE8A4B587400C21','n7711',954,'n7711-生态保护','TX');
insert into SystemCodeValue(autoSystemCodeID,strCode,strOrder,strValue,strSetCode) values('616F930DB0FD45D3BC3A7472F08D97FC','n7712',955,'n7712-自然保护区管理','TX');
insert into SystemCodeValue(autoSystemCodeID,strCode,strOrder,strValue,strSetCode) values('B5A70A8EAC39459CB2C4A9D07C9AB270','n7713',956,'n7713-野生动物保护','TX');
insert into SystemCodeValue(autoSystemCodeID,strCode,strOrder,strValue,strSetCode) values('6720A4D1D1CF465D9A7E5A246EAB341C','n7719',957,'n7719-野生植物保护','TX');
insert into SystemCodeValue(autoSystemCodeID,strCode,strOrder,strValue,strSetCode) values('46873C6946F14DAD89D3829378AD5F0F','n7721',958,'n7721-环境治理业','TX');
insert into SystemCodeValue(autoSystemCodeID,strCode,strOrder,strValue,strSetCode) values('7461F02919774DE395D614FE6638E4E3','n7722',959,'n7722-水污染治理','TX');
insert into SystemCodeValue(autoSystemCodeID,strCode,strOrder,strValue,strSetCode) values('526E58BCB90E4728A5237D797264F145','n7723',960,'n7723-大气污染治理','TX');
insert into SystemCodeValue(autoSystemCodeID,strCode,strOrder,strValue,strSetCode) values('6D781F5285E34EB69D82E603905F6BEA','n7724',961,'n7724-固体废物治理','TX');
insert into SystemCodeValue(autoSystemCodeID,strCode,strOrder,strValue,strSetCode) values('3A2FDF18790A477C9888860B0D4AFD2D','n7725',962,'n7725-危险废物治理','TX');
insert into SystemCodeValue(autoSystemCodeID,strCode,strOrder,strValue,strSetCode) values('9AE5B5A7EFB94949A61BA4CB44ADBFCB','n7729',963,'n7729-放射性废物治理','TX');
insert into SystemCodeValue(autoSystemCodeID,strCode,strOrder,strValue,strSetCode) values('34991E7C799E48A587D44D559860378E','n7810',964,'n7810-公共设施管理业','TX');
insert into SystemCodeValue(autoSystemCodeID,strCode,strOrder,strValue,strSetCode) values('1859AA00D5EA4AF6AFB388427884FCBE','n7820',965,'n7820-市政设施管理','TX');
insert into SystemCodeValue(autoSystemCodeID,strCode,strOrder,strValue,strSetCode) values('50CAA1F9B2934D15878EE5D61D291710','n7830',966,'n7830-环境卫生管理','TX');
insert into SystemCodeValue(autoSystemCodeID,strCode,strOrder,strValue,strSetCode) values('9D80AF9BB0E047428EC4E13731897C08','n7840',967,'n7840-城乡市容管理','TX');
insert into SystemCodeValue(autoSystemCodeID,strCode,strOrder,strValue,strSetCode) values('9151D16C8B694589B2888253DA09C587','n7851',968,'n7851-公园和游览景区管理','TX');
insert into SystemCodeValue(autoSystemCodeID,strCode,strOrder,strValue,strSetCode) values('75D234C866774DED881140C78B488303','n7852',969,'n7852-公园管理','TX');
insert into SystemCodeValue(autoSystemCodeID,strCode,strOrder,strValue,strSetCode) values('4A1A8306DD9441B6A00801058F59C32A','o7910',970,'o7910-居民服务业','TX');
insert into SystemCodeValue(autoSystemCodeID,strCode,strOrder,strValue,strSetCode) values('B69F90C33D284164967EC66FA65A53DE','o7920',971,'o7920-家庭服务','TX');
insert into SystemCodeValue(autoSystemCodeID,strCode,strOrder,strValue,strSetCode) values('4E28A10F0A704167ABB566C7F244AFD0','o7930',972,'o7930-托儿所服务','TX');
insert into SystemCodeValue(autoSystemCodeID,strCode,strOrder,strValue,strSetCode) values('63F72C92615B4FB69C21B55466023E8B','o7940',973,'o7940-洗染服务','TX');
insert into SystemCodeValue(autoSystemCodeID,strCode,strOrder,strValue,strSetCode) values('DCF9512BF7544B44B6AB9364A17B1F75','o7950',974,'o7950-理发及美容服务','TX');
insert into SystemCodeValue(autoSystemCodeID,strCode,strOrder,strValue,strSetCode) values('721B1FF04014444285EE29F0091EF804','o7960',975,'o7960-洗浴服务','TX');
insert into SystemCodeValue(autoSystemCodeID,strCode,strOrder,strValue,strSetCode) values('CF2A291ADBDA4379BF4CF9C705F3A5A8','o7970',976,'o7970-保健服务','TX');
insert into SystemCodeValue(autoSystemCodeID,strCode,strOrder,strValue,strSetCode) values('86C693D5D3DE4726A6CFC079BF987B71','o7980',977,'o7980-婚姻服务','TX');
insert into SystemCodeValue(autoSystemCodeID,strCode,strOrder,strValue,strSetCode) values('09C1E5DB76F54729BEDC98D176D951FD','o7990',978,'o7990-殡葬服务','TX');
insert into SystemCodeValue(autoSystemCodeID,strCode,strOrder,strValue,strSetCode) values('1C50B97625384D6EA6A40AE1BB916742','o8011',979,'o8011-汽车、摩托车修理与维护','TX');
insert into SystemCodeValue(autoSystemCodeID,strCode,strOrder,strValue,strSetCode) values('413A8204D7544C7799619F9B7C2B4321','o8012',980,'o8012-汽车修理与维护','TX');
insert into SystemCodeValue(autoSystemCodeID,strCode,strOrder,strValue,strSetCode) values('18D6F6E350B04D5E825993D30593A1BC','o8021',981,'o8021-计算机和办公设备维修','TX');
insert into SystemCodeValue(autoSystemCodeID,strCode,strOrder,strValue,strSetCode) values('1DB3DA3C408B4F68922EE820FE0E6E7F','o8022',982,'o8022-计算机和辅助设备修理','TX');
insert into SystemCodeValue(autoSystemCodeID,strCode,strOrder,strValue,strSetCode) values('6A695A0F3CE14722962A448D2B1EB13D','o8029',983,'o8029-通讯设备修理','TX');
insert into SystemCodeValue(autoSystemCodeID,strCode,strOrder,strValue,strSetCode) values('8CB125364C05487FAAE8E6A6BC3935DD','o8031',984,'o8031-家用电器修理','TX');
insert into SystemCodeValue(autoSystemCodeID,strCode,strOrder,strValue,strSetCode) values('6442BCF34A6C4DC4BDF90C6361A063E3','o8032',985,'o8032-家用电子产品修理','TX');
insert into SystemCodeValue(autoSystemCodeID,strCode,strOrder,strValue,strSetCode) values('685CF375E67D4A1CBD6ACC5BDD2A00F1','o8091',986,'o8091-其他日用产品修理业','TX');
insert into SystemCodeValue(autoSystemCodeID,strCode,strOrder,strValue,strSetCode) values('7680F4769C5C42AA8EBDD834F4151E42','o8092',987,'o8092-自行车修理','TX');
insert into SystemCodeValue(autoSystemCodeID,strCode,strOrder,strValue,strSetCode) values('3EEDC0F0D68744FE8B3AD92B02884A12','o8093',988,'o8093-鞋和皮革修理','TX');
insert into SystemCodeValue(autoSystemCodeID,strCode,strOrder,strValue,strSetCode) values('00E703730A014CE891970D6EA7FEFD42','o8099',989,'o8099-家具和相关物品修理','TX');
insert into SystemCodeValue(autoSystemCodeID,strCode,strOrder,strValue,strSetCode) values('276250C0CC524904AEBA8A59692877FA','o8111',990,'o8111-清洁服务','TX');
insert into SystemCodeValue(autoSystemCodeID,strCode,strOrder,strValue,strSetCode) values('A459EA5AF4B54367B454970A06BC4646','o8119',991,'o8119-建筑物清洁服务','TX');
insert into SystemCodeValue(autoSystemCodeID,strCode,strOrder,strValue,strSetCode) values('250463F21ECD4AB5B46C0286E87372E1','o8190',992,'o8190-其他清洁服务','TX');
insert into SystemCodeValue(autoSystemCodeID,strCode,strOrder,strValue,strSetCode) values('5FE9287642FA43C2BD4FC6D33092C9DF','p8210',993,'p8210-教育','TX');
insert into SystemCodeValue(autoSystemCodeID,strCode,strOrder,strValue,strSetCode) values('26412E5EC47B4F3988C21A72A8C0EB51','p8221',994,'p8221-初等教育','TX');
insert into SystemCodeValue(autoSystemCodeID,strCode,strOrder,strValue,strSetCode) values('91BAC218CDFA4E7E8AE0522B19167331','p8222',995,'p8222-普通小学教育','TX');
insert into SystemCodeValue(autoSystemCodeID,strCode,strOrder,strValue,strSetCode) values('B179F5EE7B904E69914CD4B6DC8E8A4F','p8231',996,'p8231-中等教育','TX');
insert into SystemCodeValue(autoSystemCodeID,strCode,strOrder,strValue,strSetCode) values('374368E1916E4383BE09694E2F328E83','p8232',997,'p8232-普通初中教育','TX');
insert into SystemCodeValue(autoSystemCodeID,strCode,strOrder,strValue,strSetCode) values('80A8374A71614DD1AE3D19A2F8BDD678','p8233',998,'p8233-职业初中教育','TX');
insert into SystemCodeValue(autoSystemCodeID,strCode,strOrder,strValue,strSetCode) values('E21F4E26EBA848679C6FA6AB194D35B9','p8234',999,'p8234-成人初中教育','TX');
insert into SystemCodeValue(autoSystemCodeID,strCode,strOrder,strValue,strSetCode) values('1193B8D1DB3E4E26A287A65E9568AD26','p8235',1000,'p8235-普通高中教育','TX');
insert into SystemCodeValue(autoSystemCodeID,strCode,strOrder,strValue,strSetCode) values('A655FE5EDD1D42D3A0877BD4F30A8009','p8236',1001,'p8236-成人高中教育','TX');
insert into SystemCodeValue(autoSystemCodeID,strCode,strOrder,strValue,strSetCode) values('603D2ABF044742728BE09C4B0EC2272D','p8241',1002,'p8241-高等教育','TX');
insert into SystemCodeValue(autoSystemCodeID,strCode,strOrder,strValue,strSetCode) values('339B9F5A269A4766B6BCE03A303C4485','p8242',1003,'p8242-普通高等教育','TX');
insert into SystemCodeValue(autoSystemCodeID,strCode,strOrder,strValue,strSetCode) values('1E50959474CD486E8D30DAD8163D0C7A','p8250',1004,'p8250-成人高等教育','TX');
insert into SystemCodeValue(autoSystemCodeID,strCode,strOrder,strValue,strSetCode) values('66B5B3ED7F2B4D499C03719B7C906A0E','p8291',1005,'p8291-技能培训、教育辅助及其他教育','TX');
insert into SystemCodeValue(autoSystemCodeID,strCode,strOrder,strValue,strSetCode) values('6CF48E65D7A54EB1BEE4BBACCC2D581B','p8292',1006,'p8292-职业技能培训','TX');
insert into SystemCodeValue(autoSystemCodeID,strCode,strOrder,strValue,strSetCode) values('E22DF39B5487474DBAA694DC640934DA','p8293',1007,'p8293-体校及体育培训','TX');
insert into SystemCodeValue(autoSystemCodeID,strCode,strOrder,strValue,strSetCode) values('00D8E3E1A2AD40E086B58F91FF7A465F','p8294',1008,'p8294-文化艺术培训','TX');
insert into SystemCodeValue(autoSystemCodeID,strCode,strOrder,strValue,strSetCode) values('4C294AE2EF5F4D2484BC542355D6438A','p8299',1009,'p8299-教育辅助服务','TX');
insert into SystemCodeValue(autoSystemCodeID,strCode,strOrder,strValue,strSetCode) values('B74B558D6D17482A84605E2746BF7AFC','q8311',1010,'q8311-医院','TX');
insert into SystemCodeValue(autoSystemCodeID,strCode,strOrder,strValue,strSetCode) values('390BED9A208B4C9EB99E5E0BB695971A','q8312',1011,'q8312-综合医院','TX');
insert into SystemCodeValue(autoSystemCodeID,strCode,strOrder,strValue,strSetCode) values('6C93E05E6E24476586F964DE0E8FB7A4','q8313',1012,'q8313-中医医院','TX');
insert into SystemCodeValue(autoSystemCodeID,strCode,strOrder,strValue,strSetCode) values('91E69169A19845F9BC58C2F963BAED6F','q8314',1013,'q8314-中西医结合医院','TX');
insert into SystemCodeValue(autoSystemCodeID,strCode,strOrder,strValue,strSetCode) values('A05C21D38E8846A1BE8EBE4031F35EEC','q8315',1014,'q8315-民族医院','TX');
insert into SystemCodeValue(autoSystemCodeID,strCode,strOrder,strValue,strSetCode) values('2E5C687734EF4840B337BCC21749225E','q8316',1015,'q8316-专科医院','TX');
insert into SystemCodeValue(autoSystemCodeID,strCode,strOrder,strValue,strSetCode) values('B32DE06745574C1F854E9E26629FB13D','q8321',1016,'q8321-社区医疗与卫生院','TX');
insert into SystemCodeValue(autoSystemCodeID,strCode,strOrder,strValue,strSetCode) values('40AA9B5AA0AD4E8AA04E9698BC5B6047','q8322',1017,'q8322-社区卫生服务中心（站）','TX');
insert into SystemCodeValue(autoSystemCodeID,strCode,strOrder,strValue,strSetCode) values('43EE8FBF68364BE6AE6A6A21A8B7BB02','q8323',1018,'q8323-街道卫生院','TX');
insert into SystemCodeValue(autoSystemCodeID,strCode,strOrder,strValue,strSetCode) values('F7EAA8CD82F94EE9918320FF7537FBAE','q8330',1019,'q8330-乡镇卫生院','TX');
insert into SystemCodeValue(autoSystemCodeID,strCode,strOrder,strValue,strSetCode) values('60A84361219D4D17AD3543FA676F3B17','q8340',1020,'q8340-门诊部（所）','TX');
insert into SystemCodeValue(autoSystemCodeID,strCode,strOrder,strValue,strSetCode) values('A729B8A32F35410C9AB6080FAB1E699E','q8350',1021,'q8350-计划生育技术服务活动','TX');
insert into SystemCodeValue(autoSystemCodeID,strCode,strOrder,strValue,strSetCode) values('F5788D023668463EAC3EDD819E9241E6','q8360',1022,'q8360-妇幼保健院（所、站）','TX');
insert into SystemCodeValue(autoSystemCodeID,strCode,strOrder,strValue,strSetCode) values('1658D19747E84FBBBF50DC86BB52A9CE','q8370',1023,'q8370-专科疾病防治院（所、站）','TX');
insert into SystemCodeValue(autoSystemCodeID,strCode,strOrder,strValue,strSetCode) values('59904B25F5434C37B173782164208161','q8390',1024,'q8390-疾病预防控制中心','TX');
insert into SystemCodeValue(autoSystemCodeID,strCode,strOrder,strValue,strSetCode) values('8A3B4B439ACC41D5BDFF48FD42CDDEFD','q8411',1025,'q8411-提供住宿社会工作','TX');
insert into SystemCodeValue(autoSystemCodeID,strCode,strOrder,strValue,strSetCode) values('418C0C3310F84B7B8DB55737699D0980','q8412',1026,'q8412-干部休养所','TX');
insert into SystemCodeValue(autoSystemCodeID,strCode,strOrder,strValue,strSetCode) values('E20E93417A3B4AA197BC03ACDA151F8E','q8413',1027,'q8413-护理机构服务','TX');
insert into SystemCodeValue(autoSystemCodeID,strCode,strOrder,strValue,strSetCode) values('B129F06333B1471C81FE62A0A7EDF4D9','q8414',1028,'q8414-精神康复服务','TX');
insert into SystemCodeValue(autoSystemCodeID,strCode,strOrder,strValue,strSetCode) values('7D6268BA8545496EBEAD05673762A07B','q8415',1029,'q8415-老年人、残疾人养护服务','TX');
insert into SystemCodeValue(autoSystemCodeID,strCode,strOrder,strValue,strSetCode) values('11EB4A85E7BE4F8FA1FFE902DCAC4158','q8419',1030,'q8419-孤残儿童收养和庇护服务','TX');
insert into SystemCodeValue(autoSystemCodeID,strCode,strOrder,strValue,strSetCode) values('BCEB69A67C7841928DB3E44CE0104DD3','q8421',1031,'q8421-不提供住宿社会工作','TX');
insert into SystemCodeValue(autoSystemCodeID,strCode,strOrder,strValue,strSetCode) values('B18D54CC88FE4594BE0193EFD98D39BA','q8429',1032,'q8429-社会看护与帮助服务','TX');
insert into SystemCodeValue(autoSystemCodeID,strCode,strOrder,strValue,strSetCode) values('A2E7B54B07AC405EBBE6982D20ED553F','r8510',1033,'r8510-新闻和出版业','TX');
insert into SystemCodeValue(autoSystemCodeID,strCode,strOrder,strValue,strSetCode) values('D851EAE544BE44E0B5A4CC25667E6F3E','r8521',1034,'r8521-出版业','TX');
insert into SystemCodeValue(autoSystemCodeID,strCode,strOrder,strValue,strSetCode) values('BA53A7D928ED49298D745FBB9FC419C0','r8522',1035,'r8522-图书出版','TX');
insert into SystemCodeValue(autoSystemCodeID,strCode,strOrder,strValue,strSetCode) values('EEAD70D7987245009BB51BF1B72D156A','r8523',1036,'r8523-报纸出版','TX');
insert into SystemCodeValue(autoSystemCodeID,strCode,strOrder,strValue,strSetCode) values('586C3B5B6AE84930BA8173814B5CA00B','r8524',1037,'r8524-期刊出版','TX');
insert into SystemCodeValue(autoSystemCodeID,strCode,strOrder,strValue,strSetCode) values('DC445329980A4D89A25F3977A6AA4732','r8525',1038,'r8525-音像制品出版','TX');
insert into SystemCodeValue(autoSystemCodeID,strCode,strOrder,strValue,strSetCode) values('BF61A90658A04D2DAC28A6DF5903E330','r8529',1039,'r8529-电子出版物出版','TX');
insert into SystemCodeValue(autoSystemCodeID,strCode,strOrder,strValue,strSetCode) values('005BD870490E4E21A1FEE9654F9EE109','r8610',1040,'r8610-广播、电视、电影和影视录音制作业','TX');
insert into SystemCodeValue(autoSystemCodeID,strCode,strOrder,strValue,strSetCode) values('4677B038D8A94873A9FBF9450440CACB','r8620',1041,'r8620-广播','TX');
insert into SystemCodeValue(autoSystemCodeID,strCode,strOrder,strValue,strSetCode) values('76943C294AC440DE9EDFBEC968F8B7CF','r8630',1042,'r8630-电视','TX');
insert into SystemCodeValue(autoSystemCodeID,strCode,strOrder,strValue,strSetCode) values('4948349CB89748FE8AD1321F0CC8EE4B','r8640',1043,'r8640-电影和影视节目制作','TX');
insert into SystemCodeValue(autoSystemCodeID,strCode,strOrder,strValue,strSetCode) values('1F2971E4886A45859BAD7CC1A7412C6E','r8650',1044,'r8650-电影和影视节目发行','TX');
insert into SystemCodeValue(autoSystemCodeID,strCode,strOrder,strValue,strSetCode) values('C163B01934264E01B8D1438C18E36E7D','r8660',1045,'r8660-电影放映','TX');
insert into SystemCodeValue(autoSystemCodeID,strCode,strOrder,strValue,strSetCode) values('988FB14043074D7F8835088DA5AA5BA0','r8710',1046,'r8710-文化艺术业','TX');
insert into SystemCodeValue(autoSystemCodeID,strCode,strOrder,strValue,strSetCode) values('9D8C066AFC7F4BDA90CA23618F348F14','r8720',1047,'r8720-文艺创作与表演','TX');
insert into SystemCodeValue(autoSystemCodeID,strCode,strOrder,strValue,strSetCode) values('AA17A5F19ED24A07AD0446C63E603250','r8731',1048,'r8731-图书馆与档案馆','TX');
insert into SystemCodeValue(autoSystemCodeID,strCode,strOrder,strValue,strSetCode) values('C3CA05C70A8A4B6AAE9264CDF18C43A4','r8732',1049,'r8732-图书馆','TX');
insert into SystemCodeValue(autoSystemCodeID,strCode,strOrder,strValue,strSetCode) values('5295C23FD9AC4176A17D014249EBD1AB','r8740',1050,'r8740-档案馆','TX');
insert into SystemCodeValue(autoSystemCodeID,strCode,strOrder,strValue,strSetCode) values('EBEB78A69E4742A3B2A39F050F5D1129','r8750',1051,'r8750-文物及非物质文化遗产保护','TX');
insert into SystemCodeValue(autoSystemCodeID,strCode,strOrder,strValue,strSetCode) values('3FA8A3BEFA47463BA578C51470BEC152','r8760',1052,'r8760-博物馆','TX');
insert into SystemCodeValue(autoSystemCodeID,strCode,strOrder,strValue,strSetCode) values('2FC5EE6671854913ABE6EC494C0B9964','r8770',1053,'r8770-烈士陵园、纪念馆','TX');
insert into SystemCodeValue(autoSystemCodeID,strCode,strOrder,strValue,strSetCode) values('716B21E466114CC9B1876A5071800290','r8790',1054,'r8790-群众文化活动','TX');
insert into SystemCodeValue(autoSystemCodeID,strCode,strOrder,strValue,strSetCode) values('30ED43DC142B40179FEB340211B82E05','r8810',1055,'r8810-体育','TX');
insert into SystemCodeValue(autoSystemCodeID,strCode,strOrder,strValue,strSetCode) values('49602DA86E984BA99F85336848DEEAA0','r8820',1056,'r8820-体育组织','TX');
insert into SystemCodeValue(autoSystemCodeID,strCode,strOrder,strValue,strSetCode) values('88B767BEEE2845EFB3F0B544B3B4247C','r8830',1057,'r8830-体育场馆','TX');
insert into SystemCodeValue(autoSystemCodeID,strCode,strOrder,strValue,strSetCode) values('D40176C9807E4202B48958C985AF8E91','r8890',1058,'r8890-休闲健身活动','TX');
insert into SystemCodeValue(autoSystemCodeID,strCode,strOrder,strValue,strSetCode) values('251EDFA3A79045838A5B7EDD2FA5FD4E','r8911',1059,'r8911-室内娱乐活动','TX');
insert into SystemCodeValue(autoSystemCodeID,strCode,strOrder,strValue,strSetCode) values('11DD6510AE7C46AAAEA66DD167B71307','r8912',1060,'r8912-歌舞厅娱乐活动','TX');
insert into SystemCodeValue(autoSystemCodeID,strCode,strOrder,strValue,strSetCode) values('FF30B4BDCF314A5AAE6E47C495BB09F1','r8913',1061,'r8913-电子游艺厅娱乐活动','TX');
insert into SystemCodeValue(autoSystemCodeID,strCode,strOrder,strValue,strSetCode) values('675ABAAA40DF4FBAB7647ED9B118DB70','r8919',1062,'r8919-网吧活动','TX');
insert into SystemCodeValue(autoSystemCodeID,strCode,strOrder,strValue,strSetCode) values('D6A6DDD522374E9994F81BD220124239','r8920',1063,'r8920-其他室内娱乐活动','TX');
insert into SystemCodeValue(autoSystemCodeID,strCode,strOrder,strValue,strSetCode) values('5745309E485F400CB319EC60761A6849','r8930',1064,'r8930-游乐园','TX');
insert into SystemCodeValue(autoSystemCodeID,strCode,strOrder,strValue,strSetCode) values('CA7B63B0DD044CC680A97EACEA3E2F9A','r8941',1065,'r8941-文化、娱乐、体育经纪代理','TX');
insert into SystemCodeValue(autoSystemCodeID,strCode,strOrder,strValue,strSetCode) values('4D15253F7BD04187B90BE84A6EFD1828','r8942',1066,'r8942-文化娱乐经纪人','TX');
insert into SystemCodeValue(autoSystemCodeID,strCode,strOrder,strValue,strSetCode) values('41A25356442043289EDAB7F4943506F1','r8949',1067,'r8949-体育经纪人','TX');
insert into SystemCodeValue(autoSystemCodeID,strCode,strOrder,strValue,strSetCode) values('8458E4BDACE248349B6894F4AE9FB534','r8990',1068,'r8990-其他文化艺术经纪代理','TX');
insert into SystemCodeValue(autoSystemCodeID,strCode,strOrder,strValue,strSetCode) values('81AB4D56930D49FEACF4556224D0F162','s9000',1069,'s9000-中国共产党机关','TX');
insert into SystemCodeValue(autoSystemCodeID,strCode,strOrder,strValue,strSetCode) values('1E506A8182354EE4B527263ECB9EF949','s9110',1070,'s9110-国家机构','TX');
insert into SystemCodeValue(autoSystemCodeID,strCode,strOrder,strValue,strSetCode) values('28FE0FDED25945A4AB6A6F8CACD837B0','s9121',1071,'s9121-国家行政机构','TX');
insert into SystemCodeValue(autoSystemCodeID,strCode,strOrder,strValue,strSetCode) values('BD16B77822DD462D878A44A547B4F285','s9122',1072,'s9122-综合事务管理机构','TX');
insert into SystemCodeValue(autoSystemCodeID,strCode,strOrder,strValue,strSetCode) values('34348BD4EC6F4AD684B3FF7EE36E058E','s9123',1073,'s9123-对外事务管理机构','TX');
insert into SystemCodeValue(autoSystemCodeID,strCode,strOrder,strValue,strSetCode) values('3730289121CE4622ACDB5AEB4D1D344E','s9124',1074,'s9124-公共安全管理机构','TX');
insert into SystemCodeValue(autoSystemCodeID,strCode,strOrder,strValue,strSetCode) values('458CBCB8B32E46C38916AC338C7DF693','s9125',1075,'s9125-社会事务管理机构','TX');
insert into SystemCodeValue(autoSystemCodeID,strCode,strOrder,strValue,strSetCode) values('5F1DBA04040040A29925D31F9E31154A','s9126',1076,'s9126-经济事务管理机构','TX');
insert into SystemCodeValue(autoSystemCodeID,strCode,strOrder,strValue,strSetCode) values('605FF0FC84464FC4A3BE5D95E0DF6F46','s9131',1077,'s9131-人民法院和人民检察院','TX');
insert into SystemCodeValue(autoSystemCodeID,strCode,strOrder,strValue,strSetCode) values('657D992AEDE44D88876A24C74F170F6F','s9132',1078,'s9132-人民法院','TX');
insert into SystemCodeValue(autoSystemCodeID,strCode,strOrder,strValue,strSetCode) values('EB7029B50BB742E38D00AEDE24BD41F9','s9190',1079,'s9190-人民检察院','TX');
insert into SystemCodeValue(autoSystemCodeID,strCode,strOrder,strValue,strSetCode) values('0BE1F9ED6EF143BBB2148859848FC96D','s9210',1080,'s9210-人民政协、民主党派','TX');
insert into SystemCodeValue(autoSystemCodeID,strCode,strOrder,strValue,strSetCode) values('C12A6D0D371B49CA9AE38F8BD1DFB528','s9220',1081,'s9220-人民政协','TX');
insert into SystemCodeValue(autoSystemCodeID,strCode,strOrder,strValue,strSetCode) values('608C9EE0B23C4A50BA230F4A35E658C0','s9300',1082,'s9300-社会保障','TX');
insert into SystemCodeValue(autoSystemCodeID,strCode,strOrder,strValue,strSetCode) values('8CC87D22CC39458CB5666A3953BF09A0','s9411',1083,'s9411-群众团体','TX');
insert into SystemCodeValue(autoSystemCodeID,strCode,strOrder,strValue,strSetCode) values('70409C73194640D5A82BDAE6BB7A4006','s9412',1084,'s9412-工会','TX');
insert into SystemCodeValue(autoSystemCodeID,strCode,strOrder,strValue,strSetCode) values('0DE15FC0A66546B2B06B3B59267E03E3','s9413',1085,'s9413-妇联','TX');
insert into SystemCodeValue(autoSystemCodeID,strCode,strOrder,strValue,strSetCode) values('E57C7AFB06A14F658270B8A1F2BCA76F','s9419',1086,'s9419-共青团','TX');
insert into SystemCodeValue(autoSystemCodeID,strCode,strOrder,strValue,strSetCode) values('85F4A657A2334E6F96A0468D9C28126F','s9421',1087,'s9421-社会团体','TX');
insert into SystemCodeValue(autoSystemCodeID,strCode,strOrder,strValue,strSetCode) values('1643B92AA46643759B4D403C34F78A86','s9422',1088,'s9422-专业性团体','TX');
insert into SystemCodeValue(autoSystemCodeID,strCode,strOrder,strValue,strSetCode) values('B19D57962F1342AD9C9F753323EC660E','s9429',1089,'s9429-行业性团体','TX');
insert into SystemCodeValue(autoSystemCodeID,strCode,strOrder,strValue,strSetCode) values('FBCA27C1EEF94EA39F2948B337761BCE','s9430',1090,'s9430-其他社会团体','TX');
insert into SystemCodeValue(autoSystemCodeID,strCode,strOrder,strValue,strSetCode) values('756CBFD67CEE4B28B63BA0C92BE56104','s9440',1091,'s9440-基金会','TX');
insert into SystemCodeValue(autoSystemCodeID,strCode,strOrder,strValue,strSetCode) values('79CEA64928DE42ACBA7FD79792B5E3C5','s9510',1092,'s9510-基层群众自治组织','TX');
insert into SystemCodeValue(autoSystemCodeID,strCode,strOrder,strValue,strSetCode) values('EC5E15E497D14C00966693E88FD4CB8E','s9520',1093,'s9520-社区自治组织','TX');
insert into SystemCodeValue(autoSystemCodeID,strCode,strOrder,strValue,strSetCode) values('450C7EF723B54DF2851A8C11588B494C','t9600',1094,'t9600-国际组织','TX');
INSERT INTO SYSTEMCODEVALUE VALUES ('69A1EE8156DD4D11B3F3CF4A5A00F2B8','1',1,'整笔业务删除信息','SCZL');
INSERT INTO SYSTEMCODEVALUE VALUES ('93974DEEB329447D8ACE8CFCA6E38F86','2',2,'实际代偿责任删除信息','SCZL');
INSERT INTO SYSTEMCODEVALUE VALUES ('779027B6CFC24746951B1AA56E394088','3',3,'代偿删除信息','SCZL');
INSERT INTO SYSTEMCODEVALUE VALUES ('300828D9175340329276B3132EA854A6','4',4,'保费缴纳删除信息','SCZL');
INSERT INTO REPORTMODEL_TABLE VALUES ('402880e7487c3e0301487c48fe90000b','1','2','Check_DB_DBXX_JC','担保信息基础段',null,'DB_DBXX_JC','402881d84830818401483082dae10005','23');
INSERT INTO REPORTMODEL_TABLE VALUES ('402880e7487c3e0301487c5af5f7002f','2','2','Check_DB_DBHTXX','担保合同信息段',null,'DB_DBHTXX','402881d84830818401483082dae10005','23');
INSERT INTO REPORTMODEL_TABLE VALUES ('402880e7487c3e0301487c6c185c0057','2','2','Check_DB_BDBRXX','被担保人信息段',null,'DB_BDBRXX','402881d84830818401483082dae10005','23');
INSERT INTO REPORTMODEL_TABLE VALUES ('402880e7487c3e0301487c73b121006f','2','2','Check_DB_ZQRJZHTXX','债权人及主合同信息段',null,'DB_ZQRJZHTXX','402881d84830818401483082dae10005','23');
INSERT INTO REPORTMODEL_TABLE VALUES ('402880e7487c3e0301487c7f6aee0090','2','2','Check_DB_FDBRXX','反担保人信息段',null,'DB_FDBRXX','402881d84830818401483082dae10005','23');
INSERT INTO REPORTMODEL_TABLE VALUES ('402880e7487c3e0301487c87bae200a5','2','2','Check_DB_SJZBZRXX','实际在保责任信息段',null,'DB_SJZBZRXX','402881d84830818401483082dae10005','23');
INSERT INTO REPORTMODEL_TABLE VALUES ('402880e7487c3e0301487c8bc97500b4','2','2','Check_DB_DCGKXX','代偿概况信息段',null,'DB_DCGKXX','402881d84830818401483082dae10005','23');
INSERT INTO REPORTMODEL_TABLE VALUES ('402880e7487c3e0301487c983a7600d8','2','2','Check_DB_DCMXXX','代偿明细信息段',null,'DB_DCMXXX','402881d84830818401483082dae10005','23');
INSERT INTO REPORTMODEL_TABLE VALUES ('402880e7487c3e0301487c9c66fd00e1','2','2','Check_DB_BFJNGKXX','保费缴纳概况信息段',null,'DB_BFJNGKXX','402881d84830818401483082dae10005','23');
INSERT INTO REPORTMODEL_TABLE VALUES ('402880e7487c3e0301487ca3c2e20106','2','2','Check_DB_BFJNMXXX','保费缴纳明细信息段',null,'DB_BFJNMXXX','402881d84830818401483082dae10005','23');
INSERT INTO REPORTMODEL_TABLE VALUES ('402880e748819910014881c5a740000b','2','2','Check_DB_ZCMXXX','追偿明细信息段',null,'DB_ZCMXXX','402881d84830818401483082dae10005','23');
INSERT INTO REPORTMODEL_TABLE values('4028dd81554244c701554256db92001b','1','2','Check_DB_DBGSBSBGJL','标识变更记录','','DB_DBGSBSBGJL','402881d84830818401483082dae10005','23');
INSERT INTO REPORTMODEL_TABLE values('4028dd81554244c7015542576a6a001e','1','2','Check_DB_DBGSSCQQJL','删除请求记录','','DB_DBGSSCQQJL','402881d84830818401483082dae10005','23');
INSERT INTO REPORTMODEL_FIELD VALUES('402880e948c63d7c0148c63eb2250004','2','2','100','','-9','下载序号','','','','1','XZXH','2','1','402880e7487c3e0301487c48fe90000b');
INSERT INTO REPORTMODEL_FIELD VALUES('6A7A5DF8049A45D8AFD5ECF4F502BAE2','2','2','1','0','-9','回执状态','RPTFeedbackType','','','2','RPTFeedbackType','2','2','402880e7487c3e0301487c48fe90000b');
INSERT INTO REPORTMODEL_FIELD VALUES('402880e948ba871d0148ba8d7f2c000e','2','2','1','','-8','提交状态','RPTSubmitStatus','','','2','RPTSubmitStatus','2','2','402880e7487c3e0301487c48fe90000b');
INSERT INTO REPORTMODEL_FIELD VALUES('402880e948a01b120148a020dd39000b','2','2','1','','-7','审核状态','RPTVerifyType','','','2','RPTVerifyType','2','2','402880e7487c3e0301487c48fe90000b');
INSERT INTO REPORTMODEL_FIELD VALUES('402880e948a01b120148a020dd28000a','2','2','','','-6','最后修改时间','','','','2','lastUpdateDate','7','2','402880e7487c3e0301487c48fe90000b');
INSERT INTO REPORTMODEL_FIELD VALUES('402880e948a01b120148a020dd0f0009','2','2','50','','-5','操作员','coresystem.dto.UserInfo-operationUser','','','1','operationUser','2','1','402880e7487c3e0301487c48fe90000b');
INSERT INTO REPORTMODEL_FIELD VALUES('402880e948a01b120148a020dcfe0008','2','2','1','','-4','报送状态','RPTSendType','','','2','RPTSendType','2','2','402880e7487c3e0301487c48fe90000b');
INSERT INTO REPORTMODEL_FIELD VALUES('402880e948a01b120148a020dce50007','2','2','1','','-3','校验状态','RPTCheckType','','','2','RPTCheckType','2','2','402880e7487c3e0301487c48fe90000b');
INSERT INTO REPORTMODEL_FIELD VALUES('402880e948a01b120148a020dcd40006','2','2','20','','-2','机构','coresystem.dto.InstInfo-strInstCode','','','2','instInfo','2','2','402880e7487c3e0301487c48fe90000b');
INSERT INTO REPORTMODEL_FIELD VALUES('402880e948a01b120148a020dcba0005','2','2','','','-1','数据时间','','','','2','dtDate','3','2','402880e7487c3e0301487c48fe90000b');
INSERT INTO REPORTMODEL_FIELD VALUES('402880e7487c3e0301487c4da290000e','2','1','50','','1','担保机构代码','','','','1','DBJGDM','2','1','402880e7487c3e0301487c48fe90000b');
INSERT INTO REPORTMODEL_FIELD VALUES('402880e7487c3e0301487c4f0b390014','2','1','200','','2','担保业务编号','','','','1','DBYWBH','2','1','402880e7487c3e0301487c48fe90000b');
INSERT INTO REPORTMODEL_FIELD VALUES('402880e7487c3e0301487c5037690017','2','1','200','','3','担保合同号码','','','','1','DBHTHM','2','1','402880e7487c3e0301487c48fe90000b');
INSERT INTO REPORTMODEL_FIELD VALUES('402880e7487c3e0301487c52415b001a','2','1','50','','4','被担保人类型','','BDBRLX','','1','BDBRLX','2','1','402880e7487c3e0301487c48fe90000b');
INSERT INTO REPORTMODEL_FIELD VALUES('402880e7487c3e0301487c52f090001d','2','1','200','','5','被担保人名称','','','','1','BDBRMC','2','1','402880e7487c3e0301487c48fe90000b');
INSERT INTO REPORTMODEL_FIELD VALUES('402880e7487c3e0301487c53b92e0020','2','1','50','','6','被担保人证件类型','','ZJLX','','1','BDBRZJLX','2','1','402880e7487c3e0301487c48fe90000b');
INSERT INTO REPORTMODEL_FIELD VALUES('402880e7487c3e0301487c547f5c0023','2','1','50','','7','被担保人证件号码','','','','1','BDBRZJHM','2','1','402880e7487c3e0301487c48fe90000b');
INSERT INTO REPORTMODEL_FIELD VALUES('402880e7487c3e0301487c5686d70029','2','1','50','','8','数据报告日期','','','','1','SJBGRQ','2','1','402880e7487c3e0301487c48fe90000b');
INSERT INTO REPORTMODEL_FIELD VALUES('402880e748aac0760148abdc5a820006','2','1','200','','9','预留字段','','','','1','YLZD','2','1','402880e7487c3e0301487c48fe90000b');
INSERT INTO REPORTMODEL_FIELD VALUES('402880e948bb65380148bb6a50e90008','2','1','','','10','担保合同','dbgssystem.dto.AutoDTO_DB_DBHTXX-DB_HTXX-FOREIGNID','','','1','OneToMany_DB_HTXX','2','1','402880e7487c3e0301487c48fe90000b');
INSERT INTO REPORTMODEL_FIELD VALUES('402880e948e48d2b0148e4982abf000d','2','1','50','','11','被担保人信息段','dbgssystem.dto.AutoDTO_DB_BDBRXX-DB_HTXX-FOREIGNID','','','1','OneToMany_DB_BDBRXX','2','1','402880e7487c3e0301487c48fe90000b');
INSERT INTO REPORTMODEL_FIELD VALUES('402880e948e48d2b0148e498d5ae0010','2','1','50','','12','债权人及主合同信息段','dbgssystem.dto.AutoDTO_DB_ZQRJZHTXX-DB_HTXX-FOREIGNID','','','1','OneToMany_DB_ZQRJZHTXX','2','1','402880e7487c3e0301487c48fe90000b');
INSERT INTO REPORTMODEL_FIELD VALUES('402880e948e48d2b0148e499670a0013','2','1','50','','13','反担保人信息段','dbgssystem.dto.AutoDTO_DB_FDBRXX-DB_HTXX-FOREIGNID','','','1','OneToMany_DB_FDBRXX','2','1','402880e7487c3e0301487c48fe90000b');
INSERT INTO REPORTMODEL_FIELD VALUES('402880e948e48d2b0148e49a6340001a','2','1','50','','14','实际在保责任信息段','dbgssystem.dto.AutoDTO_DB_SJZBZRXX-DB_HTXX-FOREIGNID','','','1','OneToMany_DB_SJZBZRXX','2','1','402880e7487c3e0301487c48fe90000b');
INSERT INTO REPORTMODEL_FIELD VALUES('402880e948e48d2b0148e49b571e001d','2','1','50','','15','代偿概况信息段','dbgssystem.dto.AutoDTO_DB_DCGKXX-DB_HTXX-FOREIGNID','','','1','OneToMany_DB_DCGKXX','2','1','402880e7487c3e0301487c48fe90000b');
INSERT INTO REPORTMODEL_FIELD VALUES('402880e948e48d2b0148e49bebfa0020','2','1','50','','16','代偿明细信息段','dbgssystem.dto.AutoDTO_DB_DCMXXX-DB_HTXX-FOREIGNID','','','1','OneToMany_DB_DCMXXX','2','1','402880e7487c3e0301487c48fe90000b');
INSERT INTO REPORTMODEL_FIELD VALUES('402880e948e48d2b0148e49c7a8e0023','2','1','50','','17','保费缴纳概况信息段','dbgssystem.dto.AutoDTO_DB_BFJNGKXX-DB_HTXX-FOREIGNID','','','1','OneToMany_DB_BFJNGKXX','2','1','402880e7487c3e0301487c48fe90000b');
INSERT INTO REPORTMODEL_FIELD VALUES('402880e948e48d2b0148e49d177c0026','2','1','50','','18','保费缴纳明细信息段','dbgssystem.dto.AutoDTO_DB_BFJNMXXX-DB_HTXX-FOREIGNID','','','1','OneToMany_DB_BFJNMXXX','2','1','402880e7487c3e0301487c48fe90000b');
INSERT INTO REPORTMODEL_FIELD VALUES('402880e948e48d2b0148e49db6e30029','2','1','50','','19','追偿明细信息','dbgssystem.dto.AutoDTO_DB_ZCMXXX-DB_HTXX-FOREIGNID','','','1','OneToMany_DB_ZCMXXX','2','1','402880e7487c3e0301487c48fe90000b');
INSERT INTO REPORTMODEL_FIELD VALUES('402880e7487c3e0301487cfb207b011f','1','2','','','1001','ID','','','','2','autoID','2','2','402880e7487c3e0301487c48fe90000b');
INSERT INTO REPORTMODEL_FIELD VALUES('402880e94ae0ff58014ae10891bb0021','2','1','250','','-11','扩展字段1','','','','1','extend1','2','2','402880e7487c3e0301487c48fe90000b');
INSERT INTO REPORTMODEL_FIELD VALUES('402880e94ae0ff58014ae10891de0022','2','1','250','','-12','扩展字段2','','','','1','extend2','2','2','402880e7487c3e0301487c48fe90000b');
INSERT INTO REPORTMODEL_FIELD VALUES('402880e94ae0ff58014ae10891ee0023','2','1','250','','-13','扩展字段3','','','','1','extend3','2','2','402880e7487c3e0301487c48fe90000b');
INSERT INTO REPORTMODEL_FIELD VALUES('402880e94ae0ff58014ae10891ff0024','2','1','250','','-14','扩展字段4','','','','1','extend4','2','2','402880e7487c3e0301487c48fe90000b');
INSERT INTO REPORTMODEL_FIELD VALUES('402880e94ae0ff58014ae108920f0025','2','1','250','','-15','扩展字段5','','','','1','extend5','2','2','402880e7487c3e0301487c48fe90000b');
INSERT INTO REPORTMODEL_FIELD VALUES('402880e7487d0c8501487d1779cb0045','2','2','50','','-3','校验状态','RPTCheckType','','','2','RPTCheckType','2','2','402880e7487c3e0301487c5af5f7002f');
INSERT INTO REPORTMODEL_FIELD VALUES('FD41906A81AA4F0F8846FE405A97544E','2','2','1','0','-1','回执状态','RPTFeedbackType','','','2','RPTFeedbackType','2','2','402880e7487c3e0301487c5af5f7002f');
INSERT INTO REPORTMODEL_FIELD VALUES('0FC9F7E70B1641BDB9FC99E580B5640B','2','2','1','0','-2','报送状态','RPTSendType','','','2','RPTSendType','2','2','402880e7487c3e0301487c5af5f7002f');
INSERT INTO REPORTMODEL_FIELD VALUES('402880e7487c3e0301487c5ed1ff0032','2','1','50','','1','担保业务种类','','DBYWZL','','1','DBYWZL','2','1','402880e7487c3e0301487c5af5f7002f');
INSERT INTO REPORTMODEL_FIELD VALUES('402880e7487c3e0301487c5fe3940037','2','1','50','','2','担保方式','','DBFS','','1','DBFS','2','1','402880e7487c3e0301487c5af5f7002f');
INSERT INTO REPORTMODEL_FIELD VALUES('402880e7487c3e0301487c60fa9f003a','2','1','50','','3','担保金额','','','','1','DBJE','2','1','402880e7487c3e0301487c5af5f7002f');
INSERT INTO REPORTMODEL_FIELD VALUES('402880e7487c3e0301487c61971f003d','2','1','50','','4','担保起始日期','','','','1','DBQSRQ','2','1','402880e7487c3e0301487c5af5f7002f');
INSERT INTO REPORTMODEL_FIELD VALUES('402880e7487c3e0301487c625de90040','2','1','50','','5','担保到期日期','','','','1','DBDQRQ','2','1','402880e7487c3e0301487c5af5f7002f');
INSERT INTO REPORTMODEL_FIELD VALUES('402880e7487c3e0301487c6355a60046','2','1','50','','6','存出保证金比例','','','','1','CCBZJBL','2','1','402880e7487c3e0301487c5af5f7002f');
INSERT INTO REPORTMODEL_FIELD VALUES('402880e7487c3e0301487c65a9a20049','2','1','50','','7','反担保方式','','FDBFS','','1','FDBFS','2','1','402880e7487c3e0301487c5af5f7002f');
INSERT INTO REPORTMODEL_FIELD VALUES('402880e7487c3e0301487c66f21a004c','2','1','50','','8','约定再担保补偿比例','','','','1','YDZDBBCBL','2','1','402880e7487c3e0301487c5af5f7002f');
INSERT INTO REPORTMODEL_FIELD VALUES('402880e7487c3e0301487c67fc0b004f','2','1','50','','9','费率','','','','1','FL','2','1','402880e7487c3e0301487c5af5f7002f');
INSERT INTO REPORTMODEL_FIELD VALUES('402880e7487c3e0301487c6888180052','2','1','50','','10','年化费率','','','','1','NHFL','2','1','402880e7487c3e0301487c5af5f7002f');
INSERT INTO REPORTMODEL_FIELD VALUES('402880e748aac0760148abdd60620009','2','1','200','','11','预留字段','','','','1','YLZD','2','1','402880e7487c3e0301487c5af5f7002f');
INSERT INTO REPORTMODEL_FIELD VALUES('402880e7487d01a601487d036b990006','1','2','','','1001','ID','','','','2','autoID','2','2','402880e7487c3e0301487c5af5f7002f');
INSERT INTO REPORTMODEL_FIELD VALUES('402880e7487d1d6801487d1fc60d0006','2','1','','','1002','FOREIGNID','dbgssystem.dto.AutoDTO_DB_DBXX_JC-DB_FOREIGNID','','','2','FOREIGNID','2','2','402880e7487c3e0301487c5af5f7002f');
INSERT INTO REPORTMODEL_FIELD VALUES('9F2EBA200C164382AFD0448FC1A8C3DE','2','1','250','','-6','扩展字段1','','','','1','extend1','2','2','402880e7487c3e0301487c5af5f7002f');
INSERT INTO REPORTMODEL_FIELD VALUES('D2174874AAE34FC8B05F1F541E02D732','2','1','250','','-7','扩展字段2','','','','1','extend2','2','2','402880e7487c3e0301487c5af5f7002f');
INSERT INTO REPORTMODEL_FIELD VALUES('8377034F6C554D23A27BD32A0868F554','2','1','250','','-8','扩展字段3','','','','1','extend3','2','2','402880e7487c3e0301487c5af5f7002f');
INSERT INTO REPORTMODEL_FIELD VALUES('C87532AE394A4C06989234E70CBD91C2','2','1','250','','-9','扩展字段4','','','','1','extend4','2','2','402880e7487c3e0301487c5af5f7002f');
INSERT INTO REPORTMODEL_FIELD VALUES('3CB83896347E4C34A2F7D0D75775F32A','2','1','250','','-10','扩展字段5','','','','1','extend5','2','2','402880e7487c3e0301487c5af5f7002f');
INSERT INTO REPORTMODEL_FIELD VALUES('402880e7487d1d6801487d2267b8000c','2','2','50','','-3','校验状态','RPTCheckType','','','2','RPTCheckType','2','2','402880e7487c3e0301487c6c185c0057');
INSERT INTO REPORTMODEL_FIELD VALUES('945DF60EDA4A492C8B1DDD156761FD03','2','2','1','0','-1','回执状态','RPTFeedbackType','','','2','RPTFeedbackType','2','2','402880e7487c3e0301487c6c185c0057');
INSERT INTO REPORTMODEL_FIELD VALUES('85F20E1BFB134F3C99DCBD320F2D489A','2','2','1','0','-2','报送状态','RPTSendType','','','2','RPTSendType','2','2','402880e7487c3e0301487c6c185c0057');
INSERT INTO REPORTMODEL_FIELD VALUES('402880e7487c3e0301487c6ce9e2005a','2','1','50','','1','被担保人类型','','BDBRLX','','1','BDBRLX','2','1','402880e7487c3e0301487c6c185c0057');
INSERT INTO REPORTMODEL_FIELD VALUES('402880e7487c3e0301487c6db83e0060','2','1','200','','2','被担保人名称','','','','1','BDBRMC','2','1','402880e7487c3e0301487c6c185c0057');
INSERT INTO REPORTMODEL_FIELD VALUES('402880e7487c3e0301487c6f8c670066','2','1','50','','3','被担保人证件类型','','ZJLX','','1','BDBRZJLX','2','1','402880e7487c3e0301487c6c185c0057');
INSERT INTO REPORTMODEL_FIELD VALUES('402880e7487c3e0301487c70aea90069','2','1','50','','4','被担保人证件号码','','','','1','BDBRZJHM','2','1','402880e7487c3e0301487c6c185c0057');
INSERT INTO REPORTMODEL_FIELD VALUES('402880e7487c3e0301487c71e6ac006c','2','1','50','','5','状态位','','ZT','','1','ZTW','2','1','402880e7487c3e0301487c6c185c0057');
INSERT INTO REPORTMODEL_FIELD VALUES('402880e7487d01a601487d03814b0007','1','2','','','1001','ID','','','','2','autoID','2','2','402880e7487c3e0301487c6c185c0057');
INSERT INTO REPORTMODEL_FIELD VALUES('402880e7487d1d6801487d22f433000f','2','1','','','1002','FOREIGNID','dbgssystem.dto.AutoDTO_DB_DBXX_JC-DB_FOREIGNID','','','2','FOREIGNID','2','2','402880e7487c3e0301487c6c185c0057');
INSERT INTO REPORTMODEL_FIELD VALUES('80E2FD0448104C07AC1ABDCD8E9C4A93','2','1','250','','-6','扩展字段1','','','','1','extend1','2','2','402880e7487c3e0301487c6c185c0057');
INSERT INTO REPORTMODEL_FIELD VALUES('199138C4DE714DC3867246E28AB82873','2','1','250','','-7','扩展字段2','','','','1','extend2','2','2','402880e7487c3e0301487c6c185c0057');
INSERT INTO REPORTMODEL_FIELD VALUES('9E7A5715725B4597902CF9D613E79611','2','1','250','','-8','扩展字段3','','','','1','extend3','2','2','402880e7487c3e0301487c6c185c0057');
INSERT INTO REPORTMODEL_FIELD VALUES('2AE3E8EF23EC4B9D9E0573D2A763F58B','2','1','250','','-9','扩展字段4','','','','1','extend4','2','2','402880e7487c3e0301487c6c185c0057');
INSERT INTO REPORTMODEL_FIELD VALUES('6365EC7CC3E547ED8A5162F0117DDE85','2','1','250','','-10','扩展字段5','','','','1','extend5','2','2','402880e7487c3e0301487c6c185c0057');
INSERT INTO REPORTMODEL_FIELD VALUES('402880e7487d1d6801487d23f90c0012','2','2','50','','-3','校验状态','RPTCheckType','','','2','RPTCheckType','2','2','402880e7487c3e0301487c73b121006f');
INSERT INTO REPORTMODEL_FIELD VALUES('F0470ACC5A2444C688AB2A1837B01994','2','2','1','0','-1','回执状态','RPTFeedbackType','','','2','RPTFeedbackType','2','2','402880e7487c3e0301487c73b121006f');
INSERT INTO REPORTMODEL_FIELD VALUES('72FE88AE8D2040698A4717095A2CA0A6','2','2','1','0','-2','报送状态','RPTSendType','','','2','RPTSendType','2','2','402880e7487c3e0301487c73b121006f');
INSERT INTO REPORTMODEL_FIELD VALUES('402880e7487c3e0301487c753e2a0075','2','1','50','','1','债权人类型','','ZQRLX','','1','ZQRLX','2','1','402880e7487c3e0301487c73b121006f');
INSERT INTO REPORTMODEL_FIELD VALUES('402880e7487c3e0301487c75ec080078','2','1','200','','2','债权人名称','','','','1','ZQRMC','2','1','402880e7487c3e0301487c73b121006f');
INSERT INTO REPORTMODEL_FIELD VALUES('402880e7487c3e0301487c783412007b','2','1','50','','3','债权人证件类型','','ZQRZJLX','','1','ZQRZJLX','2','1','402880e7487c3e0301487c73b121006f');
INSERT INTO REPORTMODEL_FIELD VALUES('402880e7487c3e0301487c7924b9007e','2','1','50','','4','债权人证件号码','','','','1','ZQRZJHM','2','1','402880e7487c3e0301487c73b121006f');
INSERT INTO REPORTMODEL_FIELD VALUES('402880e7487c3e0301487c7a604b0081','2','1','200','','5','主合同编号','','','','1','ZHTBH','2','1','402880e7487c3e0301487c73b121006f');
INSERT INTO REPORTMODEL_FIELD VALUES('402880e7487c3e0301487c7b768c0084','2','1','200','','6','主合同号码','','','','1','ZHTHM','2','1','402880e7487c3e0301487c73b121006f');
INSERT INTO REPORTMODEL_FIELD VALUES('402880e7487c3e0301487c7d7d330087','2','1','50','','7','投向','','TX','','1','TX','2','1','402880e7487c3e0301487c73b121006f');
INSERT INTO REPORTMODEL_FIELD VALUES('402880e7487c3e0301487c7e2f68008d','2','1','50','','8','状态位','','ZT','','1','ZTW','2','1','402880e7487c3e0301487c73b121006f');
INSERT INTO REPORTMODEL_FIELD VALUES('402880e7487d01a601487d03a0540008','1','2','','','1001','ID','','','','2','autoID','2','2','402880e7487c3e0301487c73b121006f');
INSERT INTO REPORTMODEL_FIELD VALUES('402880e7487d1d6801487d248a1b0017','2','1','','','1002','FOREIGNID','dbgssystem.dto.AutoDTO_DB_DBXX_JC-DB_FOREIGNID','','','2','FOREIGNID','2','2','402880e7487c3e0301487c73b121006f');
INSERT INTO REPORTMODEL_FIELD VALUES('B1D2DF94BEE144E2BFD825229973D061','2','1','250','','-6','扩展字段1','','','','1','extend1','2','2','402880e7487c3e0301487c73b121006f');
INSERT INTO REPORTMODEL_FIELD VALUES('CA862460C5B446099C913CE91E893B8A','2','1','250','','-7','扩展字段2','','','','1','extend2','2','2','402880e7487c3e0301487c73b121006f');
INSERT INTO REPORTMODEL_FIELD VALUES('A04671AD0FFC4C668FAA4396FF01599C','2','1','250','','-8','扩展字段3','','','','1','extend3','2','2','402880e7487c3e0301487c73b121006f');
INSERT INTO REPORTMODEL_FIELD VALUES('3F36B7A4614C41849E8B4F01680ED953','2','1','250','','-9','扩展字段4','','','','1','extend4','2','2','402880e7487c3e0301487c73b121006f');
INSERT INTO REPORTMODEL_FIELD VALUES('1797EDAD66D7447C99D29A17B7EEECE2','2','1','250','','-10','扩展字段5','','','','1','extend5','2','2','402880e7487c3e0301487c73b121006f');
INSERT INTO REPORTMODEL_FIELD VALUES('402880e7487d1d6801487d289297001f','2','2','50','','-3','校验状态','RPTCheckType','','','2','RPTCheckType','2','2','402880e7487c3e0301487c7f6aee0090');
INSERT INTO REPORTMODEL_FIELD VALUES('E7CC2792B58A43FB96759178FBACCD71','2','2','1','0','-1','回执状态','RPTFeedbackType','','','2','RPTFeedbackType','2','2','402880e7487c3e0301487c7f6aee0090');
INSERT INTO REPORTMODEL_FIELD VALUES('FB6E9CDAE3164F049D70A7785F316906','2','2','1','0','-2','报送状态','RPTSendType','','','2','RPTSendType','2','2','402880e7487c3e0301487c7f6aee0090');
INSERT INTO REPORTMODEL_FIELD VALUES('402880e7487c3e0301487c818ab50093','2','1','50','','1','反担保人类型','','FDBRLX','','1','FDBRLX','2','1','402880e7487c3e0301487c7f6aee0090');
INSERT INTO REPORTMODEL_FIELD VALUES('402880e7487c3e0301487c821a890096','2','1','200','','2','反担保人名称','','','','1','FDBRMC','2','1','402880e7487c3e0301487c7f6aee0090');
INSERT INTO REPORTMODEL_FIELD VALUES('402880e7487c3e0301487c836c140099','2','1','50','','3','反担保人证件类型','','FDBRZJLX','','1','FDBRZJLX','2','1','402880e7487c3e0301487c7f6aee0090');
INSERT INTO REPORTMODEL_FIELD VALUES('402880e7487c3e0301487c84adbb009c','2','1','50','','4','反担保人证件号码','','','','1','FDBRZJHM','2','1','402880e7487c3e0301487c7f6aee0090');
INSERT INTO REPORTMODEL_FIELD VALUES('402880e7487c3e0301487c8581ce009f','2','1','50','','5','反担保责任金额','','','','1','FDBZRJE','2','1','402880e7487c3e0301487c7f6aee0090');
INSERT INTO REPORTMODEL_FIELD VALUES('402880e7487c3e0301487c86313300a2','2','1','50','','6','状态位','','ZT','','1','ZTW','2','1','402880e7487c3e0301487c7f6aee0090');
INSERT INTO REPORTMODEL_FIELD VALUES('402880e7487d5dbb01487d75ccab004c','1','2','','','1001','ID','','','','2','autoID','2','2','402880e7487c3e0301487c7f6aee0090');
INSERT INTO REPORTMODEL_FIELD VALUES('402880e7487d1d6801487d291d510022','2','1','','','1002','FOREIGNID','dbgssystem.dto.AutoDTO_DB_DBXX_JC-DB_FOREIGNID','','','2','FOREIGNID','2','2','402880e7487c3e0301487c7f6aee0090');
INSERT INTO REPORTMODEL_FIELD VALUES('551C7055EA63425A81100CFCC3D02FD8','2','1','250','','-6','扩展字段1','','','','1','extend1','2','2','402880e7487c3e0301487c7f6aee0090');
INSERT INTO REPORTMODEL_FIELD VALUES('665F4BE2277B442F8EF1C85AE6E0E94B','2','1','250','','-7','扩展字段2','','','','1','extend2','2','2','402880e7487c3e0301487c7f6aee0090');
INSERT INTO REPORTMODEL_FIELD VALUES('3DD373EC17814145A14C1D40B5BC2C67','2','1','250','','-8','扩展字段3','','','','1','extend3','2','2','402880e7487c3e0301487c7f6aee0090');
INSERT INTO REPORTMODEL_FIELD VALUES('C31A5F5B45A24B7D8BFA42643B41563D','2','1','250','','-9','扩展字段4','','','','1','extend4','2','2','402880e7487c3e0301487c7f6aee0090');
INSERT INTO REPORTMODEL_FIELD VALUES('92844B11DC91414095F874D59024B5CA','2','1','250','','-10','扩展字段5','','','','1','extend5','2','2','402880e7487c3e0301487c7f6aee0090');
INSERT INTO REPORTMODEL_FIELD VALUES('099E00E5F9A84F57B738F474E01DC94C','2','2','1','0','-1','回执状态','RPTFeedbackType','','','2','RPTFeedbackType','2','2','402880e7487c3e0301487c87bae200a5');
INSERT INTO REPORTMODEL_FIELD VALUES('402880e7487d1d6801487d2a80dd0025','2','2','50','','-3','校验状态','RPTCheckType','','','2','RPTCheckType','2','2','402880e7487c3e0301487c87bae200a5');
INSERT INTO REPORTMODEL_FIELD VALUES('8E1A6D12128749D8A71F5872EEC48C9F','2','2','1','0','-2','报送状态','RPTSendType','','','2','RPTSendType','2','2','402880e7487c3e0301487c87bae200a5');
INSERT INTO REPORTMODEL_FIELD VALUES('402880e7487c3e0301487c8895ab00a8','2','1','50','','1','担保合同状态','','ZT','','1','DBHTZT','2','1','402880e7487c3e0301487c87bae200a5');
INSERT INTO REPORTMODEL_FIELD VALUES('402880e7487c3e0301487c89341e00ab','2','1','50','','2','担保责任解除日期','','','','1','DBZRJCRQ','2','1','402880e7487c3e0301487c87bae200a5');
INSERT INTO REPORTMODEL_FIELD VALUES('402880e7487c3e0301487c8a2de900ae','2','1','50','','3','在保余额','','','','1','ZBYE','2','1','402880e7487c3e0301487c87bae200a5');
INSERT INTO REPORTMODEL_FIELD VALUES('402880e7487c3e0301487c8aa31c00b1','2','1','50','','4','余额变化日期','','','','1','YEBHRQ','2','1','402880e7487c3e0301487c87bae200a5');
INSERT INTO REPORTMODEL_FIELD VALUES('402880e7487d5dbb01487d76452c0050','1','2','','','1001','ID','','','','2','autoID','2','2','402880e7487c3e0301487c87bae200a5');
INSERT INTO REPORTMODEL_FIELD VALUES('402880e7487d1d6801487d2b01360028','2','1','','','1002','FOREIGNID','dbgssystem.dto.AutoDTO_DB_DBXX_JC-DB_FOREIGNID','','','2','FOREIGNID','2','2','402880e7487c3e0301487c87bae200a5');
INSERT INTO REPORTMODEL_FIELD VALUES('B13733EC045846CCB691EFB1516568ED','2','1','250','','-6','扩展字段1','','','','1','extend1','2','2','402880e7487c3e0301487c87bae200a5');
INSERT INTO REPORTMODEL_FIELD VALUES('43CDD7C7F316493EBAD8A62D2ED941CF','2','1','250','','-7','扩展字段2','','','','1','extend2','2','2','402880e7487c3e0301487c87bae200a5');
INSERT INTO REPORTMODEL_FIELD VALUES('E36EDA26DF92454298F2093C7A01B1EF','2','1','250','','-8','扩展字段3','','','','1','extend3','2','2','402880e7487c3e0301487c87bae200a5');
INSERT INTO REPORTMODEL_FIELD VALUES('D1181B77E3A6446185B86F116FC1F527','2','1','250','','-9','扩展字段4','','','','1','extend4','2','2','402880e7487c3e0301487c87bae200a5');
INSERT INTO REPORTMODEL_FIELD VALUES('74DB7653FE83409B984C7AE395D28597','2','1','250','','-10','扩展字段5','','','','1','extend5','2','2','402880e7487c3e0301487c87bae200a5');
INSERT INTO REPORTMODEL_FIELD VALUES('402880e7487d1d6801487d2b8b03002d','2','2','50','','-3','校验状态','RPTCheckType','','','2','RPTCheckType','2','2','402880e7487c3e0301487c8bc97500b4');
INSERT INTO REPORTMODEL_FIELD VALUES('DB23097847C845479C0FBBF24247B414','2','2','1','0','-1','回执状态','RPTFeedbackType','','','2','RPTFeedbackType','2','2','402880e7487c3e0301487c8bc97500b4');
INSERT INTO REPORTMODEL_FIELD VALUES('EE5D2E7C758A447A9B61DAF7BAE27D77','2','2','1','0','-2','报送状态','RPTSendType','','','2','RPTSendType','2','2','402880e7487c3e0301487c8bc97500b4');
INSERT INTO REPORTMODEL_FIELD VALUES('402880e7487c3e0301487c8c702300b7','2','1','50','','1','记账日期','','','','1','JZRQ','2','1','402880e7487c3e0301487c8bc97500b4');
INSERT INTO REPORTMODEL_FIELD VALUES('402880e7487c3e0301487c8d7efa00ba','2','1','50','','2','继续追偿标志','','JXZCBZ','','1','JXZCBZ','2','1','402880e7487c3e0301487c8bc97500b4');
INSERT INTO REPORTMODEL_FIELD VALUES('402880e7487c3e0301487c8e224d00bd','2','1','50','','3','最近一次代偿日期','','','','1','ZJYCDCRQ','2','1','402880e7487c3e0301487c8bc97500b4');
INSERT INTO REPORTMODEL_FIELD VALUES('402880e7487c3e0301487c8ea05500c0','2','1','50','','4','累计代偿金额','','','','1','LJDCJE','2','1','402880e7487c3e0301487c8bc97500b4');
INSERT INTO REPORTMODEL_FIELD VALUES('402880e7487c3e0301487c90082400c3','2','1','50','','5','本机构承担代偿金额','','','','1','BJGCDDCJE','2','1','402880e7487c3e0301487c8bc97500b4');
INSERT INTO REPORTMODEL_FIELD VALUES('402880e7487c3e0301487c91106000c6','2','1','50','','6','最近一次追偿日期','','','','1','ZJYCZCRQ','2','1','402880e7487c3e0301487c8bc97500b4');
INSERT INTO REPORTMODEL_FIELD VALUES('402880e7487c3e0301487c91d4ab00c9','2','1','50','','7','代偿余额','','','','1','DCYE','2','1','402880e7487c3e0301487c8bc97500b4');
INSERT INTO REPORTMODEL_FIELD VALUES('402880e7487c3e0301487c92d08a00cc','2','1','50','','8','本机构承担代偿余额','','','','1','BJGCDDCYE','2','1','402880e7487c3e0301487c8bc97500b4');
INSERT INTO REPORTMODEL_FIELD VALUES('402880e7487c3e0301487c95f4d200d2','2','1','50','','9','累计追偿金额','','','','1','LJZCJE','2','1','402880e7487c3e0301487c8bc97500b4');
INSERT INTO REPORTMODEL_FIELD VALUES('402880e7487c3e0301487c96861d00d5','2','1','50','','10','累计损失金额','','','','1','LJSSJE','2','1','402880e7487c3e0301487c8bc97500b4');
INSERT INTO REPORTMODEL_FIELD VALUES('402880e748aac0760148abde586e000c','2','1','200','','11','预留字段','','','','1','YLZD','2','1','402880e7487c3e0301487c8bc97500b4');
INSERT INTO REPORTMODEL_FIELD VALUES('402880e7487d5dbb01487d76ba670054','1','2','','','1001','ID','','','','2','autoID','2','2','402880e7487c3e0301487c8bc97500b4');
INSERT INTO REPORTMODEL_FIELD VALUES('402880e7487d1d6801487d2c12cc0030','2','1','','','1002','FOREIGNID','dbgssystem.dto.AutoDTO_DB_DBXX_JC-DB_FOREIGNID','','','2','FOREIGNID','2','2','402880e7487c3e0301487c8bc97500b4');
INSERT INTO REPORTMODEL_FIELD VALUES('78991CD90D1C42F3B6B2530EDA4AC432','2','1','250','','-6','扩展字段1','','','','1','extend1','2','2','402880e7487c3e0301487c8bc97500b4');
INSERT INTO REPORTMODEL_FIELD VALUES('AABE1DB1FE454337B943C4976AA97636','2','1','250','','-7','扩展字段2','','','','1','extend2','2','2','402880e7487c3e0301487c8bc97500b4');
INSERT INTO REPORTMODEL_FIELD VALUES('1C66209D0BA740DAA7F4B9D86851D574','2','1','250','','-8','扩展字段3','','','','1','extend3','2','2','402880e7487c3e0301487c8bc97500b4');
INSERT INTO REPORTMODEL_FIELD VALUES('153EE31FAA584140AA3DF7C82195E22E','2','1','250','','-9','扩展字段4','','','','1','extend4','2','2','402880e7487c3e0301487c8bc97500b4');
INSERT INTO REPORTMODEL_FIELD VALUES('CB6A9C0092654243961E779EF8612126','2','1','250','','-10','扩展字段5','','','','1','extend5','2','2','402880e7487c3e0301487c8bc97500b4');
INSERT INTO REPORTMODEL_FIELD VALUES('78991CD90D1C42F3B6B2530EDA4AC432','2','1','250','','-6','扩展字段1','','','','1','extend1','2','2','402880e7487c3e0301487c8bc97500b4');
INSERT INTO REPORTMODEL_FIELD VALUES('AABE1DB1FE454337B943C4976AA97636','2','1','250','','-7','扩展字段2','','','','1','extend2','2','2','402880e7487c3e0301487c8bc97500b4');
INSERT INTO REPORTMODEL_FIELD VALUES('1C66209D0BA740DAA7F4B9D86851D574','2','1','250','','-8','扩展字段3','','','','1','extend3','2','2','402880e7487c3e0301487c8bc97500b4');
INSERT INTO REPORTMODEL_FIELD VALUES('153EE31FAA584140AA3DF7C82195E22E','2','1','250','','-9','扩展字段4','','','','1','extend4','2','2','402880e7487c3e0301487c8bc97500b4');
INSERT INTO REPORTMODEL_FIELD VALUES('CB6A9C0092654243961E779EF8612126','2','1','250','','-10','扩展字段5','','','','1','extend5','2','2','402880e7487c3e0301487c8bc97500b4');
INSERT INTO REPORTMODEL_FIELD VALUES('402880e7487d1d6801487d2cc0040033','2','2','50','','-3','校验状态','RPTCheckType','','','2','RPTCheckType','2','2','402880e7487c3e0301487c983a7600d8');
INSERT INTO REPORTMODEL_FIELD VALUES('836AE9BE463B4C05AF619AE44242857D','2','2','1','0','-1','回执状态','RPTFeedbackType','','','2','RPTFeedbackType','2','2','402880e7487c3e0301487c983a7600d8');
INSERT INTO REPORTMODEL_FIELD VALUES('F6DCC87EA840443DAA35D05221A2A506','2','2','1','0','-2','报送状态','RPTSendType','','','2','RPTSendType','2','2','402880e7487c3e0301487c983a7600d8');
INSERT INTO REPORTMODEL_FIELD VALUES('402880e7487c3e0301487c99d68900db','2','1','50','','1','代偿日期','','','','1','DCRQ','2','1','402880e7487c3e0301487c983a7600d8');
INSERT INTO REPORTMODEL_FIELD VALUES('402880e7487c3e0301487c9a4b0000de','2','1','50','','2','代偿金额','','','','1','DCJE','2','1','402880e7487c3e0301487c983a7600d8');
INSERT INTO REPORTMODEL_FIELD VALUES('402880e7487d5dbb01487d771ac70058','1','2','','','1001','ID','','','','2','autoID','2','2','402880e7487c3e0301487c983a7600d8');
INSERT INTO REPORTMODEL_FIELD VALUES('402880e7487d1d6801487d2d0f5f0036','2','1','','','1002','FOREIGNID','dbgssystem.dto.AutoDTO_DB_DBXX_JC-DB_FOREIGNID','','','2','FOREIGNID','2','2','402880e7487c3e0301487c983a7600d8');
INSERT INTO REPORTMODEL_FIELD VALUES('A0B4018BA43A417187C33880A2899F13','2','1','250','','-6','扩展字段1','','','','1','extend1','2','2','402880e7487c3e0301487c983a7600d8');
INSERT INTO REPORTMODEL_FIELD VALUES('F4A0D8262E4E4F2EBA9EAE480A09DBEB','2','1','250','','-7','扩展字段2','','','','1','extend2','2','2','402880e7487c3e0301487c983a7600d8');
INSERT INTO REPORTMODEL_FIELD VALUES('E9BEC0E7B44F40078EC2835D694AAC05','2','1','250','','-8','扩展字段3','','','','1','extend3','2','2','402880e7487c3e0301487c983a7600d8');
INSERT INTO REPORTMODEL_FIELD VALUES('5179456BAEA0465DA1E69A4191F42C7A','2','1','250','','-9','扩展字段4','','','','1','extend4','2','2','402880e7487c3e0301487c983a7600d8');
INSERT INTO REPORTMODEL_FIELD VALUES('6C805ED6DF784BBB95EEFA8181ED1D94','2','1','250','','-10','扩展字段5','','','','1','extend5','2','2','402880e7487c3e0301487c983a7600d8');
INSERT INTO REPORTMODEL_FIELD VALUES('402880e7487d1d6801487d2df7a5003c','2','2','50','','-3','校验状态','RPTCheckType','','','2','RPTCheckType','2','2','402880e7487c3e0301487c9c66fd00e1');
INSERT INTO REPORTMODEL_FIELD VALUES('F0F053838F954DB2BC6BF670FCD9DEFE','2','2','1','0','-1','回执状态','RPTFeedbackType','','','2','RPTFeedbackType','2','2','402880e7487c3e0301487c9c66fd00e1');
INSERT INTO REPORTMODEL_FIELD VALUES('AF0068D545414403BA1BE954B199782F','2','2','1','0','-2','报送状态','RPTSendType','','','2','RPTSendType','2','2','402880e7487c3e0301487c9c66fd00e1');
INSERT INTO REPORTMODEL_FIELD VALUES('402880e7487c3e0301487c9d10a800e4','2','1','50','','1','缴费类别','','JFLB','','1','JFLB','2','1','402880e7487c3e0301487c9c66fd00e1');
INSERT INTO REPORTMODEL_FIELD VALUES('402880e7487c3e0301487c9d7ce500e7','2','1','50','','2','记账日期','','','','1','JZRQ','2','1','402880e7487c3e0301487c9c66fd00e1');
INSERT INTO REPORTMODEL_FIELD VALUES('402880e7487c3e0301487c9df87e00ec','2','1','50','','3','金额','','','','1','JE','2','1','402880e7487c3e0301487c9c66fd00e1');
INSERT INTO REPORTMODEL_FIELD VALUES('402880e7487c3e0301487c9e790500ef','2','1','50','','3','缴纳方式','','JNFS','','1','JNFS','2','1','402880e7487c3e0301487c9c66fd00e1');
INSERT INTO REPORTMODEL_FIELD VALUES('402880e7487c3e0301487c9f982c00f2','2','1','50','','5','缴纳频率','','BFJNPL','','1','JNPL','2','1','402880e7487c3e0301487c9c66fd00e1');
INSERT INTO REPORTMODEL_FIELD VALUES('402880e7487c3e0301487ca03a0400f5','2','1','50','','6','计费起始日期','','','','1','JFQSRQ','2','1','402880e7487c3e0301487c9c66fd00e1');
INSERT INTO REPORTMODEL_FIELD VALUES('402880e7487c3e0301487ca0cf3300f8','2','1','50','','7','保费缴纳状态','','BFJNZT','','1','BFJNZT','2','1','402880e7487c3e0301487c9c66fd00e1');
INSERT INTO REPORTMODEL_FIELD VALUES('402880e7487c3e0301487ca1725200fd','2','1','50','','8','缴纳结束日期','','','','1','JNJSRQ','2','1','402880e7487c3e0301487c9c66fd00e1');
INSERT INTO REPORTMODEL_FIELD VALUES('402880e7487c3e0301487ca1e2390100','2','1','50','','9','余额','','','','1','YE','2','1','402880e7487c3e0301487c9c66fd00e1');
INSERT INTO REPORTMODEL_FIELD VALUES('402880e7487c3e0301487ca2ab180103','2','1','50','','10','累计欠缴金额','','','','1','LJQJJE','2','1','402880e7487c3e0301487c9c66fd00e1');
INSERT INTO REPORTMODEL_FIELD VALUES('402880e748aac0760148abdf7413000f','2','1','200','','11','预留字段','','','','1','YLZD','2','1','402880e7487c3e0301487c9c66fd00e1');
INSERT INTO REPORTMODEL_FIELD VALUES('402880e7487d5dbb01487d779a15005c','1','2','','','1001','ID','','','','2','autoID','2','2','402880e7487c3e0301487c9c66fd00e1');
INSERT INTO REPORTMODEL_FIELD VALUES('402880e7487d1d6801487d2e656a003f','2','1','','','1002','FOREIGNID','dbgssystem.dto.AutoDTO_DB_DBXX_JC-DB_FOREIGNID','','','2','FOREIGNID','2','2','402880e7487c3e0301487c9c66fd00e1');
INSERT INTO REPORTMODEL_FIELD VALUES('4C6B6E6BBFFC44D2B3C62CDC423DFBFA','2','1','250','','-6','扩展字段1','','','','1','extend1','2','2','402880e7487c3e0301487c9c66fd00e1');
INSERT INTO REPORTMODEL_FIELD VALUES('D280E33713964E31831FA4E94BAD2497','2','1','250','','-7','扩展字段2','','','','1','extend2','2','2','402880e7487c3e0301487c9c66fd00e1');
INSERT INTO REPORTMODEL_FIELD VALUES('1DA65E724C0D4971916624DB7AEC91EE','2','1','250','','-8','扩展字段3','','','','1','extend3','2','2','402880e7487c3e0301487c9c66fd00e1');
INSERT INTO REPORTMODEL_FIELD VALUES('8BB2D1398F494ED180C7B4873B8B8756','2','1','250','','-9','扩展字段4','','','','1','extend4','2','2','402880e7487c3e0301487c9c66fd00e1');
INSERT INTO REPORTMODEL_FIELD VALUES('AC200BC9CCAF47B286A2DE99C084707D','2','1','250','','-10','扩展字段5','','','','1','extend5','2','2','402880e7487c3e0301487c9c66fd00e1');
INSERT INTO REPORTMODEL_FIELD VALUES('3E496368A83B4C1C839A7FAF6FEF478A','2','2','1','0','-1','回执状态','RPTFeedbackType','','','2','RPTFeedbackType','2','2','402880e7487c3e0301487ca3c2e20106');
INSERT INTO REPORTMODEL_FIELD VALUES('402880e7487d1d6801487d3091a00042','2','2','50','','-3','校验状态','RPTCheckType','','','2','RPTCheckType','2','2','402880e7487c3e0301487ca3c2e20106');
INSERT INTO REPORTMODEL_FIELD VALUES('201482A0509F430FB292A405ADF3F29C','2','2','1','0','-2','报送状态','RPTSendType','','','2','RPTSendType','2','2','402880e7487c3e0301487ca3c2e20106');
INSERT INTO REPORTMODEL_FIELD VALUES('402880e7487c3e0301487ca466e00109','2','1','50','','1','应缴日期','','','','1','YJRQ','2','1','402880e7487c3e0301487ca3c2e20106');
INSERT INTO REPORTMODEL_FIELD VALUES('402880e7487c3e0301487ca4e1cc010c','2','1','50','','2','应缴金额','','','','1','YJJE','2','1','402880e7487c3e0301487ca3c2e20106');
INSERT INTO REPORTMODEL_FIELD VALUES('402880e7487c3e0301487ca570b5010f','2','1','50','','3','实缴日期','','','','1','SJRQ','2','1','402880e7487c3e0301487ca3c2e20106');
INSERT INTO REPORTMODEL_FIELD VALUES('402880e7487c3e0301487ca5ec8c0112','2','1','50','','4','欠缴金额','','','','1','QJJE','2','1','402880e7487c3e0301487ca3c2e20106');
INSERT INTO REPORTMODEL_FIELD VALUES('402880e7487c3e0301487ca6a89c0115','2','1','50','','6','本期保费缴纳状态','','BQBFJNZT','','1','BQBFJNZT','2','1','402880e7487c3e0301487ca3c2e20106');
INSERT INTO REPORTMODEL_FIELD VALUES('402880e748aac0760148abe08f0c0012','2','1','200','','7','预留字段','','','','1','YLZD','2','1','402880e7487c3e0301487ca3c2e20106');
INSERT INTO REPORTMODEL_FIELD VALUES('402880e7487d5dbb01487d7808b70060','1','2','','','1001','ID','','','','2','autoID','2','2','402880e7487c3e0301487ca3c2e20106');
INSERT INTO REPORTMODEL_FIELD VALUES('402880e7487d1d6801487d30e4070045','2','1','','','1002','FOREIGNID','dbgssystem.dto.AutoDTO_DB_DBXX_JC-DB_FOREIGNID','','','2','FOREIGNID','2','2','402880e7487c3e0301487ca3c2e20106');
INSERT INTO REPORTMODEL_FIELD VALUES('C7CCF1696F88409484EE5ABDD22A7F41','2','1','250','','-6','扩展字段1','','','','1','extend1','2','2','402880e7487c3e0301487ca3c2e20106');
INSERT INTO REPORTMODEL_FIELD VALUES('CA3F00CEB45B4CC08AE47E04E2F50449','2','1','250','','-7','扩展字段2','','','','1','extend2','2','2','402880e7487c3e0301487ca3c2e20106');
INSERT INTO REPORTMODEL_FIELD VALUES('F238CD45A890475ABEE2E908C5FC9191','2','1','250','','-8','扩展字段3','','','','1','extend3','2','2','402880e7487c3e0301487ca3c2e20106');
INSERT INTO REPORTMODEL_FIELD VALUES('485444116D09400D8DD64777DD2B1A3E','2','1','250','','-9','扩展字段4','','','','1','extend4','2','2','402880e7487c3e0301487ca3c2e20106');
INSERT INTO REPORTMODEL_FIELD VALUES('6B936DB09BE643F3AB570E7A14546194','2','1','250','','-10','扩展字段5','','','','1','extend5','2','2','402880e7487c3e0301487ca3c2e20106');
INSERT INTO REPORTMODEL_FIELD VALUES('402880e748819910014881c8cf0c0018','2','2','','','-3','校验状态','RPTCheckType','','','2','RPTCheckType','2','2','402880e748819910014881c5a740000b');
INSERT INTO REPORTMODEL_FIELD VALUES('B71722B8A1C147259C01C55134BE4262','2','2','1','0','-1','回执状态','RPTFeedbackType','','','2','RPTFeedbackType','2','2','402880e748819910014881c5a740000b');
INSERT INTO REPORTMODEL_FIELD VALUES('60C0688A3ECB4580AA3BB919D4D79A58','2','2','1','0','-2','报送状态','RPTSendType','','','2','RPTSendType','2','2','402880e748819910014881c5a740000b');
INSERT INTO REPORTMODEL_FIELD VALUES('402880e748819910014881c663d5000e','2','1','50','','1','追偿日期','','','','1','ZCRQ','2','1','402880e748819910014881c5a740000b');
INSERT INTO REPORTMODEL_FIELD VALUES('402880e748819910014881c6f1260011','2','1','50','','2','追偿金额','','','','1','ZCJE','2','1','402880e748819910014881c5a740000b');
INSERT INTO REPORTMODEL_FIELD VALUES('402880e748819910014881c97986001d','1','2','','','1001','ID','','','','2','autoID','2','2','402880e748819910014881c5a740000b');
INSERT INTO REPORTMODEL_FIELD VALUES('402880e748819910014881c93f03001b','2','1','','','1002','FOREIGNID','dbgssystem.dto.AutoDTO_DB_DBXX_JC-DB_FOREIGNID','','','2','FOREIGNID','2','2','402880e748819910014881c5a740000b');
INSERT INTO REPORTMODEL_FIELD VALUES('24A31A4AC8EE493CB60500A5C0496503','2','1','250','','-6','扩展字段1','','','','1','extend1','2','2','402880e748819910014881c5a740000b');
INSERT INTO REPORTMODEL_FIELD VALUES('2A5BE304AEFC4C5F9CA6C6502C1F63EE','2','1','250','','-7','扩展字段2','','','','1','extend2','2','2','402880e748819910014881c5a740000b');
INSERT INTO REPORTMODEL_FIELD VALUES('5C58F3B563B94CE4A8D5AA857D32329C','2','1','250','','-8','扩展字段3','','','','1','extend3','2','2','402880e748819910014881c5a740000b');
INSERT INTO REPORTMODEL_FIELD VALUES('8E1DF1D9B91D4F9291E5E541EEB5F70B','2','1','250','','-9','扩展字段4','','','','1','extend4','2','2','402880e748819910014881c5a740000b');
INSERT INTO REPORTMODEL_FIELD VALUES('F5FB6223644A4D118FBACB599991DE21','2','1','250','','-10','扩展字段5','','','','1','extend5','2','2','402880e748819910014881c5a740000b');
INSERT INTO REPORTMODEL_FIELD values('4028dd81554244c701554257928f0020','1','1','32',0,'1','主键ID','','','','2','autoBSBGJLID','2','2','4028dd81554244c701554256db92001b');
INSERT INTO REPORTMODEL_FIELD values('4028dd81554244c70155425792be0021','2','1','200',0,'2','变更后的担保业务编号','','','','2','BGHDDBYWBH','2','2','4028dd81554244c701554256db92001b');
INSERT INTO REPORTMODEL_FIELD values('4028dd81554244c70155425792cd0022','2','1','50',0,'3','担保机构代码','','','','2','DBJGDM','2','2','4028dd81554244c701554256db92001b');
INSERT INTO REPORTMODEL_FIELD values('4028dd81554244c70155425792ed0023','2','1','255',0,'4','校验状态','RPTCheckType','','','2','RPTCheckType','2','2','4028dd81554244c701554256db92001b');
INSERT INTO REPORTMODEL_FIELD values('4028dd81554244c701554257933b0024','2','1','1',0,'5','回执状态','RPTFeedbackType','','','1','RPTFeedbackType','2','1','4028dd81554244c701554256db92001b');
INSERT INTO REPORTMODEL_FIELD values('4028dd81554244c70155425794050025','2','1','255',0,'6','报送状态','RPTSendType','','','2','RPTSendType','2','2','4028dd81554244c701554256db92001b');
INSERT INTO REPORTMODEL_FIELD values('4028dd81554244c701554257956c0026','2','1','255',0,'7','提交状态','RPTSubmitStatus','','','2','RPTSubmitStatus','2','2','4028dd81554244c701554256db92001b');
INSERT INTO REPORTMODEL_FIELD values('4028dd81554244c70155425796560027','2','1','255',0,'8','审核状态','RPTVerifyType','','','2','RPTVerifyType','2','2','4028dd81554244c701554256db92001b');
INSERT INTO REPORTMODEL_FIELD values('4028dd81554244c70155425796860028','2','1','50',0,'9','数据报告日期','','','','2','SJBGRQ','2','2','4028dd81554244c701554256db92001b');
INSERT INTO REPORTMODEL_FIELD values('4028dd81554244c70155425796b50029','2','1','200',0,'10','原担保业务编号','','','','2','YDBYWBH','2','2','4028dd81554244c701554256db92001b');
INSERT INTO REPORTMODEL_FIELD values('4028dd81554244c70155425796d4002a','2','1','8',0,'11','数据时间','','','','2','dtDate','3','2','4028dd81554244c701554256db92001b');
INSERT INTO REPORTMODEL_FIELD values('4028dd81554244c70155425796e4002b','2','1','250',0,'12','扩展字段1','','','','1','extend1','2','1','4028dd81554244c701554256db92001b');
INSERT INTO REPORTMODEL_FIELD values('4028dd81554244c7015542579722002c','2','1','250',0,'13','扩展字段2','','','','1','extend2','2','1','4028dd81554244c701554256db92001b');
INSERT INTO REPORTMODEL_FIELD values('4028dd81554244c7015542579732002d','2','1','250',0,'14','扩展字段3','','','','1','extend3','2','1','4028dd81554244c701554256db92001b');
INSERT INTO REPORTMODEL_FIELD values('4028dd81554244c7015542579751002e','2','1','250',0,'15','扩展字段4','','','','1','extend4','2','1','4028dd81554244c701554256db92001b');
INSERT INTO REPORTMODEL_FIELD values('4028dd81554244c7015542579760002f','2','1','250',0,'16','扩展字段5','','','','1','extend5','2','1','4028dd81554244c701554256db92001b');
INSERT INTO REPORTMODEL_FIELD values('4028dd81554244c70155425797700030','2','1','8',0,'17','最后修改时间','','','','2','lastUpdateDate','3','2','4028dd81554244c701554256db92001b');
INSERT INTO REPORTMODEL_FIELD values('4028dd81554244c70155425797800031','1','1','50',0,'18','机构','coresystem.dto.InstInfo-strInstCode','','','2','instInfo','2','2','4028dd81554244c701554256db92001b');
INSERT INTO REPORTMODEL_FIELD values('4028dd81554244c701554257978f0032','1','1','50',0,'19','操作员','coresystem.dto.UserInfo-operationUser','','','1','operationUser','2','1','4028dd81554244c701554256db92001b');
INSERT INTO REPORTMODEL_FIELD values('4028dd81554244c701554257b9af0033','1','1','32',0,'1','主键ID','','','','2','autoSCQQJLID','2','2','4028dd81554244c7015542576a6a001e');
INSERT INTO REPORTMODEL_FIELD values('4028dd81554244c701554257b9bf0034','2','1','50',0,'2','担保机构代码','','','','2','DBJGDM','2','2','4028dd81554244c7015542576a6a001e');
INSERT INTO REPORTMODEL_FIELD values('4028dd81554244c701554257b9ce0035','2','1','200',0,'3','担保业务编号','','','','2','DBYWBH','2','2','4028dd81554244c7015542576a6a001e');
INSERT INTO REPORTMODEL_FIELD values('4028dd81554244c701554257b9ed0036','2','1','255',0,'4','校验状态','RPTCheckType','','','2','RPTCheckType','2','2','4028dd81554244c7015542576a6a001e');
INSERT INTO REPORTMODEL_FIELD values('4028dd81554244c701554257b9fd0037','2','1','1',0,'5','回执状态','RPTFeedbackType','','','1','RPTFeedbackType','2','1','4028dd81554244c7015542576a6a001e');
INSERT INTO REPORTMODEL_FIELD values('4028dd81554244c701554257ba0d0038','2','1','255',0,'6','报送状态','RPTSendType','','','2','RPTSendType','2','2','4028dd81554244c7015542576a6a001e');
INSERT INTO REPORTMODEL_FIELD values('4028dd81554244c701554257ba1c0039','2','1','255',0,'7','提交状态','RPTSubmitStatus','','','2','RPTSubmitStatus','2','2','4028dd81554244c7015542576a6a001e');
INSERT INTO REPORTMODEL_FIELD values('4028dd81554244c701554257ba4b003a','2','1','255',0,'8','审核状态','RPTVerifyType','','','2','RPTVerifyType','2','2','4028dd81554244c7015542576a6a001e');
INSERT INTO REPORTMODEL_FIELD values('4028dd81554244c701554257ba5b003b','2','1','50',0,'9','删除类型','','','','2','SCLX','2','2','4028dd81554244c7015542576a6a001e');
INSERT INTO REPORTMODEL_FIELD values('4028dd81554244c701554257ba7a003c','2','1','50',0,'10','数据报告日期','','','','2','SJBGRQ','2','2','4028dd81554244c7015542576a6a001e');
INSERT INTO REPORTMODEL_FIELD values('4028dd81554244c701554257ba89003d','2','1','8',0,'11','数据时间','','','','2','dtDate','3','2','4028dd81554244c7015542576a6a001e');
INSERT INTO REPORTMODEL_FIELD values('4028dd81554244c701554257ba99003e','2','1','250',0,'12','扩展字段1','','','','1','extend1','2','1','4028dd81554244c7015542576a6a001e');
INSERT INTO REPORTMODEL_FIELD values('4028dd81554244c701554257bab8003f','2','1','250',0,'13','扩展字段2','','','','1','extend2','2','1','4028dd81554244c7015542576a6a001e');
INSERT INTO REPORTMODEL_FIELD values('4028dd81554244c701554257bac80040','2','1','250',0,'14','扩展字段3','','','','1','extend3','2','1','4028dd81554244c7015542576a6a001e');
INSERT INTO REPORTMODEL_FIELD values('4028dd81554244c701554257bad70041','2','1','250',0,'15','扩展字段4','','','','1','extend4','2','1','4028dd81554244c7015542576a6a001e');
INSERT INTO REPORTMODEL_FIELD values('4028dd81554244c701554257baf70042','2','1','250',0,'16','扩展字段5','','','','1','extend5','2','1','4028dd81554244c7015542576a6a001e');
INSERT INTO REPORTMODEL_FIELD values('4028dd81554244c701554257bb060043','2','1','8',0,'17','最后修改时间','','','','2','lastUpdateDate','3','2','4028dd81554244c7015542576a6a001e');
INSERT INTO REPORTMODEL_FIELD values('4028dd81554244c701554257bb160044','1','1','50',0,'18','机构','coresystem.dto.InstInfo-strInstCode','','','2','instInfo','2','2','4028dd81554244c7015542576a6a001e');
INSERT INTO REPORTMODEL_FIELD values('4028dd81554244c701554257bb350045','1','1','50',0,'19','操作员','coresystem.dto.UserInfo-operationUser','','','1','operationUser','2','1','4028dd81554244c7015542576a6a001e');
insert into DBGSDownload(strReportCode,SJBGRQ,dtDate,strJRJGCode,strReportName,strReportType) values ('81',NULL,NULL,null,'担保业务信息正常报文','15');
insert into DBGSDownload(strReportCode,SJBGRQ,dtDate,strJRJGCode,strReportName,strReportType) values('82',NULL,NULL,null,'担保业务信息标识变更报文','16');
insert into DBGSDownload(strReportCode,SJBGRQ,dtDate,strJRJGCode,strReportName,strReportType) values('83',NULL,NULL,null,'担保业务信息删除报文','17');
