--会话工厂
INSERT INTO AUTOETL_DATASOURCE(AUTODATASOURCEID,SESSIONFACTORY,STRDATABASETYPE,STRDISCRIPTION) values( '402881d84830818401483082dae10005','sessionFactory','3','ZXPT' );

--主题
insert into SUIT VALUES ('WHZH','外汇账户', null); 

--生成表
insert into WHZHDownload(strReportCode,YWFSRQ,strJRJGCode,strReportName,strSendType) values('WGJ_ACC_CA','','','账户开关户信息','');
insert into WHZHDownload(strReportCode,YWFSRQ,strJRJGCode,strReportName,strSendType) values('WGJ_ACC_CB','','','账户收支余信息','');

--外汇表
insert INTO REPORTMODEL_TABLE VALUES ('402880e94a523410014a524c4edb0008','1','2','Check_WGJ_ACC_CA','账户开关户信息',null,'WGJ_ACC_CA','402881d84830818401483082dae10005','WHZH');
insert INTO REPORTMODEL_TABLE VALUES ('402880e94a523410014a524cbb87000b','1','2','Check_WGJ_ACC_CB','账户收支余信息',null,'WGJ_ACC_CB','402881d84830818401483082dae10005','WHZH');

--外汇字段
insert into ReportModel_Field(autoFieldID,IsKey,isEnable,nLength,nPrecise,nSeq,strChinaName,strConstList,strDBConstList,strDiscription,strEmptyType,strFieldName,strFieldType,strLogicEmptyType,AutoTableID) values('0264A2D4F10545BF8D2ACCC054A31F5F','2','1','250',0,'-15','扩展字段5','','','','1','extend5','2','1','402880e94a523410014a524cbb87000b');
insert into ReportModel_Field(autoFieldID,IsKey,isEnable,nLength,nPrecise,nSeq,strChinaName,strConstList,strDBConstList,strDiscription,strEmptyType,strFieldName,strFieldType,strLogicEmptyType,AutoTableID) values('04681A2037CF494996511DA538812816','2','1','0',0,'-1','数据时间','','','','1','dtDate','3','2','402880e94a523410014a524c4edb0008');
insert into ReportModel_Field(autoFieldID,IsKey,isEnable,nLength,nPrecise,nSeq,strChinaName,strConstList,strDBConstList,strDiscription,strEmptyType,strFieldName,strFieldType,strLogicEmptyType,AutoTableID) values('0469FD1B1B30498894E7B723E3E2AB8E','2','1','50',0,'15','限额类型','','ZHXELX','','1','Limit_type','2','1','402880e94a523410014a524c4edb0008');
insert into ReportModel_Field(autoFieldID,IsKey,isEnable,nLength,nPrecise,nSeq,strChinaName,strConstList,strDBConstList,strDiscription,strEmptyType,strFieldName,strFieldType,strLogicEmptyType,AutoTableID) values('09A8AAC92A0E4272B06B412DF5A77499','2','1','0',0,'-1','数据时间','','','','1','dtDate','3','2','402880e94a523410014a524cbb87000b');
insert into ReportModel_Field(autoFieldID,IsKey,isEnable,nLength,nPrecise,nSeq,strChinaName,strConstList,strDBConstList,strDiscription,strEmptyType,strFieldName,strFieldType,strLogicEmptyType,AutoTableID) values('09AEAB81F10040DFAB16FAFDD908C6E7','2','1','1',0,'-7','审核状态','RPTVerifyType','','','1','RPTVerifyType','2','2','402880e94a523410014a524cbb87000b');
insert into ReportModel_Field(autoFieldID,IsKey,isEnable,nLength,nPrecise,nSeq,strChinaName,strConstList,strDBConstList,strDiscription,strEmptyType,strFieldName,strFieldType,strLogicEmptyType,AutoTableID) values('155D9A6496EA4E79B95C96C813365D31','2','1','20',0,'-2','机构','coresystem.dto.InstInfo-strInstCode','','','1','instInfo','2','2','402880e94a523410014a524c4edb0008');
insert into ReportModel_Field(autoFieldID,IsKey,isEnable,nLength,nPrecise,nSeq,strChinaName,strConstList,strDBConstList,strDiscription,strEmptyType,strFieldName,strFieldType,strLogicEmptyType,AutoTableID) values('1C92C2A780A04B1AA8C2A93C43C3DDA3','2','1','50',0,'7','开户主体类型','','KHZTLX','','1','AMTYPE','2','1','402880e94a523410014a524c4edb0008');
insert into ReportModel_Field(autoFieldID,IsKey,isEnable,nLength,nPrecise,nSeq,strChinaName,strConstList,strDBConstList,strDiscription,strEmptyType,strFieldName,strFieldType,strLogicEmptyType,AutoTableID) values('231D885A443F4FDB9931BBD3399415A8','2','1','250',0,'-11','扩展字段1','','','','1','extend1','2','1','402880e94a523410014a524c4edb0008');
insert into ReportModel_Field(autoFieldID,IsKey,isEnable,nLength,nPrecise,nSeq,strChinaName,strConstList,strDBConstList,strDiscription,strEmptyType,strFieldName,strFieldType,strLogicEmptyType,AutoTableID) values('269499788A4D4E1E948AA854C6CB4B7F','2','1','50',0,'14','外汇局批件号/备案表号/ 业务编号','','','','1','file_number','2','1','402880e94a523410014a524c4edb0008');
insert into ReportModel_Field(autoFieldID,IsKey,isEnable,nLength,nPrecise,nSeq,strChinaName,strConstList,strDBConstList,strDiscription,strEmptyType,strFieldName,strFieldType,strLogicEmptyType,AutoTableID) values('28006B1AED3C4CF5B24993EA5E32B41E','2','1','50',0,'8','当日借方发生额','','','','1','debit','2','1','402880e94a523410014a524cbb87000b');
insert into ReportModel_Field(autoFieldID,IsKey,isEnable,nLength,nPrecise,nSeq,strChinaName,strConstList,strDBConstList,strDiscription,strEmptyType,strFieldName,strFieldType,strLogicEmptyType,AutoTableID) values('28B3EB8AB3FD4C949A14114F590B7DD6','2','2','100',0,'-9','下载序号','','','','1','XZXH','2','1','402880e94a523410014a524cbb87000b');
insert into ReportModel_Field(autoFieldID,IsKey,isEnable,nLength,nPrecise,nSeq,strChinaName,strConstList,strDBConstList,strDiscription,strEmptyType,strFieldName,strFieldType,strLogicEmptyType,AutoTableID) values('2973D8DE9C7549EE9C7A914BF965DCAB','2','1','1',0,'-3','校验状态','RPTCheckType','','','1','RPTCheckType','2','2','402880e94a523410014a524cbb87000b');
insert into ReportModel_Field(autoFieldID,IsKey,isEnable,nLength,nPrecise,nSeq,strChinaName,strConstList,strDBConstList,strDiscription,strEmptyType,strFieldName,strFieldType,strLogicEmptyType,AutoTableID) values('2CFD10FF93784C90811A37451B32DFAA','2','1','250',0,'-14','扩展字段4','','','','1','extend4','2','1','402880e94a523410014a524c4edb0008');
insert into ReportModel_Field(autoFieldID,IsKey,isEnable,nLength,nPrecise,nSeq,strChinaName,strConstList,strDBConstList,strDiscription,strEmptyType,strFieldName,strFieldType,strLogicEmptyType,AutoTableID) values('2FF5A20DD9B7454598E37B55597A28BA','2','2','1',0,'-10','回执状态','RPTFeedbackType','','','2','RPTFeedbackType','2','2','402880e94a523410014a524c4edb0008');
insert into ReportModel_Field(autoFieldID,IsKey,isEnable,nLength,nPrecise,nSeq,strChinaName,strConstList,strDBConstList,strDiscription,strEmptyType,strFieldName,strFieldType,strLogicEmptyType,AutoTableID) values('329106C8FA15436191A70C8016CC95F5','2','1','250',0,'-12','扩展字段2','','','','1','extend2','2','1','402880e94a523410014a524c4edb0008');
insert into ReportModel_Field(autoFieldID,IsKey,isEnable,nLength,nPrecise,nSeq,strChinaName,strConstList,strDBConstList,strDiscription,strEmptyType,strFieldName,strFieldType,strLogicEmptyType,AutoTableID) values('337C82BFFBCB49C195E124DED0907B02','2','1','20',0,'-2','机构','coresystem.dto.InstInfo-strInstCode','','','1','instInfo','2','2','402880e94a523410014a524cbb87000b');
insert into ReportModel_Field(autoFieldID,IsKey,isEnable,nLength,nPrecise,nSeq,strChinaName,strConstList,strDBConstList,strDiscription,strEmptyType,strFieldName,strFieldType,strLogicEmptyType,AutoTableID) values('36B66936408240179AE2582C73C25021','2','1','100',0,'5','账号','','','','1','accountNO','2','1','402880e94a523410014a524c4edb0008');
insert into ReportModel_Field(autoFieldID,IsKey,isEnable,nLength,nPrecise,nSeq,strChinaName,strConstList,strDBConstList,strDiscription,strEmptyType,strFieldName,strFieldType,strLogicEmptyType,AutoTableID) values('3D023232CCE147D0ACBFA2D4EA6F17DA','2','1','250',0,'-13','扩展字段3','','','','1','extend3','2','1','402880e94a523410014a524c4edb0008');
insert into ReportModel_Field(autoFieldID,IsKey,isEnable,nLength,nPrecise,nSeq,strChinaName,strConstList,strDBConstList,strDiscription,strEmptyType,strFieldName,strFieldType,strLogicEmptyType,AutoTableID) values('3D40BF9D04EF4EB198831CB52AAF047F','2','1','50',0,'11','账户类别','','ZHLB','','1','account_CATA','2','1','402880e94a523410014a524c4edb0008');
insert into ReportModel_Field(autoFieldID,IsKey,isEnable,nLength,nPrecise,nSeq,strChinaName,strConstList,strDBConstList,strDiscription,strEmptyType,strFieldName,strFieldType,strLogicEmptyType,AutoTableID) values('504328F19AA748C383532E09328EEFFD','2','1','50',0,'8','开户主体代码','','','','1','en_code','2','1','402880e94a523410014a524c4edb0008');
insert into ReportModel_Field(autoFieldID,IsKey,isEnable,nLength,nPrecise,nSeq,strChinaName,strConstList,strDBConstList,strDiscription,strEmptyType,strFieldName,strFieldType,strLogicEmptyType,AutoTableID) values('52F53411992A4A039BDA616B5891F264','2','1','50',0,'7','当日贷方发生额','','','','1','credit','2','1','402880e94a523410014a524cbb87000b');
insert into ReportModel_Field(autoFieldID,IsKey,isEnable,nLength,nPrecise,nSeq,strChinaName,strConstList,strDBConstList,strDiscription,strEmptyType,strFieldName,strFieldType,strLogicEmptyType,AutoTableID) values('56067C95453640B69AD4BADBD21FC227','2','1','150',0,'4','金融机构名称','','','','1','BRANCH_NAME','2','1','402880e94a523410014a524c4edb0008');
insert into ReportModel_Field(autoFieldID,IsKey,isEnable,nLength,nPrecise,nSeq,strChinaName,strConstList,strDBConstList,strDiscription,strEmptyType,strFieldName,strFieldType,strLogicEmptyType,AutoTableID) values('5A2F51AF535446049DF9863FB4073F91','2','1','50',0,'16','账户限额','','','','1','Account_limit','2','1','402880e94a523410014a524c4edb0008');
insert into ReportModel_Field(autoFieldID,IsKey,isEnable,nLength,nPrecise,nSeq,strChinaName,strConstList,strDBConstList,strDiscription,strEmptyType,strFieldName,strFieldType,strLogicEmptyType,AutoTableID) values('5FDF11964EDD44F3ACEB4B4A6803AB8D','2','1','50',0,'3','金融机构标识码','','','','1','BRANCH_CODE','2','1','402880e94a523410014a524c4edb0008');
insert into ReportModel_Field(autoFieldID,IsKey,isEnable,nLength,nPrecise,nSeq,strChinaName,strConstList,strDBConstList,strDiscription,strEmptyType,strFieldName,strFieldType,strLogicEmptyType,AutoTableID) values('60EE685D69C5420EBE65429B14C5680E','2','1','250',0,'-13','扩展字段3','','','','1','extend3','2','1','402880e94a523410014a524cbb87000b');
insert into ReportModel_Field(autoFieldID,IsKey,isEnable,nLength,nPrecise,nSeq,strChinaName,strConstList,strDBConstList,strDiscription,strEmptyType,strFieldName,strFieldType,strLogicEmptyType,AutoTableID) values('61A54DEC8DEA4C3AB50FF1114EBE6B34','2','1','1',0,'-3','校验状态','RPTCheckType','','','1','RPTCheckType','2','2','402880e94a523410014a524c4edb0008');
insert into ReportModel_Field(autoFieldID,IsKey,isEnable,nLength,nPrecise,nSeq,strChinaName,strConstList,strDBConstList,strDiscription,strEmptyType,strFieldName,strFieldType,strLogicEmptyType,AutoTableID) values('63FC886D3D7240B8B75AE3682E7B5308','2','1','150',0,'9','开户主体名称','','','','1','en_name','2','1','402880e94a523410014a524c4edb0008');
insert into ReportModel_Field(autoFieldID,IsKey,isEnable,nLength,nPrecise,nSeq,strChinaName,strConstList,strDBConstList,strDiscription,strEmptyType,strFieldName,strFieldType,strLogicEmptyType,AutoTableID) values('6886789B4B114E90985130A55D5F396C','2','1','150',0,'2','删除原因','','','','1','ACTIONDESC','2','1','402880e94a523410014a524c4edb0008');
insert into ReportModel_Field(autoFieldID,IsKey,isEnable,nLength,nPrecise,nSeq,strChinaName,strConstList,strDBConstList,strDiscription,strEmptyType,strFieldName,strFieldType,strLogicEmptyType,AutoTableID) values('6AC0C0AE8B1C4048A15CE4B07D4F9937','2','1','250',0,'2','删除原因','','','','1','ACTIONDESC','2','1','402880e94a523410014a524cbb87000b');
insert into ReportModel_Field(autoFieldID,IsKey,isEnable,nLength,nPrecise,nSeq,strChinaName,strConstList,strDBConstList,strDiscription,strEmptyType,strFieldName,strFieldType,strLogicEmptyType,AutoTableID) values('6C2E7F9273D8494EB037A973D3065D59','2','1','0',0,'-6','最后修改时间','','','','1','lastUpdateDate','7','2','402880e94a523410014a524cbb87000b');
insert into ReportModel_Field(autoFieldID,IsKey,isEnable,nLength,nPrecise,nSeq,strChinaName,strConstList,strDBConstList,strDiscription,strEmptyType,strFieldName,strFieldType,strLogicEmptyType,AutoTableID) values('6CE320CC54654E70A088420CB321B1B3','2','1','50',0,'5','发生日期','','','','1','deal_date','2','1','402880e94a523410014a524cbb87000b');
insert into ReportModel_Field(autoFieldID,IsKey,isEnable,nLength,nPrecise,nSeq,strChinaName,strConstList,strDBConstList,strDiscription,strEmptyType,strFieldName,strFieldType,strLogicEmptyType,AutoTableID) values('6F6776AF172D41BCA501EDA70FFB039D','2','1','50',0,'1','操作类型','','CZLX','','1','ACTIONTYPE','2','1','402880e94a523410014a524c4edb0008');
insert into ReportModel_Field(autoFieldID,IsKey,isEnable,nLength,nPrecise,nSeq,strChinaName,strConstList,strDBConstList,strDiscription,strEmptyType,strFieldName,strFieldType,strLogicEmptyType,AutoTableID) values('77CD82759D48475E9B9F1CED9AFC6CFF','2','1','50',0,'-5','操作员','coresystem.dto.UserInfo-operationUser','','','1','operationUser','2','1','402880e94a523410014a524cbb87000b');
insert into ReportModel_Field(autoFieldID,IsKey,isEnable,nLength,nPrecise,nSeq,strChinaName,strConstList,strDBConstList,strDiscription,strEmptyType,strFieldName,strFieldType,strLogicEmptyType,AutoTableID) values('78D35CEC27354632AA5E1F4FE642100C','2','1','500',0,'10','备注','','','','1','REMARK','2','1','402880e94a523410014a524cbb87000b');
insert into ReportModel_Field(autoFieldID,IsKey,isEnable,nLength,nPrecise,nSeq,strChinaName,strConstList,strDBConstList,strDiscription,strEmptyType,strFieldName,strFieldType,strLogicEmptyType,AutoTableID) values('7DA77E51F7C045A39F42581AE9EAFFC7','2','1','250',0,'-11','扩展字段1','','','','1','extend1','2','1','402880e94a523410014a524cbb87000b');
insert into ReportModel_Field(autoFieldID,IsKey,isEnable,nLength,nPrecise,nSeq,strChinaName,strConstList,strDBConstList,strDiscription,strEmptyType,strFieldName,strFieldType,strLogicEmptyType,AutoTableID) values('7E0D0A0FBB654092AE43571D2C5B5141','2','1','50',0,'9','账户余额','','','','1','balance','2','1','402880e94a523410014a524cbb87000b');
insert into ReportModel_Field(autoFieldID,IsKey,isEnable,nLength,nPrecise,nSeq,strChinaName,strConstList,strDBConstList,strDiscription,strEmptyType,strFieldName,strFieldType,strLogicEmptyType,AutoTableID) values('80EB25F06E4543A9B7508BCCEF5F6B6F','2','1','0',0,'-6','最后修改时间','','','','1','lastUpdateDate','7','2','402880e94a523410014a524c4edb0008');
insert into ReportModel_Field(autoFieldID,IsKey,isEnable,nLength,nPrecise,nSeq,strChinaName,strConstList,strDBConstList,strDiscription,strEmptyType,strFieldName,strFieldType,strLogicEmptyType,AutoTableID) values('87E337069CFF4CABBA34BFEF60D70BF9','2','1','50',0,'10','账户性质代码','','ZHXZDM','','1','account_type','2','1','402880e94a523410014a524c4edb0008');
insert into ReportModel_Field(autoFieldID,IsKey,isEnable,nLength,nPrecise,nSeq,strChinaName,strConstList,strDBConstList,strDiscription,strEmptyType,strFieldName,strFieldType,strLogicEmptyType,AutoTableID) values('8CFDEAFC133F4AFCB798A14D49007F71','2','1','500',0,'17','备注','','','','1','REMARK','2','1','402880e94a523410014a524c4edb0008');
insert into ReportModel_Field(autoFieldID,IsKey,isEnable,nLength,nPrecise,nSeq,strChinaName,strConstList,strDBConstList,strDiscription,strEmptyType,strFieldName,strFieldType,strLogicEmptyType,AutoTableID) values('9204461F685F4879A04F073A1D9B3603','2','1','50',0,'1','操作类型','','CZLX','','1','ACTIONTYPE','2','1','402880e94a523410014a524cbb87000b');
insert into ReportModel_Field(autoFieldID,IsKey,isEnable,nLength,nPrecise,nSeq,strChinaName,strConstList,strDBConstList,strDiscription,strEmptyType,strFieldName,strFieldType,strLogicEmptyType,AutoTableID) values('9ED38F74C7E7469491F28B7A0BDC802D','2','1','1',0,'-4','报送状态','RPTSendType','','','1','RPTSendType','2','2','402880e94a523410014a524cbb87000b');
insert into ReportModel_Field(autoFieldID,IsKey,isEnable,nLength,nPrecise,nSeq,strChinaName,strConstList,strDBConstList,strDiscription,strEmptyType,strFieldName,strFieldType,strLogicEmptyType,AutoTableID) values('A0366B722C864B77B5FD9C61904F30E7','2','1','1',0,'-7','审核状态','RPTVerifyType','','','1','RPTVerifyType','2','2','402880e94a523410014a524c4edb0008');
insert into ReportModel_Field(autoFieldID,IsKey,isEnable,nLength,nPrecise,nSeq,strChinaName,strConstList,strDBConstList,strDiscription,strEmptyType,strFieldName,strFieldType,strLogicEmptyType,AutoTableID) values('A12EC658CEA848C2BB41A26B886AF650','2','1','250',0,'-15','扩展字段5','','','','1','extend5','2','1','402880e94a523410014a524c4edb0008');
insert into ReportModel_Field(autoFieldID,IsKey,isEnable,nLength,nPrecise,nSeq,strChinaName,strConstList,strDBConstList,strDiscription,strEmptyType,strFieldName,strFieldType,strLogicEmptyType,AutoTableID) values('A2B034EDAD5140E09DE48BF4FF88ACFD','2','1','50',0,'4','金融机构标识码','','','','1','BRANCH_CODE','2','1','402880e94a523410014a524cbb87000b');
insert into ReportModel_Field(autoFieldID,IsKey,isEnable,nLength,nPrecise,nSeq,strChinaName,strConstList,strDBConstList,strDiscription,strEmptyType,strFieldName,strFieldType,strLogicEmptyType,AutoTableID) values('A308AF1F997B49FEBC892A0B50D4CD1F','2','1','100',0,'3','账号','','','','1','accountNO','2','1','402880e94a523410014a524cbb87000b');
insert into ReportModel_Field(autoFieldID,IsKey,isEnable,nLength,nPrecise,nSeq,strChinaName,strConstList,strDBConstList,strDiscription,strEmptyType,strFieldName,strFieldType,strLogicEmptyType,AutoTableID) values('A8B6EF99B5484F5F9E3D36ECD6E80E5F','1','1','0',0,'1001','ID','','','','1','autoID','2','1','402880e94a523410014a524c4edb0008');
insert into ReportModel_Field(autoFieldID,IsKey,isEnable,nLength,nPrecise,nSeq,strChinaName,strConstList,strDBConstList,strDiscription,strEmptyType,strFieldName,strFieldType,strLogicEmptyType,AutoTableID) values('B3ADF90869CB4F6EAE2F56EB4A32A848','2','1','50',0,'12','币种','','WHZH_BZ','','1','CURRENCY_code','2','1','402880e94a523410014a524c4edb0008');
insert into ReportModel_Field(autoFieldID,IsKey,isEnable,nLength,nPrecise,nSeq,strChinaName,strConstList,strDBConstList,strDiscription,strEmptyType,strFieldName,strFieldType,strLogicEmptyType,AutoTableID) values('B7CD026459D947078D01FDB5EA448993','2','1','50',0,'6','币种','','WHZH_BZ','','1','CURRENCY_code','2','1','402880e94a523410014a524cbb87000b');
insert into ReportModel_Field(autoFieldID,IsKey,isEnable,nLength,nPrecise,nSeq,strChinaName,strConstList,strDBConstList,strDiscription,strEmptyType,strFieldName,strFieldType,strLogicEmptyType,AutoTableID) values('B7F8DA346CA84AC384891F940DF1B83F','2','1','1',0,'-8','提交状态','RPTSubmitStatus','','','1','RPTSubmitStatus','2','2','402880e94a523410014a524cbb87000b');
insert into ReportModel_Field(autoFieldID,IsKey,isEnable,nLength,nPrecise,nSeq,strChinaName,strConstList,strDBConstList,strDiscription,strEmptyType,strFieldName,strFieldType,strLogicEmptyType,AutoTableID) values('BE18ABE41DEA49528ABEAD034F2CD677','2','2','1',0,'-10','回执状态','RPTFeedbackType','','','2','RPTFeedbackType','2','2','402880e94a523410014a524cbb87000b');
insert into ReportModel_Field(autoFieldID,IsKey,isEnable,nLength,nPrecise,nSeq,strChinaName,strConstList,strDBConstList,strDiscription,strEmptyType,strFieldName,strFieldType,strLogicEmptyType,AutoTableID) values('C0AB9ADA45634176B3F759498272B8D2','2','1','50',0,'6','账户状态','','ZHZT','','1','accountSTAT','2','1','402880e94a523410014a524c4edb0008');
insert into ReportModel_Field(autoFieldID,IsKey,isEnable,nLength,nPrecise,nSeq,strChinaName,strConstList,strDBConstList,strDiscription,strEmptyType,strFieldName,strFieldType,strLogicEmptyType,AutoTableID) values('CAF2726033DF4AEC9CC262E5F9C20873','2','1','1',0,'-4','报送状态','RPTSendType','','','1','RPTSendType','2','2','402880e94a523410014a524c4edb0008');
insert into ReportModel_Field(autoFieldID,IsKey,isEnable,nLength,nPrecise,nSeq,strChinaName,strConstList,strDBConstList,strDiscription,strEmptyType,strFieldName,strFieldType,strLogicEmptyType,AutoTableID) values('CC1C3FB6A9A745AEB4B8D5B7C95BB685','1','1','0',0,'1001','ID','','','','1','autoID','2','1','402880e94a523410014a524cbb87000b');
insert into ReportModel_Field(autoFieldID,IsKey,isEnable,nLength,nPrecise,nSeq,strChinaName,strConstList,strDBConstList,strDiscription,strEmptyType,strFieldName,strFieldType,strLogicEmptyType,AutoTableID) values('D594A26F08424FE5BEDD1C2C114EC97F','2','1','50',0,'-5','操作员','coresystem.dto.UserInfo-operationUser','','','1','operationUser','2','1','402880e94a523410014a524c4edb0008');
insert into ReportModel_Field(autoFieldID,IsKey,isEnable,nLength,nPrecise,nSeq,strChinaName,strConstList,strDBConstList,strDiscription,strEmptyType,strFieldName,strFieldType,strLogicEmptyType,AutoTableID) values('D6FB6A1C2DAC4513A89222BCEF910EE7','2','2','100',0,'-9','下载序号','','','','1','XZXH','2','1','402880e94a523410014a524c4edb0008');
insert into ReportModel_Field(autoFieldID,IsKey,isEnable,nLength,nPrecise,nSeq,strChinaName,strConstList,strDBConstList,strDiscription,strEmptyType,strFieldName,strFieldType,strLogicEmptyType,AutoTableID) values('D83325F4384A453EA11845FC59E60A5A','2','1','250',0,'-12','扩展字段2','','','','1','extend2','2','1','402880e94a523410014a524cbb87000b');
insert into ReportModel_Field(autoFieldID,IsKey,isEnable,nLength,nPrecise,nSeq,strChinaName,strConstList,strDBConstList,strDiscription,strEmptyType,strFieldName,strFieldType,strLogicEmptyType,AutoTableID) values('E98FC8B2189A4A51B36A0879CC39A872','2','1','50',0,'13','业务发生日期','','','','1','BUSINESS_DATE','2','1','402880e94a523410014a524c4edb0008');
insert into ReportModel_Field(autoFieldID,IsKey,isEnable,nLength,nPrecise,nSeq,strChinaName,strConstList,strDBConstList,strDiscription,strEmptyType,strFieldName,strFieldType,strLogicEmptyType,AutoTableID) values('F4E6CEB546F045F39F1FC846A4619E8E','2','1','1',0,'-8','提交状态','RPTSubmitStatus','','','1','RPTSubmitStatus','2','2','402880e94a523410014a524c4edb0008');
insert into ReportModel_Field(autoFieldID,IsKey,isEnable,nLength,nPrecise,nSeq,strChinaName,strConstList,strDBConstList,strDiscription,strEmptyType,strFieldName,strFieldType,strLogicEmptyType,AutoTableID) values('FAEFF62FD1404FB598079CEAD891EE83','2','1','250',0,'-14','扩展字段4','','','','1','extend4','2','1','402880e94a523410014a524cbb87000b');

--外汇
INSERT INTO SYSTEMCODESET(strCodeId,strSetName) VALUES ('CZLX','操作类型'); 
INSERT INTO SYSTEMCODESET(strCodeId,strSetName) VALUES ('ZHZT','账户状态'); 
INSERT INTO SYSTEMCODESET(strCodeId,strSetName) VALUES ('KHZTLX','开户主体类型'); 
INSERT INTO SYSTEMCODESET(strCodeId,strSetName) VALUES ('ZHLB','账户类别'); 
INSERT INTO SYSTEMCODESET(strCodeId,strSetName) VALUES ('WHZH_BZ','外汇账户_币种'); 
INSERT INTO SYSTEMCODESET(strCodeId,strSetName) VALUES ('ZHXELX','账户限额类型'); 
INSERT INTO SYSTEMCODESET(strCodeId,strSetName) VALUES ('ZHXZDM','账户性质代码'); 

--外汇值域
INSERT INTO SYSTEMCODEVALUE(AUTOSYSTEMCODEID,STRCODE,STRORDER,STRVALUE,STRSETCODE) VALUES ('2D8E549F5C6B40239C66421176809A2D','A',1,'A-新建','CZLX');
INSERT INTO SYSTEMCODEVALUE(AUTOSYSTEMCODEID,STRCODE,STRORDER,STRVALUE,STRSETCODE) VALUES ('D8A72DD474DC4A9A9D2AA4EB3F495F7A','C',2,'C-修改','CZLX');
INSERT INTO SYSTEMCODEVALUE(AUTOSYSTEMCODEID,STRCODE,STRORDER,STRVALUE,STRSETCODE) VALUES ('FF3F055989914AB28599F1A5C420BA7B','D',3,'D-删除','CZLX');
INSERT INTO SYSTEMCODEVALUE(AUTOSYSTEMCODEID,STRCODE,STRORDER,STRVALUE,STRSETCODE) VALUES ('211FE37E728F46CD9F736A920090BFEF','11',1,'11-对公','KHZTLX');
INSERT INTO SYSTEMCODEVALUE(AUTOSYSTEMCODEID,STRCODE,STRORDER,STRVALUE,STRSETCODE) VALUES ('9F83361125ED462E8F1A29801BFC2511','12',2,'12-对私居民','KHZTLX');
INSERT INTO SYSTEMCODEVALUE(AUTOSYSTEMCODEID,STRCODE,STRORDER,STRVALUE,STRSETCODE) VALUES ('D853703E13D446A8B3183242C16FB8FC','13',3,'13-对私非居民','KHZTLX');
INSERT INTO SYSTEMCODEVALUE(AUTOSYSTEMCODEID,STRCODE,STRORDER,STRVALUE,STRSETCODE) VALUES ('59946CA485334526B27975B87FA8962E','ADP',1,'ADP-安道尔比赛塔','WHZH_BZ');
INSERT INTO SYSTEMCODEVALUE(AUTOSYSTEMCODEID,STRCODE,STRORDER,STRVALUE,STRSETCODE) VALUES ('CF8E2AD9D726473993FFF14C927F452E','AED',2,'AED-阿联酋UAE 迪拉姆','WHZH_BZ');
INSERT INTO SYSTEMCODEVALUE(AUTOSYSTEMCODEID,STRCODE,STRORDER,STRVALUE,STRSETCODE) VALUES ('A72DF7CC962B4F1D8E4FD4D1F0567EF5','AFA',3,'AFA-阿富汗尼','WHZH_BZ');
INSERT INTO SYSTEMCODEVALUE(AUTOSYSTEMCODEID,STRCODE,STRORDER,STRVALUE,STRSETCODE) VALUES ('3C4A3968168E49F5B5078CCC3AF2CB8B','ALL',4,'ALL-阿尔巴尼亚列克','WHZH_BZ');
INSERT INTO SYSTEMCODEVALUE(AUTOSYSTEMCODEID,STRCODE,STRORDER,STRVALUE,STRSETCODE) VALUES ('DD7CB93B632141A994DD6B6F4BF10007','AMD',5,'AMD-亚美尼亚达姆','WHZH_BZ');
INSERT INTO SYSTEMCODEVALUE(AUTOSYSTEMCODEID,STRCODE,STRORDER,STRVALUE,STRSETCODE) VALUES ('BC4A1C134C78451AB726B37E233E7C70','ANG',6,'ANG-荷属安的列斯盾','WHZH_BZ');
INSERT INTO SYSTEMCODEVALUE(AUTOSYSTEMCODEID,STRCODE,STRORDER,STRVALUE,STRSETCODE) VALUES ('9C1E47D757A9442D9062D7AB45393858','AOA',7,'AOA-安哥拉宽扎','WHZH_BZ');
INSERT INTO SYSTEMCODEVALUE(AUTOSYSTEMCODEID,STRCODE,STRORDER,STRVALUE,STRSETCODE) VALUES ('CD00AAAC23644124AE6495B16C3150F0','ARS',8,'ARS-阿根廷比索','WHZH_BZ');
INSERT INTO SYSTEMCODEVALUE(AUTOSYSTEMCODEID,STRCODE,STRORDER,STRVALUE,STRSETCODE) VALUES ('51654988E2BC47D19EE9DA5C62BD1E76','ASF',9,'ASF-记账瑞士法郎','WHZH_BZ');
INSERT INTO SYSTEMCODEVALUE(AUTOSYSTEMCODEID,STRCODE,STRORDER,STRVALUE,STRSETCODE) VALUES ('022CFFAEBCAB4019AC50308247C66FE2','ATS',10,'ATS-奥地利先令','WHZH_BZ');
INSERT INTO SYSTEMCODEVALUE(AUTOSYSTEMCODEID,STRCODE,STRORDER,STRVALUE,STRSETCODE) VALUES ('AE866F580BE34CDEB33BD2CD20382704','AUD',11,'AUD-澳大利亚元','WHZH_BZ');
INSERT INTO SYSTEMCODEVALUE(AUTOSYSTEMCODEID,STRCODE,STRORDER,STRVALUE,STRSETCODE) VALUES ('A0B1D16697D344FF8A570D782DE369DF','AWG',12,'AWG-阿鲁巴盾','WHZH_BZ');
INSERT INTO SYSTEMCODEVALUE(AUTOSYSTEMCODEID,STRCODE,STRORDER,STRVALUE,STRSETCODE) VALUES ('76F11F368C294191BEDF0BA09BC7F51C','AZM',13,'AZM-阿塞拜疆马纳特','WHZH_BZ');
INSERT INTO SYSTEMCODEVALUE(AUTOSYSTEMCODEID,STRCODE,STRORDER,STRVALUE,STRSETCODE) VALUES ('B0F7175B04054CB780AD740E6DE0A2CA','BAM',14,'BAM-可自由兑换标记','WHZH_BZ');
INSERT INTO SYSTEMCODEVALUE(AUTOSYSTEMCODEID,STRCODE,STRORDER,STRVALUE,STRSETCODE) VALUES ('6643EDC2150E4A3EB259C50E4860B84B','BBD',15,'BBD-巴巴多斯元','WHZH_BZ');
INSERT INTO SYSTEMCODEVALUE(AUTOSYSTEMCODEID,STRCODE,STRORDER,STRVALUE,STRSETCODE) VALUES ('A535B89CB1014D009BA3CA57A5F0C9A5','BDT',16,'BDT-孟加拉国塔卡','WHZH_BZ');
INSERT INTO SYSTEMCODEVALUE(AUTOSYSTEMCODEID,STRCODE,STRORDER,STRVALUE,STRSETCODE) VALUES ('0AB032BB44C0461DB72AEC0E03ACECD0','BEF',17,'BEF-比利时法郎','WHZH_BZ');
INSERT INTO SYSTEMCODEVALUE(AUTOSYSTEMCODEID,STRCODE,STRORDER,STRVALUE,STRSETCODE) VALUES ('EFB805157CC74FDB945DCA467954F595','BGL',18,'BGL-保加利亚列弗','WHZH_BZ');
INSERT INTO SYSTEMCODEVALUE(AUTOSYSTEMCODEID,STRCODE,STRORDER,STRVALUE,STRSETCODE) VALUES ('5CF1B7098A254061A6B1D2A55DFC047F','BGN',19,'BGN-保加利亚列弗','WHZH_BZ');
INSERT INTO SYSTEMCODEVALUE(AUTOSYSTEMCODEID,STRCODE,STRORDER,STRVALUE,STRSETCODE) VALUES ('7CFB3104FA71431B83300CF17DF6CF69','BHD',20,'BHD-巴林第纳尔','WHZH_BZ');
INSERT INTO SYSTEMCODEVALUE(AUTOSYSTEMCODEID,STRCODE,STRORDER,STRVALUE,STRSETCODE) VALUES ('10CE85F144EA4A86ACFCF4AFD3667678','BIF',21,'BIF-布隆迪法郎','WHZH_BZ');
INSERT INTO SYSTEMCODEVALUE(AUTOSYSTEMCODEID,STRCODE,STRORDER,STRVALUE,STRSETCODE) VALUES ('B4ECE262FF964F1FB687ED35B4BAEB44','BMD',22,'BMD-百慕大元','WHZH_BZ');
INSERT INTO SYSTEMCODEVALUE(AUTOSYSTEMCODEID,STRCODE,STRORDER,STRVALUE,STRSETCODE) VALUES ('F794B2BDFB7943A48C68197F45A056C3','BND',23,'BND-文莱元','WHZH_BZ');
INSERT INTO SYSTEMCODEVALUE(AUTOSYSTEMCODEID,STRCODE,STRORDER,STRVALUE,STRSETCODE) VALUES ('00C6188A8A5A47478EA7FAA7657D75C6','BOB',24,'BOB-玻利维亚比索','WHZH_BZ');
INSERT INTO SYSTEMCODEVALUE(AUTOSYSTEMCODEID,STRCODE,STRORDER,STRVALUE,STRSETCODE) VALUES ('A3B12E95297B4DC0874FFC6F75AAB516','BOV',25,'BOV-Mvdol','WHZH_BZ');
INSERT INTO SYSTEMCODEVALUE(AUTOSYSTEMCODEID,STRCODE,STRORDER,STRVALUE,STRSETCODE) VALUES ('4EB9C0281EFB48938030134321FACDD3','BRL',26,'BRL-巴西瑞尔','WHZH_BZ');
INSERT INTO SYSTEMCODEVALUE(AUTOSYSTEMCODEID,STRCODE,STRORDER,STRVALUE,STRSETCODE) VALUES ('AD47879E7B8646018D488B2A2A190EF3','BSD',27,'BSD-巴哈马元','WHZH_BZ');
INSERT INTO SYSTEMCODEVALUE(AUTOSYSTEMCODEID,STRCODE,STRORDER,STRVALUE,STRSETCODE) VALUES ('D862FC7E23934A28907970E648990498','BTN',28,'BTN-不丹努尔特鲁姆','WHZH_BZ');
INSERT INTO SYSTEMCODEVALUE(AUTOSYSTEMCODEID,STRCODE,STRORDER,STRVALUE,STRSETCODE) VALUES ('B81003C87306497D9C2DFEE96B16D1B0','BWP',29,'BWP-博茨瓦纳普拉','WHZH_BZ');
INSERT INTO SYSTEMCODEVALUE(AUTOSYSTEMCODEID,STRCODE,STRORDER,STRVALUE,STRSETCODE) VALUES ('01E22E0066B54D0BBA9A3A49C11E8335','BYR',30,'BYR-白俄罗斯卢布','WHZH_BZ');
INSERT INTO SYSTEMCODEVALUE(AUTOSYSTEMCODEID,STRCODE,STRORDER,STRVALUE,STRSETCODE) VALUES ('84EA06E064224F7F8D65FE1E7A6B0515','BZD',31,'BZD-伯利兹元','WHZH_BZ');
INSERT INTO SYSTEMCODEVALUE(AUTOSYSTEMCODEID,STRCODE,STRORDER,STRVALUE,STRSETCODE) VALUES ('A47E78D59C8345188BF2646BE3D25DB1','CAD',32,'CAD-加元','WHZH_BZ');
INSERT INTO SYSTEMCODEVALUE(AUTOSYSTEMCODEID,STRCODE,STRORDER,STRVALUE,STRSETCODE) VALUES ('64AB13A247C9475B91E65A6128FD3DB4','CDF',33,'CDF-刚果法郎','WHZH_BZ');
INSERT INTO SYSTEMCODEVALUE(AUTOSYSTEMCODEID,STRCODE,STRORDER,STRVALUE,STRSETCODE) VALUES ('35535B6D581148FEA63AAB89DD6BDE1B','CHF',34,'CHF-瑞士法郎','WHZH_BZ');
INSERT INTO SYSTEMCODEVALUE(AUTOSYSTEMCODEID,STRCODE,STRORDER,STRVALUE,STRSETCODE) VALUES ('2244EB4AC23D4C4B9F10A3C1A96DD9ED','CLF',35,'CLF-发展单位','WHZH_BZ');
INSERT INTO SYSTEMCODEVALUE(AUTOSYSTEMCODEID,STRCODE,STRORDER,STRVALUE,STRSETCODE) VALUES ('493B9798322B43178C067E7A547E4ADA','CLP',36,'CLP-智利比索','WHZH_BZ');
INSERT INTO SYSTEMCODEVALUE(AUTOSYSTEMCODEID,STRCODE,STRORDER,STRVALUE,STRSETCODE) VALUES ('DDEA935F133541E6B355A1C9C1FEE166','CNY',37,'CNY-人民币元','WHZH_BZ');
INSERT INTO SYSTEMCODEVALUE(AUTOSYSTEMCODEID,STRCODE,STRORDER,STRVALUE,STRSETCODE) VALUES ('A9C86977CDF44588A8854D790819B356','COP',38,'COP-哥伦比亚比索','WHZH_BZ');
INSERT INTO SYSTEMCODEVALUE(AUTOSYSTEMCODEID,STRCODE,STRORDER,STRVALUE,STRSETCODE) VALUES ('3168AA1355804C12BE10B95A411286D4','CRC',39,'CRC-哥斯达黎加科郎','WHZH_BZ');
INSERT INTO SYSTEMCODEVALUE(AUTOSYSTEMCODEID,STRCODE,STRORDER,STRVALUE,STRSETCODE) VALUES ('953D9DA1E38440E2865E918F6F3D184E','CUP',40,'CUP-古巴比索','WHZH_BZ');
INSERT INTO SYSTEMCODEVALUE(AUTOSYSTEMCODEID,STRCODE,STRORDER,STRVALUE,STRSETCODE) VALUES ('B262CBF79BBE4BCB87AD17C4BA7257B9','CVE',41,'CVE-佛得角埃斯库多','WHZH_BZ');
INSERT INTO SYSTEMCODEVALUE(AUTOSYSTEMCODEID,STRCODE,STRORDER,STRVALUE,STRSETCODE) VALUES ('45B362A208174685A9CCBBBDFAFD97B2','CYP',42,'CYP-塞浦路斯镑','WHZH_BZ');
INSERT INTO SYSTEMCODEVALUE(AUTOSYSTEMCODEID,STRCODE,STRORDER,STRVALUE,STRSETCODE) VALUES ('95F69376D07C4F3182FC6CBAE3741FA2','CZK',43,'CZK-捷克克朗','WHZH_BZ');
INSERT INTO SYSTEMCODEVALUE(AUTOSYSTEMCODEID,STRCODE,STRORDER,STRVALUE,STRSETCODE) VALUES ('54FAD4173FEF4BC38511555FA0A2A593','DEM',44,'DEM-德国马克','WHZH_BZ');
INSERT INTO SYSTEMCODEVALUE(AUTOSYSTEMCODEID,STRCODE,STRORDER,STRVALUE,STRSETCODE) VALUES ('494CC1A1DB3C4BC7B71644DA2DFC53A6','DJF',45,'DJF-吉布提法郎','WHZH_BZ');
INSERT INTO SYSTEMCODEVALUE(AUTOSYSTEMCODEID,STRCODE,STRORDER,STRVALUE,STRSETCODE) VALUES ('78CB2503DB5F4BB18E676663AA3C2CE3','DKK',46,'DKK-丹麦克朗','WHZH_BZ');
INSERT INTO SYSTEMCODEVALUE(AUTOSYSTEMCODEID,STRCODE,STRORDER,STRVALUE,STRSETCODE) VALUES ('EA0B68286CA44AAE8D072058A1069804','DOP',47,'DOP-多米尼加比索','WHZH_BZ');
INSERT INTO SYSTEMCODEVALUE(AUTOSYSTEMCODEID,STRCODE,STRORDER,STRVALUE,STRSETCODE) VALUES ('3556FD92029344759AF316C5F7640A80','DZD',48,'DZD-阿尔及利亚第纳尔','WHZH_BZ');
INSERT INTO SYSTEMCODEVALUE(AUTOSYSTEMCODEID,STRCODE,STRORDER,STRVALUE,STRSETCODE) VALUES ('B9603325FF404325870940962D61C8E0','EEK',49,'EEK-克罗姆','WHZH_BZ');
INSERT INTO SYSTEMCODEVALUE(AUTOSYSTEMCODEID,STRCODE,STRORDER,STRVALUE,STRSETCODE) VALUES ('CFD103668CD949CDB8F8A2473661AD40','EGP',50,'EGP-埃及镑','WHZH_BZ');
INSERT INTO SYSTEMCODEVALUE(AUTOSYSTEMCODEID,STRCODE,STRORDER,STRVALUE,STRSETCODE) VALUES ('8943DAF15CEF40CBBE0F79CF2E30321C','ERN',51,'ERN-厄立特里亚纳克法','WHZH_BZ');
INSERT INTO SYSTEMCODEVALUE(AUTOSYSTEMCODEID,STRCODE,STRORDER,STRVALUE,STRSETCODE) VALUES ('27B4367E7D3F4C7EA6BED70A81C2F23A','ESP',52,'ESP-西班牙比塞塔','WHZH_BZ');
INSERT INTO SYSTEMCODEVALUE(AUTOSYSTEMCODEID,STRCODE,STRORDER,STRVALUE,STRSETCODE) VALUES ('16DC9FB156E945DCAB6279BDEAB5BFE3','ETB',53,'ETB-埃塞俄比亚比尔','WHZH_BZ');
INSERT INTO SYSTEMCODEVALUE(AUTOSYSTEMCODEID,STRCODE,STRORDER,STRVALUE,STRSETCODE) VALUES ('197BDD6DA62B4443A962D4833A84A44E','EUR',54,'EUR-欧元','WHZH_BZ');
INSERT INTO SYSTEMCODEVALUE(AUTOSYSTEMCODEID,STRCODE,STRORDER,STRVALUE,STRSETCODE) VALUES ('3C415EB481C24A3DAF40B345B543622E','FIM',55,'FIM-芬兰马克','WHZH_BZ');
INSERT INTO SYSTEMCODEVALUE(AUTOSYSTEMCODEID,STRCODE,STRORDER,STRVALUE,STRSETCODE) VALUES ('84C68CB975A0405BBC3EFFD4E2500072','FJD',56,'FJD-斐济元','WHZH_BZ');
INSERT INTO SYSTEMCODEVALUE(AUTOSYSTEMCODEID,STRCODE,STRORDER,STRVALUE,STRSETCODE) VALUES ('81938D04AFEC4A2A9452D53541988043','FKP',57,'FKP-福克兰群岛镑','WHZH_BZ');
INSERT INTO SYSTEMCODEVALUE(AUTOSYSTEMCODEID,STRCODE,STRORDER,STRVALUE,STRSETCODE) VALUES ('647E8FC8D22A40AA8C0A191F437747C5','FRF',58,'FRF-法国法郎','WHZH_BZ');
INSERT INTO SYSTEMCODEVALUE(AUTOSYSTEMCODEID,STRCODE,STRORDER,STRVALUE,STRSETCODE) VALUES ('F6F92B1FABEF4D46A60D88224072D562','GBP',59,'GBP-英镑','WHZH_BZ');
INSERT INTO SYSTEMCODEVALUE(AUTOSYSTEMCODEID,STRCODE,STRORDER,STRVALUE,STRSETCODE) VALUES ('64B5D267B018432DB4E2EAA6AF904545','GEL',60,'GEL-格鲁吉亚拉里','WHZH_BZ');
INSERT INTO SYSTEMCODEVALUE(AUTOSYSTEMCODEID,STRCODE,STRORDER,STRVALUE,STRSETCODE) VALUES ('B0CBDB2CB7DF4B92BB79D69EFFFC71EA','GHC',61,'GHC-加纳塞地','WHZH_BZ');
INSERT INTO SYSTEMCODEVALUE(AUTOSYSTEMCODEID,STRCODE,STRORDER,STRVALUE,STRSETCODE) VALUES ('CC513CB68A744D91A53971A7981F645C','GIP',62,'GIP-直布罗陀镑','WHZH_BZ');
INSERT INTO SYSTEMCODEVALUE(AUTOSYSTEMCODEID,STRCODE,STRORDER,STRVALUE,STRSETCODE) VALUES ('DD88D3EE96E247AA950643913B560AC7','GMD',63,'GMD-冈比亚达拉西','WHZH_BZ');
INSERT INTO SYSTEMCODEVALUE(AUTOSYSTEMCODEID,STRCODE,STRORDER,STRVALUE,STRSETCODE) VALUES ('4D401E23D94440DC99A750C9175C72B7','GNF',64,'GNF-几内亚法郎','WHZH_BZ');
INSERT INTO SYSTEMCODEVALUE(AUTOSYSTEMCODEID,STRCODE,STRORDER,STRVALUE,STRSETCODE) VALUES ('0424B96BBC534F33A6D725C3257BB39A','GRD',65,'GRD-希腊德拉克马','WHZH_BZ');
INSERT INTO SYSTEMCODEVALUE(AUTOSYSTEMCODEID,STRCODE,STRORDER,STRVALUE,STRSETCODE) VALUES ('AA65531EE01149B2802571500401E768','GTQ',66,'GTQ-危地马拉格查尔','WHZH_BZ');
INSERT INTO SYSTEMCODEVALUE(AUTOSYSTEMCODEID,STRCODE,STRORDER,STRVALUE,STRSETCODE) VALUES ('0442252C3D0240CC8B2D5BAD395DD995','GWP',67,'GWP-几内亚比绍比索','WHZH_BZ');
INSERT INTO SYSTEMCODEVALUE(AUTOSYSTEMCODEID,STRCODE,STRORDER,STRVALUE,STRSETCODE) VALUES ('791FDC2D9D624664B5A0986428C1971E','GYD',68,'GYD-圭亚那元','WHZH_BZ');
INSERT INTO SYSTEMCODEVALUE(AUTOSYSTEMCODEID,STRCODE,STRORDER,STRVALUE,STRSETCODE) VALUES ('05680BDDA4644F578C7C546D075A73E3','HKD',69,'HKD-香港元','WHZH_BZ');
INSERT INTO SYSTEMCODEVALUE(AUTOSYSTEMCODEID,STRCODE,STRORDER,STRVALUE,STRSETCODE) VALUES ('7592816BDCBC4614A14F6C0E3FA3371A','HNL',70,'HNL-洪都拉斯伦皮拉','WHZH_BZ');
INSERT INTO SYSTEMCODEVALUE(AUTOSYSTEMCODEID,STRCODE,STRORDER,STRVALUE,STRSETCODE) VALUES ('A1F0BC661CCE4A22A325F1E77687B269','HRK',71,'HRK-克罗地亚库纳','WHZH_BZ');
INSERT INTO SYSTEMCODEVALUE(AUTOSYSTEMCODEID,STRCODE,STRORDER,STRVALUE,STRSETCODE) VALUES ('7CA0E776AD9B4B968D3477B367D1ABD4','HTG',72,'HTG-海地古德','WHZH_BZ');
INSERT INTO SYSTEMCODEVALUE(AUTOSYSTEMCODEID,STRCODE,STRORDER,STRVALUE,STRSETCODE) VALUES ('F55305488D7247E7AC7507EA9978AC80','HUF',73,'HUF-匈牙利福林','WHZH_BZ');
INSERT INTO SYSTEMCODEVALUE(AUTOSYSTEMCODEID,STRCODE,STRORDER,STRVALUE,STRSETCODE) VALUES ('8D0F5FE7F4CF4772A2F13C1302436C70','IDR',74,'IDR-印度尼西亚卢比','WHZH_BZ');
INSERT INTO SYSTEMCODEVALUE(AUTOSYSTEMCODEID,STRCODE,STRORDER,STRVALUE,STRSETCODE) VALUES ('0668DA264B4A446C94825A3FE2F763F2','IEP',75,'IEP-爱尔兰镑','WHZH_BZ');
INSERT INTO SYSTEMCODEVALUE(AUTOSYSTEMCODEID,STRCODE,STRORDER,STRVALUE,STRSETCODE) VALUES ('4A192A71A1374698839D452498240573','ILS',76,'ILS-以色列锡克尔','WHZH_BZ');
INSERT INTO SYSTEMCODEVALUE(AUTOSYSTEMCODEID,STRCODE,STRORDER,STRVALUE,STRSETCODE) VALUES ('D623E5D9F2A345949A482ED8C6E65DA5','INR',77,'INR-印度卢比','WHZH_BZ');
INSERT INTO SYSTEMCODEVALUE(AUTOSYSTEMCODEID,STRCODE,STRORDER,STRVALUE,STRSETCODE) VALUES ('BC82177DDB40449F8EE329429C6EC89B','IQD',78,'IQD-伊拉克第纳尔','WHZH_BZ');
INSERT INTO SYSTEMCODEVALUE(AUTOSYSTEMCODEID,STRCODE,STRORDER,STRVALUE,STRSETCODE) VALUES ('8A9F1DD148D145CDAC7FAA351431E5BB','IRR',79,'IRR-伊朗里亚尔','WHZH_BZ');
INSERT INTO SYSTEMCODEVALUE(AUTOSYSTEMCODEID,STRCODE,STRORDER,STRVALUE,STRSETCODE) VALUES ('E758672793E44A4C80931285B431FF03','ISK',80,'ISK-冰岛克朗','WHZH_BZ');
INSERT INTO SYSTEMCODEVALUE(AUTOSYSTEMCODEID,STRCODE,STRORDER,STRVALUE,STRSETCODE) VALUES ('D5CCB445525D4F439D39E1DFECAEB622','ITL',81,'ITL-意大利里拉','WHZH_BZ');
INSERT INTO SYSTEMCODEVALUE(AUTOSYSTEMCODEID,STRCODE,STRORDER,STRVALUE,STRSETCODE) VALUES ('CB3D9B00BA544CD8B036EF8332669ADE','JMD',82,'JMD-牙买加元','WHZH_BZ');
INSERT INTO SYSTEMCODEVALUE(AUTOSYSTEMCODEID,STRCODE,STRORDER,STRVALUE,STRSETCODE) VALUES ('661CAC8995704456ABD801472F37D159','JOD',83,'JOD-约旦第纳尔','WHZH_BZ');
INSERT INTO SYSTEMCODEVALUE(AUTOSYSTEMCODEID,STRCODE,STRORDER,STRVALUE,STRSETCODE) VALUES ('7EBFFFD40A71458ABB4CC0FB226091D0','JPY',84,'JPY-日元','WHZH_BZ');
INSERT INTO SYSTEMCODEVALUE(AUTOSYSTEMCODEID,STRCODE,STRORDER,STRVALUE,STRSETCODE) VALUES ('5EB68D92567047309BE251193A31553F','KES',85,'KES-肯尼亚先令','WHZH_BZ');
INSERT INTO SYSTEMCODEVALUE(AUTOSYSTEMCODEID,STRCODE,STRORDER,STRVALUE,STRSETCODE) VALUES ('79A56FF7C88742BCA86B821FA77724AB','KGS',86,'KGS-吉尔吉斯斯坦索姆','WHZH_BZ');
INSERT INTO SYSTEMCODEVALUE(AUTOSYSTEMCODEID,STRCODE,STRORDER,STRVALUE,STRSETCODE) VALUES ('5742C50202A94ED8B0B63977338C64A5','KHR',87,'KHR-柬埔寨瑞尔','WHZH_BZ');
INSERT INTO SYSTEMCODEVALUE(AUTOSYSTEMCODEID,STRCODE,STRORDER,STRVALUE,STRSETCODE) VALUES ('AA35EB0ACE0748C6B3A47A5CE34C215D','KMF',88,'KMF-科摩罗法郎','WHZH_BZ');
INSERT INTO SYSTEMCODEVALUE(AUTOSYSTEMCODEID,STRCODE,STRORDER,STRVALUE,STRSETCODE) VALUES ('6D310754C040412FAC1570111FDD7F74','KPW',89,'KPW-北朝鲜圆','WHZH_BZ');
INSERT INTO SYSTEMCODEVALUE(AUTOSYSTEMCODEID,STRCODE,STRORDER,STRVALUE,STRSETCODE) VALUES ('2D26BC883FAF400AB45D92838243DB6B','KRW',90,'KRW-韩国圆','WHZH_BZ');
INSERT INTO SYSTEMCODEVALUE(AUTOSYSTEMCODEID,STRCODE,STRORDER,STRVALUE,STRSETCODE) VALUES ('1DFC367DDDCA47DA81E0216108317412','KWD',91,'KWD-科威特第纳尔','WHZH_BZ');
INSERT INTO SYSTEMCODEVALUE(AUTOSYSTEMCODEID,STRCODE,STRORDER,STRVALUE,STRSETCODE) VALUES ('ACA5919E62454963AA35A7B6FA346B46','KYD',92,'KYD-开曼群岛元','WHZH_BZ');
INSERT INTO SYSTEMCODEVALUE(AUTOSYSTEMCODEID,STRCODE,STRORDER,STRVALUE,STRSETCODE) VALUES ('4BA9AE67310B4A5C99423B54E46238F1','KZT',93,'KZT-哈萨克斯坦坚戈','WHZH_BZ');
INSERT INTO SYSTEMCODEVALUE(AUTOSYSTEMCODEID,STRCODE,STRORDER,STRVALUE,STRSETCODE) VALUES ('207BC54CD0B7497CB106A8C50734C892','LAK',94,'LAK-老挝基普','WHZH_BZ');
INSERT INTO SYSTEMCODEVALUE(AUTOSYSTEMCODEID,STRCODE,STRORDER,STRVALUE,STRSETCODE) VALUES ('74A9426A44CD4AFD88B435C71A2D1365','LBP',95,'LBP-黎巴嫩镑','WHZH_BZ');
INSERT INTO SYSTEMCODEVALUE(AUTOSYSTEMCODEID,STRCODE,STRORDER,STRVALUE,STRSETCODE) VALUES ('3A66914E993B41CFB2D6D72A9872DF39','LKR',96,'LKR-斯里兰卡卢比','WHZH_BZ');
INSERT INTO SYSTEMCODEVALUE(AUTOSYSTEMCODEID,STRCODE,STRORDER,STRVALUE,STRSETCODE) VALUES ('FA22A07D56C840DBA13E4D5D8FE59007','LRD',97,'LRD-利比里亚元','WHZH_BZ');
INSERT INTO SYSTEMCODEVALUE(AUTOSYSTEMCODEID,STRCODE,STRORDER,STRVALUE,STRSETCODE) VALUES ('DF89C966B79346BFAD946BAB8C64C55E','LSL',98,'LSL-莱索托罗提','WHZH_BZ');
INSERT INTO SYSTEMCODEVALUE(AUTOSYSTEMCODEID,STRCODE,STRORDER,STRVALUE,STRSETCODE) VALUES ('06AF591392354257AF821DEED93F56A3','LTL',99,'LTL-立陶宛','WHZH_BZ');
INSERT INTO SYSTEMCODEVALUE(AUTOSYSTEMCODEID,STRCODE,STRORDER,STRVALUE,STRSETCODE) VALUES ('475349D1914D40D7AA3A1DDE25B7EB79','LUF',100,'LUF-卢森堡法郎','WHZH_BZ');
INSERT INTO SYSTEMCODEVALUE(AUTOSYSTEMCODEID,STRCODE,STRORDER,STRVALUE,STRSETCODE) VALUES ('70499BFB1DEC4418BBCAC74DB0212B84','LVL',101,'LVL-拉脱维亚拉特','WHZH_BZ');
INSERT INTO SYSTEMCODEVALUE(AUTOSYSTEMCODEID,STRCODE,STRORDER,STRVALUE,STRSETCODE) VALUES ('FDB16EFD44BA4897ACE269D2F4B07C3E','LYD',102,'LYD-利比亚第纳尔','WHZH_BZ');
INSERT INTO SYSTEMCODEVALUE(AUTOSYSTEMCODEID,STRCODE,STRORDER,STRVALUE,STRSETCODE) VALUES ('ADB5C7E681EB4CE3B1F9F25DE5DDAF94','MAD',103,'MAD-摩洛哥迪拉姆','WHZH_BZ');
INSERT INTO SYSTEMCODEVALUE(AUTOSYSTEMCODEID,STRCODE,STRORDER,STRVALUE,STRSETCODE) VALUES ('09F43AFC2BBA4235A0D83A86E7B62C0F','MDL',104,'MDL-摩尔瓦多列伊','WHZH_BZ');
INSERT INTO SYSTEMCODEVALUE(AUTOSYSTEMCODEID,STRCODE,STRORDER,STRVALUE,STRSETCODE) VALUES ('80B87A146F2C47009F18360D977D59FE','MGF',105,'MGF-马尔加什法郎','WHZH_BZ');
INSERT INTO SYSTEMCODEVALUE(AUTOSYSTEMCODEID,STRCODE,STRORDER,STRVALUE,STRSETCODE) VALUES ('6FE682BB628A4070A69805937F34236F','MKD',106,'MKD-马其顿第纳尔','WHZH_BZ');
INSERT INTO SYSTEMCODEVALUE(AUTOSYSTEMCODEID,STRCODE,STRORDER,STRVALUE,STRSETCODE) VALUES ('0FD532C955384F9FA8EFCDDA8275E143','MMK',107,'MMK-缅元','WHZH_BZ');
INSERT INTO SYSTEMCODEVALUE(AUTOSYSTEMCODEID,STRCODE,STRORDER,STRVALUE,STRSETCODE) VALUES ('2B9DCC3E17674B29AD01CE364D8863E9','MNT',108,'MNT-蒙古图格里克','WHZH_BZ');
INSERT INTO SYSTEMCODEVALUE(AUTOSYSTEMCODEID,STRCODE,STRORDER,STRVALUE,STRSETCODE) VALUES ('2C7D1618ECD441EF8FDC41B132729B4B','MOP',109,'MOP-澳门元','WHZH_BZ');
INSERT INTO SYSTEMCODEVALUE(AUTOSYSTEMCODEID,STRCODE,STRORDER,STRVALUE,STRSETCODE) VALUES ('C30AEA63F39A4D7FAD4A136804DE039C','MRO',110,'MRO-毛里塔尼亚乌吉亚','WHZH_BZ');
INSERT INTO SYSTEMCODEVALUE(AUTOSYSTEMCODEID,STRCODE,STRORDER,STRVALUE,STRSETCODE) VALUES ('2A6BE4E2DDBE4442A7DD299940107D90','MTL',111,'MTL-马尔他里拉','WHZH_BZ');
INSERT INTO SYSTEMCODEVALUE(AUTOSYSTEMCODEID,STRCODE,STRORDER,STRVALUE,STRSETCODE) VALUES ('444AB9D0BF434D28921A728C1776E9E7','MUR',112,'MUR-毛里求斯卢比','WHZH_BZ');
INSERT INTO SYSTEMCODEVALUE(AUTOSYSTEMCODEID,STRCODE,STRORDER,STRVALUE,STRSETCODE) VALUES ('C66B590267FD49A181795D0A023408D4','MVR',113,'MVR-马尔代夫卢菲亚','WHZH_BZ');
INSERT INTO SYSTEMCODEVALUE(AUTOSYSTEMCODEID,STRCODE,STRORDER,STRVALUE,STRSETCODE) VALUES ('FBDD40E6E85A4B10810FA1343FE62BA0','MWK',114,'MWK-马拉维克瓦查','WHZH_BZ');
INSERT INTO SYSTEMCODEVALUE(AUTOSYSTEMCODEID,STRCODE,STRORDER,STRVALUE,STRSETCODE) VALUES ('F0942B22A0BD4BFB822386C394B6B6CA','MXN',115,'MXN-墨西哥比索','WHZH_BZ');
INSERT INTO SYSTEMCODEVALUE(AUTOSYSTEMCODEID,STRCODE,STRORDER,STRVALUE,STRSETCODE) VALUES ('9120E0E18B074C518BA2EEC9AAF068AC','MXV',116,'MXV-墨西哥发展单位','WHZH_BZ');
INSERT INTO SYSTEMCODEVALUE(AUTOSYSTEMCODEID,STRCODE,STRORDER,STRVALUE,STRSETCODE) VALUES ('8371A70FB7DC4AF9A47D95C5EBD62615','MYR',117,'MYR-马来西亚林吉特','WHZH_BZ');
INSERT INTO SYSTEMCODEVALUE(AUTOSYSTEMCODEID,STRCODE,STRORDER,STRVALUE,STRSETCODE) VALUES ('0819765658A44F5A9BB5B60570A24D45','MZM',118,'MZM-莫桑比克麦梯卡尔','WHZH_BZ');
INSERT INTO SYSTEMCODEVALUE(AUTOSYSTEMCODEID,STRCODE,STRORDER,STRVALUE,STRSETCODE) VALUES ('F672A5B963E54475B643D5979E93D427','NAD',119,'NAD-纳米比亚元','WHZH_BZ');
INSERT INTO SYSTEMCODEVALUE(AUTOSYSTEMCODEID,STRCODE,STRORDER,STRVALUE,STRSETCODE) VALUES ('6FE2F1F70DA04234B7A2A6A19364475E','NGN',120,'NGN-尼日利亚奈拉','WHZH_BZ');
INSERT INTO SYSTEMCODEVALUE(AUTOSYSTEMCODEID,STRCODE,STRORDER,STRVALUE,STRSETCODE) VALUES ('B71706F9A7684749BB8EDA6D945BE249','NIO',121,'NIO-尼加拉瓜金科多巴','WHZH_BZ');
INSERT INTO SYSTEMCODEVALUE(AUTOSYSTEMCODEID,STRCODE,STRORDER,STRVALUE,STRSETCODE) VALUES ('B858C9492CBE482B9EEAF11E5F320451','NLG',122,'NLG-荷兰盾','WHZH_BZ');
INSERT INTO SYSTEMCODEVALUE(AUTOSYSTEMCODEID,STRCODE,STRORDER,STRVALUE,STRSETCODE) VALUES ('839E28E06DF044B9B7966614BCEA0634','NOK',123,'NOK-挪威克朗','WHZH_BZ');
INSERT INTO SYSTEMCODEVALUE(AUTOSYSTEMCODEID,STRCODE,STRORDER,STRVALUE,STRSETCODE) VALUES ('8C88FFADA7B744DEA9219500B72B74D1','NPR',124,'NPR-尼泊尔卢比','WHZH_BZ');
INSERT INTO SYSTEMCODEVALUE(AUTOSYSTEMCODEID,STRCODE,STRORDER,STRVALUE,STRSETCODE) VALUES ('10B63DB634674FCAB95D0E846893DA7E','NZD',125,'NZD-新西兰元','WHZH_BZ');
INSERT INTO SYSTEMCODEVALUE(AUTOSYSTEMCODEID,STRCODE,STRORDER,STRVALUE,STRSETCODE) VALUES ('FE851D5EAB8C409BA7D96786DBC695C4','OMR',126,'OMR-阿曼里亚尔','WHZH_BZ');
INSERT INTO SYSTEMCODEVALUE(AUTOSYSTEMCODEID,STRCODE,STRORDER,STRVALUE,STRSETCODE) VALUES ('FC729B917D754D85B349BF5C449CD74A','PAB',127,'PAB-巴拿马巴波亚','WHZH_BZ');
INSERT INTO SYSTEMCODEVALUE(AUTOSYSTEMCODEID,STRCODE,STRORDER,STRVALUE,STRSETCODE) VALUES ('DC9E93EEE9244C688363507BB1C3ECAC','PEN',128,'PEN-秘鲁索尔','WHZH_BZ');
INSERT INTO SYSTEMCODEVALUE(AUTOSYSTEMCODEID,STRCODE,STRORDER,STRVALUE,STRSETCODE) VALUES ('86300A652CE84B839DA31EEE6184F93A','PGK',129,'PGK-巴布亚新几内亚基那','WHZH_BZ');
INSERT INTO SYSTEMCODEVALUE(AUTOSYSTEMCODEID,STRCODE,STRORDER,STRVALUE,STRSETCODE) VALUES ('5189754B3A0B41F5911701B04CDD502A','PHP',130,'PHP-菲律宾比索','WHZH_BZ');
INSERT INTO SYSTEMCODEVALUE(AUTOSYSTEMCODEID,STRCODE,STRORDER,STRVALUE,STRSETCODE) VALUES ('11F30B0AC0B14416837D19D7BAD8DBE8','PKR',131,'PKR-巴基斯坦卢比','WHZH_BZ');
INSERT INTO SYSTEMCODEVALUE(AUTOSYSTEMCODEID,STRCODE,STRORDER,STRVALUE,STRSETCODE) VALUES ('86CD0CC35BC341A99A22F95CA4CD2253','PLN',132,'PLN-波兰兹罗提','WHZH_BZ');
INSERT INTO SYSTEMCODEVALUE(AUTOSYSTEMCODEID,STRCODE,STRORDER,STRVALUE,STRSETCODE) VALUES ('05B8686B44D545809CB6B4DCFFEC4B47','PTE',133,'PTE-葡萄牙埃斯库多','WHZH_BZ');
INSERT INTO SYSTEMCODEVALUE(AUTOSYSTEMCODEID,STRCODE,STRORDER,STRVALUE,STRSETCODE) VALUES ('B86EC0BD87324247989CEDEAE506E6E0','PYG',134,'PYG-巴拉圭瓜拉尼','WHZH_BZ');
INSERT INTO SYSTEMCODEVALUE(AUTOSYSTEMCODEID,STRCODE,STRORDER,STRVALUE,STRSETCODE) VALUES ('F087BCB5124242439227CC7A1E1D93D8','QAR',135,'QAR-卡塔尔里亚尔','WHZH_BZ');
INSERT INTO SYSTEMCODEVALUE(AUTOSYSTEMCODEID,STRCODE,STRORDER,STRVALUE,STRSETCODE) VALUES ('844548F40F3C4886BD3876175625C4CB','ROL',136,'ROL-罗马尼亚列伊','WHZH_BZ');
INSERT INTO SYSTEMCODEVALUE(AUTOSYSTEMCODEID,STRCODE,STRORDER,STRVALUE,STRSETCODE) VALUES ('FBEEEEBB50EC4161ABC91F78816D31E3','RSD',137,'RSD-塞尔维亚第纳尔','WHZH_BZ');
INSERT INTO SYSTEMCODEVALUE(AUTOSYSTEMCODEID,STRCODE,STRORDER,STRVALUE,STRSETCODE) VALUES ('959D142913D140FA9ABEA8251AA561DE','RUB',138,'RUB-俄罗斯卢布','WHZH_BZ');
INSERT INTO SYSTEMCODEVALUE(AUTOSYSTEMCODEID,STRCODE,STRORDER,STRVALUE,STRSETCODE) VALUES ('746C156C39F249BFBC26A4B38AC88DBF','RWF',139,'RWF-卢旺达法郎','WHZH_BZ');
INSERT INTO SYSTEMCODEVALUE(AUTOSYSTEMCODEID,STRCODE,STRORDER,STRVALUE,STRSETCODE) VALUES ('1CAD889558664C37A4F4E7A8FFA6E062','SAR',140,'SAR-沙特里亚尔','WHZH_BZ');
INSERT INTO SYSTEMCODEVALUE(AUTOSYSTEMCODEID,STRCODE,STRORDER,STRVALUE,STRSETCODE) VALUES ('08A598A6F548414CA65A2D8D77051D03','SBD',141,'SBD-所罗门群岛元','WHZH_BZ');
INSERT INTO SYSTEMCODEVALUE(AUTOSYSTEMCODEID,STRCODE,STRORDER,STRVALUE,STRSETCODE) VALUES ('46DD76BEECA74782BB43135FB4DF4694','SCR',142,'SCR-塞舌尔卢比','WHZH_BZ');
INSERT INTO SYSTEMCODEVALUE(AUTOSYSTEMCODEID,STRCODE,STRORDER,STRVALUE,STRSETCODE) VALUES ('F507538C62E4476B9059DFAF3EDC25DC','SDD',143,'SDD-苏丹第纳尔','WHZH_BZ');
INSERT INTO SYSTEMCODEVALUE(AUTOSYSTEMCODEID,STRCODE,STRORDER,STRVALUE,STRSETCODE) VALUES ('775E059300694AA1945050D33AEFC112','SEK',144,'SEK-瑞典克朗','WHZH_BZ');
INSERT INTO SYSTEMCODEVALUE(AUTOSYSTEMCODEID,STRCODE,STRORDER,STRVALUE,STRSETCODE) VALUES ('4EB151CE939D47A29964A83625EE685D','SGD',145,'SGD-新加坡元','WHZH_BZ');
INSERT INTO SYSTEMCODEVALUE(AUTOSYSTEMCODEID,STRCODE,STRORDER,STRVALUE,STRSETCODE) VALUES ('EDF89A08B52A4C6F9BF4BB7BD3EA710D','SHP',146,'SHP-圣赫勒拿镑','WHZH_BZ');
INSERT INTO SYSTEMCODEVALUE(AUTOSYSTEMCODEID,STRCODE,STRORDER,STRVALUE,STRSETCODE) VALUES ('0D294EDF5A8E47038E2C0FD3564076B7','SIT',147,'SIT-斯洛文尼亚托拉尔','WHZH_BZ');
INSERT INTO SYSTEMCODEVALUE(AUTOSYSTEMCODEID,STRCODE,STRORDER,STRVALUE,STRSETCODE) VALUES ('47DAA4E94E8C466B9FED5D4ADB560A52','SKK',148,'SKK-斯洛伐克克朗','WHZH_BZ');
INSERT INTO SYSTEMCODEVALUE(AUTOSYSTEMCODEID,STRCODE,STRORDER,STRVALUE,STRSETCODE) VALUES ('28A80B6A9CE648B48F3D025AA87D64A3','SLL',149,'SLL-塞拉利昂利昂','WHZH_BZ');
INSERT INTO SYSTEMCODEVALUE(AUTOSYSTEMCODEID,STRCODE,STRORDER,STRVALUE,STRSETCODE) VALUES ('935668C06F0747B29968A016B10B86C5','SOS',150,'SOS-索马里先令','WHZH_BZ');
INSERT INTO SYSTEMCODEVALUE(AUTOSYSTEMCODEID,STRCODE,STRORDER,STRVALUE,STRSETCODE) VALUES ('1BE9756A691248F4B6F9D6AD2B4BD81A','SRG',151,'SRG-苏里南盾','WHZH_BZ');
INSERT INTO SYSTEMCODEVALUE(AUTOSYSTEMCODEID,STRCODE,STRORDER,STRVALUE,STRSETCODE) VALUES ('3B16E3CBB40D4F18A9912619652349FC','STD',152,'STD-圣多美和普林西比多布拉','WHZH_BZ');
INSERT INTO SYSTEMCODEVALUE(AUTOSYSTEMCODEID,STRCODE,STRORDER,STRVALUE,STRSETCODE) VALUES ('780435E8AE344FBD8930F948B83E1ABE','SVC',153,'SVC-萨尔瓦多科郎','WHZH_BZ');
INSERT INTO SYSTEMCODEVALUE(AUTOSYSTEMCODEID,STRCODE,STRORDER,STRVALUE,STRSETCODE) VALUES ('D41AD44CFF0E4C50B31C1C07FC173C8A','SYP',154,'SYP-叙利亚镑','WHZH_BZ');
INSERT INTO SYSTEMCODEVALUE(AUTOSYSTEMCODEID,STRCODE,STRORDER,STRVALUE,STRSETCODE) VALUES ('DA6B1A5A484942D7AEFFFE4D5C1ED64F','SZL',155,'SZL-斯威士兰里兰吉尼','WHZH_BZ');
INSERT INTO SYSTEMCODEVALUE(AUTOSYSTEMCODEID,STRCODE,STRORDER,STRVALUE,STRSETCODE) VALUES ('4F8C37BC36244BEAB5ABB03E4704148A','THB',156,'THB-泰国铢','WHZH_BZ');
INSERT INTO SYSTEMCODEVALUE(AUTOSYSTEMCODEID,STRCODE,STRORDER,STRVALUE,STRSETCODE) VALUES ('DBEECE23DD1D4B2AAC46DE082E2754D7','TJS',157,'TJS-塔吉克斯坦索莫尼','WHZH_BZ');
INSERT INTO SYSTEMCODEVALUE(AUTOSYSTEMCODEID,STRCODE,STRORDER,STRVALUE,STRSETCODE) VALUES ('EE55C50FB74A4FFAAAB06221E0213838','TMM',158,'TMM-土库曼斯坦马纳特','WHZH_BZ');
INSERT INTO SYSTEMCODEVALUE(AUTOSYSTEMCODEID,STRCODE,STRORDER,STRVALUE,STRSETCODE) VALUES ('6D2F2D21CE154977A7F045F78B5CD46F','TND',159,'TND-突尼斯第纳尔','WHZH_BZ');
INSERT INTO SYSTEMCODEVALUE(AUTOSYSTEMCODEID,STRCODE,STRORDER,STRVALUE,STRSETCODE) VALUES ('950A62647C234E4D8C95A12D98AC2E23','TOP',160,'TOP-汤加邦加','WHZH_BZ');
INSERT INTO SYSTEMCODEVALUE(AUTOSYSTEMCODEID,STRCODE,STRORDER,STRVALUE,STRSETCODE) VALUES ('E0AB6868A62A4097BDC080A204575200','TPE',161,'TPE-东帝汶埃斯库多','WHZH_BZ');
INSERT INTO SYSTEMCODEVALUE(AUTOSYSTEMCODEID,STRCODE,STRORDER,STRVALUE,STRSETCODE) VALUES ('E1B8253D24BC4D559E19F5769B7F338E','TRL',162,'TRL-土耳其里拉','WHZH_BZ');
INSERT INTO SYSTEMCODEVALUE(AUTOSYSTEMCODEID,STRCODE,STRORDER,STRVALUE,STRSETCODE) VALUES ('C982D056AD864B9283ED4367F839EC7B','TTD',163,'TTD-特立尼达和多巴哥元','WHZH_BZ');
INSERT INTO SYSTEMCODEVALUE(AUTOSYSTEMCODEID,STRCODE,STRORDER,STRVALUE,STRSETCODE) VALUES ('1A398DEB677B4ADDAF13CDF6EA7BB55D','TWD',164,'TWD-新台湾元','WHZH_BZ');
INSERT INTO SYSTEMCODEVALUE(AUTOSYSTEMCODEID,STRCODE,STRORDER,STRVALUE,STRSETCODE) VALUES ('C335783951B04CE59D8BC78144B8CF88','TZS',165,'TZS-坦桑尼亚先令','WHZH_BZ');
INSERT INTO SYSTEMCODEVALUE(AUTOSYSTEMCODEID,STRCODE,STRORDER,STRVALUE,STRSETCODE) VALUES ('AC83B451193141CEAC082C105F249848','UAH',166,'UAH-乌克兰格里夫纳','WHZH_BZ');
INSERT INTO SYSTEMCODEVALUE(AUTOSYSTEMCODEID,STRCODE,STRORDER,STRVALUE,STRSETCODE) VALUES ('42A9D2272C334525BED6160A32209D20','UGX',167,'UGX-乌干达先令','WHZH_BZ');
INSERT INTO SYSTEMCODEVALUE(AUTOSYSTEMCODEID,STRCODE,STRORDER,STRVALUE,STRSETCODE) VALUES ('8DAEA91717C94BBA94D0FC8CA092E743','USD',168,'USD-美元','WHZH_BZ');
INSERT INTO SYSTEMCODEVALUE(AUTOSYSTEMCODEID,STRCODE,STRORDER,STRVALUE,STRSETCODE) VALUES ('B1F286FB995A4F6B856FD88CF3F8B8D4','USN',169,'USN-美元次日','WHZH_BZ');
INSERT INTO SYSTEMCODEVALUE(AUTOSYSTEMCODEID,STRCODE,STRORDER,STRVALUE,STRSETCODE) VALUES ('3B383A0F9A534D18B137939F30D02714','USS',170,'USS-美元同日','WHZH_BZ');
INSERT INTO SYSTEMCODEVALUE(AUTOSYSTEMCODEID,STRCODE,STRORDER,STRVALUE,STRSETCODE) VALUES ('DF3B292E1E384B939DE2F3CE9055A84C','UYU',171,'UYU-乌拉圭比索','WHZH_BZ');
INSERT INTO SYSTEMCODEVALUE(AUTOSYSTEMCODEID,STRCODE,STRORDER,STRVALUE,STRSETCODE) VALUES ('06BE6BBB94D24F9B992462C88B892018','UZS',172,'UZS-乌兹别克斯坦苏姆','WHZH_BZ');
INSERT INTO SYSTEMCODEVALUE(AUTOSYSTEMCODEID,STRCODE,STRORDER,STRVALUE,STRSETCODE) VALUES ('ABCF3B6AD6F645EAACA2D1E72489A0CC','VND',173,'VND-越南盾','WHZH_BZ');
INSERT INTO SYSTEMCODEVALUE(AUTOSYSTEMCODEID,STRCODE,STRORDER,STRVALUE,STRSETCODE) VALUES ('D6F07B7A6F524AD6A63E2183A831EFF6','VUV',174,'VUV-瓦努阿图瓦图','WHZH_BZ');
INSERT INTO SYSTEMCODEVALUE(AUTOSYSTEMCODEID,STRCODE,STRORDER,STRVALUE,STRSETCODE) VALUES ('CA239032F9EC4C809DBF0BACDB144003','WST',175,'WST-萨摩亚塔拉','WHZH_BZ');
INSERT INTO SYSTEMCODEVALUE(AUTOSYSTEMCODEID,STRCODE,STRORDER,STRVALUE,STRSETCODE) VALUES ('2150997D45C0417081439BEC13945668','XAF',176,'XAF-CFA法郎BEAC','WHZH_BZ');
INSERT INTO SYSTEMCODEVALUE(AUTOSYSTEMCODEID,STRCODE,STRORDER,STRVALUE,STRSETCODE) VALUES ('CE8BC890086C4DBEB9B7C7C019F72603','XAG',177,'XAG-银','WHZH_BZ');
INSERT INTO SYSTEMCODEVALUE(AUTOSYSTEMCODEID,STRCODE,STRORDER,STRVALUE,STRSETCODE) VALUES ('D4CD061D1B4E418385FD2DF14467FAB3','XAU',178,'XAU-黄金','WHZH_BZ');
INSERT INTO SYSTEMCODEVALUE(AUTOSYSTEMCODEID,STRCODE,STRORDER,STRVALUE,STRSETCODE) VALUES ('0B9D13E97D6944DE99359D4C037B41E1','XBA',179,'XBA-欧洲混合单位（EURCO）','WHZH_BZ');
INSERT INTO SYSTEMCODEVALUE(AUTOSYSTEMCODEID,STRCODE,STRORDER,STRVALUE,STRSETCODE) VALUES ('B87C4DA4E4D649FABF8D2D4C4497F64D','XBB',180,'XBB-欧洲货币单位（EMU.-6）','WHZH_BZ');
INSERT INTO SYSTEMCODEVALUE(AUTOSYSTEMCODEID,STRCODE,STRORDER,STRVALUE,STRSETCODE) VALUES ('C80A5D67E62C4CE3BA40F98EF26536AB','XBC',181,'XBC-欧洲帐户9单位（E.U.A.-9）','WHZH_BZ');
INSERT INTO SYSTEMCODEVALUE(AUTOSYSTEMCODEID,STRCODE,STRORDER,STRVALUE,STRSETCODE) VALUES ('4A93BC7B20694619814D89117C7FAC6A','XBD',182,'XBD-欧洲帐户17单位（E.U.A.-17）','WHZH_BZ');
INSERT INTO SYSTEMCODEVALUE(AUTOSYSTEMCODEID,STRCODE,STRORDER,STRVALUE,STRSETCODE) VALUES ('2F15FE0CF9B9492BB665CE389B621A82','XCD',183,'XCD-东加勒比元','WHZH_BZ');
INSERT INTO SYSTEMCODEVALUE(AUTOSYSTEMCODEID,STRCODE,STRORDER,STRVALUE,STRSETCODE) VALUES ('300AEEF16CEC4D52A832CC00207AE901','XDR',184,'XDR-特别提款权','WHZH_BZ');
INSERT INTO SYSTEMCODEVALUE(AUTOSYSTEMCODEID,STRCODE,STRORDER,STRVALUE,STRSETCODE) VALUES ('DA87AC39931842BF922766628F883C73','XFO',185,'XFO-黄金法郎','WHZH_BZ');
INSERT INTO SYSTEMCODEVALUE(AUTOSYSTEMCODEID,STRCODE,STRORDER,STRVALUE,STRSETCODE) VALUES ('BE583DBC699A4F2ABB48AFFF00181ACE','XFU',186,'XFU-UIC法郎','WHZH_BZ');
INSERT INTO SYSTEMCODEVALUE(AUTOSYSTEMCODEID,STRCODE,STRORDER,STRVALUE,STRSETCODE) VALUES ('D09B7606A5E14E678E5F31B37F8DC575','XOF',187,'XOF-CFA法郎BCEAO','WHZH_BZ');
INSERT INTO SYSTEMCODEVALUE(AUTOSYSTEMCODEID,STRCODE,STRORDER,STRVALUE,STRSETCODE) VALUES ('2EBDE6EE1121440388FB92A9CD8B4206','XPD',188,'XPD-钯','WHZH_BZ');
INSERT INTO SYSTEMCODEVALUE(AUTOSYSTEMCODEID,STRCODE,STRORDER,STRVALUE,STRSETCODE) VALUES ('9536758245D345D58B8B3EBF087D5ACA','XPF',189,'XPF-CFP法郎','WHZH_BZ');
INSERT INTO SYSTEMCODEVALUE(AUTOSYSTEMCODEID,STRCODE,STRORDER,STRVALUE,STRSETCODE) VALUES ('5E06942C76BB48DCA2DBBD27DD2C7EA2','XPT',190,'XPT-铂白金','WHZH_BZ');
INSERT INTO SYSTEMCODEVALUE(AUTOSYSTEMCODEID,STRCODE,STRORDER,STRVALUE,STRSETCODE) VALUES ('F1E1AC39325849D88BA0FAB9EB86F7C0','XTS',191,'XTS-记帐美元','WHZH_BZ');
INSERT INTO SYSTEMCODEVALUE(AUTOSYSTEMCODEID,STRCODE,STRORDER,STRVALUE,STRSETCODE) VALUES ('2B1D819C4D044A349991F31D6F7D7846','XXX',192,'XXX-未包括的交易货币代码指定为：','WHZH_BZ');
INSERT INTO SYSTEMCODEVALUE(AUTOSYSTEMCODEID,STRCODE,STRORDER,STRVALUE,STRSETCODE) VALUES ('C4B4E759238E485DA8863F346428E328','YER',193,'YER-也门里亚尔','WHZH_BZ');
INSERT INTO SYSTEMCODEVALUE(AUTOSYSTEMCODEID,STRCODE,STRORDER,STRVALUE,STRSETCODE) VALUES ('9DBFA6F66FAE4C66A925A47BE85A2683','YUM',194,'YUM-南斯拉夫第纳尔','WHZH_BZ');
INSERT INTO SYSTEMCODEVALUE(AUTOSYSTEMCODEID,STRCODE,STRORDER,STRVALUE,STRSETCODE) VALUES ('18F4E8E2AC744C56B69B5CD3D514CFB4','ZAR',195,'ZAR-兰特','WHZH_BZ');
INSERT INTO SYSTEMCODEVALUE(AUTOSYSTEMCODEID,STRCODE,STRORDER,STRVALUE,STRSETCODE) VALUES ('BCF0D4599AA04C958D4283BC8B186BF8','ZMK',196,'ZMK-赞比亚克瓦查','WHZH_BZ');
INSERT INTO SYSTEMCODEVALUE(AUTOSYSTEMCODEID,STRCODE,STRORDER,STRVALUE,STRSETCODE) VALUES ('D66468D0FCD04CEEA6A668DC3D7A63D9','ZWD',197,'ZWD-津巴布韦元','WHZH_BZ');
INSERT INTO SYSTEMCODEVALUE(AUTOSYSTEMCODEID,STRCODE,STRORDER,STRVALUE,STRSETCODE) VALUES ('EA7E0DEEE20E40A2879710FC06DA9858','11',1,'11-现钞户','ZHLB');
INSERT INTO SYSTEMCODEVALUE(AUTOSYSTEMCODEID,STRCODE,STRORDER,STRVALUE,STRSETCODE) VALUES ('0502944198064AA58D2A6B1818DFF11B','12',2,'12-现汇户','ZHLB');
INSERT INTO SYSTEMCODEVALUE(AUTOSYSTEMCODEID,STRCODE,STRORDER,STRVALUE,STRSETCODE) VALUES ('273247BA9F9B442EA9D9A5BF88702EB7','11',1,'11-无限额','ZHXELX');
INSERT INTO SYSTEMCODEVALUE(AUTOSYSTEMCODEID,STRCODE,STRORDER,STRVALUE,STRSETCODE) VALUES ('8F9BFB6CF772407AA524892000C6260A','12',2,'12-余额限额','ZHXELX');
INSERT INTO SYSTEMCODEVALUE(AUTOSYSTEMCODEID,STRCODE,STRORDER,STRVALUE,STRSETCODE) VALUES ('25BA246D30934BA3AA3E2F56EB116842','13',3,'13-贷方流入限额','ZHXELX');
INSERT INTO SYSTEMCODEVALUE(AUTOSYSTEMCODEID,STRCODE,STRORDER,STRVALUE,STRSETCODE) VALUES ('A7DD93632AEB4B38B137EE38E959942D','1000',1,'1000-经常项目-外汇结算账户','ZHXZDM');
INSERT INTO SYSTEMCODEVALUE(AUTOSYSTEMCODEID,STRCODE,STRORDER,STRVALUE,STRSETCODE) VALUES ('B40A3107C356422A81F907198533607C','1101',2,'1101-经常项目-待核查账户','ZHXZDM');
INSERT INTO SYSTEMCODEVALUE(AUTOSYSTEMCODEID,STRCODE,STRORDER,STRVALUE,STRSETCODE) VALUES ('485FDD8924314F19AB89493A396F0438','1102',3,'1102-经常项目-边境贸易结算账户','ZHXZDM');
INSERT INTO SYSTEMCODEVALUE(AUTOSYSTEMCODEID,STRCODE,STRORDER,STRVALUE,STRSETCODE) VALUES ('7C58863747394A48BBFDA34AD201E53E','1103',4,'1103-经常项目-外汇资金集中管理账户','ZHXZDM');
INSERT INTO SYSTEMCODEVALUE(AUTOSYSTEMCODEID,STRCODE,STRORDER,STRVALUE,STRSETCODE) VALUES ('A1B992BE8D2F4864AD9EE07BBF817572','1104',5,'1104-经常项目-国际贸易结算中心专用外汇账户','ZHXZDM');
INSERT INTO SYSTEMCODEVALUE(AUTOSYSTEMCODEID,STRCODE,STRORDER,STRVALUE,STRSETCODE) VALUES ('DB80BD970B944ACEA79E1EC00DED480C','1200',6,'1200-经常项目-外币现钞账户','ZHXZDM');
INSERT INTO SYSTEMCODEVALUE(AUTOSYSTEMCODEID,STRCODE,STRORDER,STRVALUE,STRSETCODE) VALUES ('4608B566B6444803A30FCBD6931A2910','1202',7,'1202-经常项目-捐赠账户','ZHXZDM');
INSERT INTO SYSTEMCODEVALUE(AUTOSYSTEMCODEID,STRCODE,STRORDER,STRVALUE,STRSETCODE) VALUES ('F23D3431F2C24E9A97E848F19F08771A','1300',8,'1300-经常项目-定期存款及理财外汇账户','ZHXZDM');
INSERT INTO SYSTEMCODEVALUE(AUTOSYSTEMCODEID,STRCODE,STRORDER,STRVALUE,STRSETCODE) VALUES ('3592CF4C946B45D3A2DF5498F151D266','1400',9,'1400-经常项目-驻华机构经费账户','ZHXZDM');
INSERT INTO SYSTEMCODEVALUE(AUTOSYSTEMCODEID,STRCODE,STRORDER,STRVALUE,STRSETCODE) VALUES ('00343350F1B04C7EB8BADDE6FE0C66A6','1500',10,'1500-经常项目-个人结算账户','ZHXZDM');
INSERT INTO SYSTEMCODEVALUE(AUTOSYSTEMCODEID,STRCODE,STRORDER,STRVALUE,STRSETCODE) VALUES ('D7764F4E4F6547239776C2F49AA66F7F','1601',11,'1601-保险机构外汇经营账户','ZHXZDM');
INSERT INTO SYSTEMCODEVALUE(AUTOSYSTEMCODEID,STRCODE,STRORDER,STRVALUE,STRSETCODE) VALUES ('C4B676F9741D45E385E147A62777801A','1602',12,'1602-保险机构资金运用外汇账户','ZHXZDM');
INSERT INTO SYSTEMCODEVALUE(AUTOSYSTEMCODEID,STRCODE,STRORDER,STRVALUE,STRSETCODE) VALUES ('33315881C6E844B19F905E8ADF1FB8AE','1603',13,'1603-支付机构外汇备付金账户','ZHXZDM');
INSERT INTO SYSTEMCODEVALUE(AUTOSYSTEMCODEID,STRCODE,STRORDER,STRVALUE,STRSETCODE) VALUES ('1EAD539C2D494CE7B1D9C5AB0B3C171E','1604',14,'1604-经常项目外汇专用账户（服务外包）','ZHXZDM');
INSERT INTO SYSTEMCODEVALUE(AUTOSYSTEMCODEID,STRCODE,STRORDER,STRVALUE,STRSETCODE) VALUES ('70055649A9D24A40A2C99602E2C48077','1900',15,'1900-经常项目-境外机构经常项目外汇账户','ZHXZDM');
INSERT INTO SYSTEMCODEVALUE(AUTOSYSTEMCODEID,STRCODE,STRORDER,STRVALUE,STRSETCODE) VALUES ('A19AD9420DDD43028287A8665B08CD2A','2101',16,'2101-资本项目-前期费用外汇账户','ZHXZDM');
INSERT INTO SYSTEMCODEVALUE(AUTOSYSTEMCODEID,STRCODE,STRORDER,STRVALUE,STRSETCODE) VALUES ('C9754CA7E5EE4638AC4D76B6B88314F9','2102',17,'2102-资本项目-外汇资本金账户','ZHXZDM');
INSERT INTO SYSTEMCODEVALUE(AUTOSYSTEMCODEID,STRCODE,STRORDER,STRVALUE,STRSETCODE) VALUES ('62291077B61342DDBD28A0DF9BFF5BFF','2103',18,'2103-资本项目-境内资产变现账户','ZHXZDM');
INSERT INTO SYSTEMCODEVALUE(AUTOSYSTEMCODEID,STRCODE,STRORDER,STRVALUE,STRSETCODE) VALUES ('49DFB04768BA45D289F27411097D1D5C','2104',19,'2104-资本项目-境外汇入保证金专用账户','ZHXZDM');
INSERT INTO SYSTEMCODEVALUE(AUTOSYSTEMCODEID,STRCODE,STRORDER,STRVALUE,STRSETCODE) VALUES ('03A0B1D905D247BE9243A9996D42109A','2105',20,'2105-资本项目-境内划入保证金专用账户','ZHXZDM');
INSERT INTO SYSTEMCODEVALUE(AUTOSYSTEMCODEID,STRCODE,STRORDER,STRVALUE,STRSETCODE) VALUES ('D7D0C107FD11439CBBA171913740C63D','2106',21,'2106-资本项目-境内再投资专用账户','ZHXZDM');
INSERT INTO SYSTEMCODEVALUE(AUTOSYSTEMCODEID,STRCODE,STRORDER,STRVALUE,STRSETCODE) VALUES ('78D57B156C8D42D7BBDF1B4EA9ADF00F','2107',22,'2107-资本项目-环境权益交易外汇账户','ZHXZDM');
INSERT INTO SYSTEMCODEVALUE(AUTOSYSTEMCODEID,STRCODE,STRORDER,STRVALUE,STRSETCODE) VALUES ('1AD2D0795E114C98BBEF7C1A0247E3A4','2108',23,'2108-资本项目-人民币前期费用专用存款账户','ZHXZDM');
INSERT INTO SYSTEMCODEVALUE(AUTOSYSTEMCODEID,STRCODE,STRORDER,STRVALUE,STRSETCODE) VALUES ('615B664E0B2E4A728A8AC5182B3ADF9E','2109',24,'2109-资本项目-人民币资本金专用存款账户','ZHXZDM');
INSERT INTO SYSTEMCODEVALUE(AUTOSYSTEMCODEID,STRCODE,STRORDER,STRVALUE,STRSETCODE) VALUES ('E68F029AC2D24AF1A91C52026CE34FF7','2110',25,'2110-资本项目-人民币并购专用存款账户','ZHXZDM');
INSERT INTO SYSTEMCODEVALUE(AUTOSYSTEMCODEID,STRCODE,STRORDER,STRVALUE,STRSETCODE) VALUES ('FDA1672AD6774446A6749FCE71303ADE','2111',26,'2111-资本项目-人民币股权转让专用存款账户','ZHXZDM');
INSERT INTO SYSTEMCODEVALUE(AUTOSYSTEMCODEID,STRCODE,STRORDER,STRVALUE,STRSETCODE) VALUES ('E439F1C1F10E4A49991FD4264BAB1EC5','2112',27,'2112-资本项目-人民币再投资专用存款账户','ZHXZDM');
INSERT INTO SYSTEMCODEVALUE(AUTOSYSTEMCODEID,STRCODE,STRORDER,STRVALUE,STRSETCODE) VALUES ('B2B45EF9A2CD408CB416DB2F69166A60','2113',28,'2113-资本项目-结汇待支付账户','ZHXZDM');
INSERT INTO SYSTEMCODEVALUE(AUTOSYSTEMCODEID,STRCODE,STRORDER,STRVALUE,STRSETCODE) VALUES ('8EAA4E6C54284163BA4541A88A56923E','2201',29,'2201-资本项目-境外资产变现账户','ZHXZDM');
INSERT INTO SYSTEMCODEVALUE(AUTOSYSTEMCODEID,STRCODE,STRORDER,STRVALUE,STRSETCODE) VALUES ('36FE09D73A444CF1B4FDFBF769065EB2','2202',30,'2202-资本项目-境外放款专用账户','ZHXZDM');
INSERT INTO SYSTEMCODEVALUE(AUTOSYSTEMCODEID,STRCODE,STRORDER,STRVALUE,STRSETCODE) VALUES ('001FF275A98342609B37ECB0BCCB0BBD','2301',31,'2301-资本项目-外债专户','ZHXZDM');
INSERT INTO SYSTEMCODEVALUE(AUTOSYSTEMCODEID,STRCODE,STRORDER,STRVALUE,STRSETCODE) VALUES ('2F4C711CF51B40568ED5F4EC8C79EA7A','2302',32,'2302-资本项目-外债转贷款专户','ZHXZDM');
INSERT INTO SYSTEMCODEVALUE(AUTOSYSTEMCODEID,STRCODE,STRORDER,STRVALUE,STRSETCODE) VALUES ('5B22558331C9400987A2BBB29529C8BE','2303',33,'2303-资本项目-国内外汇贷款专户','ZHXZDM');
INSERT INTO SYSTEMCODEVALUE(AUTOSYSTEMCODEID,STRCODE,STRORDER,STRVALUE,STRSETCODE) VALUES ('A8F82937CD834FB1AEACA011ADCE4DD2','2304',34,'2304-资本项目-外债转贷款还贷专户','ZHXZDM');
INSERT INTO SYSTEMCODEVALUE(AUTOSYSTEMCODEID,STRCODE,STRORDER,STRVALUE,STRSETCODE) VALUES ('8C6AB6C63585423CAF8F93D1A38658A5','2305',35,'2305-资本项目-外债还贷专户','ZHXZDM');
INSERT INTO SYSTEMCODEVALUE(AUTOSYSTEMCODEID,STRCODE,STRORDER,STRVALUE,STRSETCODE) VALUES ('0DBE1A286D974295B721004DA4F97A79','2306',36,'2306-资本项目-外汇委托贷款专用账户','ZHXZDM');
INSERT INTO SYSTEMCODEVALUE(AUTOSYSTEMCODEID,STRCODE,STRORDER,STRVALUE,STRSETCODE) VALUES ('16DBE8B36BE349A78391E4AE612B73C9','2401',37,'2401-资本项目-国有企业境外商品期货套期保值项下境内专用外汇账户','ZHXZDM');
INSERT INTO SYSTEMCODEVALUE(AUTOSYSTEMCODEID,STRCODE,STRORDER,STRVALUE,STRSETCODE) VALUES ('CD531A9386394802847054EF462DC0DE','2402',38,'2402-资本项目-境内机构衍生业务境内专户','ZHXZDM');
INSERT INTO SYSTEMCODEVALUE(AUTOSYSTEMCODEID,STRCODE,STRORDER,STRVALUE,STRSETCODE) VALUES ('428C0A4E5D574276913B15FB94EB2697','2403',39,'2403-资本项目-股权激励计划境内专户','ZHXZDM');
INSERT INTO SYSTEMCODEVALUE(AUTOSYSTEMCODEID,STRCODE,STRORDER,STRVALUE,STRSETCODE) VALUES ('A30E4492504F47BC87B37B9BCD91C528','2404',40,'2404-资本项目-境外上市首发/增发境内专户','ZHXZDM');
INSERT INTO SYSTEMCODEVALUE(AUTOSYSTEMCODEID,STRCODE,STRORDER,STRVALUE,STRSETCODE) VALUES ('7E40FC3007BA4EE2810F680D55F88D08','2405',41,'2405-资本项目-境外上市回购境内专户','ZHXZDM');
INSERT INTO SYSTEMCODEVALUE(AUTOSYSTEMCODEID,STRCODE,STRORDER,STRVALUE,STRSETCODE) VALUES ('704A29BA29564F28A33301435017F206','2406',42,'2406-资本项目-境外上市股东增持境内专户','ZHXZDM');
INSERT INTO SYSTEMCODEVALUE(AUTOSYSTEMCODEID,STRCODE,STRORDER,STRVALUE,STRSETCODE) VALUES ('003D335981FB45C9BCB6216BCA993842','2407',43,'2407-资本项目-境外上市股东减持境内专户','ZHXZDM');
INSERT INTO SYSTEMCODEVALUE(AUTOSYSTEMCODEID,STRCODE,STRORDER,STRVALUE,STRSETCODE) VALUES ('EA84030E7BFC4A808B032F32F6E6E633','2408',44,'2408-资本项目-A股上市公司外资股东减持股份及分红人民币临时存款账户','ZHXZDM');
INSERT INTO SYSTEMCODEVALUE(AUTOSYSTEMCODEID,STRCODE,STRORDER,STRVALUE,STRSETCODE) VALUES ('54EA0E01B5344B94A28B973211468EA0','2409',45,'2409-资本项目-QFII境内外汇账户','ZHXZDM');
INSERT INTO SYSTEMCODEVALUE(AUTOSYSTEMCODEID,STRCODE,STRORDER,STRVALUE,STRSETCODE) VALUES ('5AE77262CB3A45C19354A4D34C37913F','2410',46,'2410-资本项目-QFII人民币账户','ZHXZDM');
INSERT INTO SYSTEMCODEVALUE(AUTOSYSTEMCODEID,STRCODE,STRORDER,STRVALUE,STRSETCODE) VALUES ('CC6B040CB635437AAABD3A78E1BAF469','2411',47,'2411-资本项目-RQFII人民币账户','ZHXZDM');
INSERT INTO SYSTEMCODEVALUE(AUTOSYSTEMCODEID,STRCODE,STRORDER,STRVALUE,STRSETCODE) VALUES ('B1330D9DD8EB4D0F9AD3AE2436C1DEEB','2412',48,'2412-资本项目-QDII境内托管账户','ZHXZDM');
INSERT INTO SYSTEMCODEVALUE(AUTOSYSTEMCODEID,STRCODE,STRORDER,STRVALUE,STRSETCODE) VALUES ('A7ECB262D72D40E7B6400D2E6684ADBF','2413',49,'2413-资本项目-QDII募集资金专用外汇账户','ZHXZDM');
INSERT INTO SYSTEMCODEVALUE(AUTOSYSTEMCODEID,STRCODE,STRORDER,STRVALUE,STRSETCODE) VALUES ('FD0B6906B4F245DFB96EDAEE82DF7AB7','2414',50,'2414-资本项目-QDII外汇清算账户','ZHXZDM');
INSERT INTO SYSTEMCODEVALUE(AUTOSYSTEMCODEID,STRCODE,STRORDER,STRVALUE,STRSETCODE) VALUES ('B8B8E4FDF29540AA88667537028BDB97','2415',51,'2415-资本项目-QDII直销和代销外汇账户','ZHXZDM');
INSERT INTO SYSTEMCODEVALUE(AUTOSYSTEMCODEID,STRCODE,STRORDER,STRVALUE,STRSETCODE) VALUES ('58B92A0E14DC408FB28B512791CB1E18','2416',52,'2416-资本项目-境内外投资者B股交易结算资金账户','ZHXZDM');
INSERT INTO SYSTEMCODEVALUE(AUTOSYSTEMCODEID,STRCODE,STRORDER,STRVALUE,STRSETCODE) VALUES ('3C81EFFEB4FC453B819FB4273B2FEF41','2417',53,'2417-资本项目-非银行金融机构客户资金账户','ZHXZDM');
INSERT INTO SYSTEMCODEVALUE(AUTOSYSTEMCODEID,STRCODE,STRORDER,STRVALUE,STRSETCODE) VALUES ('BE6E48C4F52E425EBD3FC7973981235F','2418',54,'2418-资本项目-非银行金融机构自有外汇资金账户','ZHXZDM');
INSERT INTO SYSTEMCODEVALUE(AUTOSYSTEMCODEID,STRCODE,STRORDER,STRVALUE,STRSETCODE) VALUES ('778B9420875143A499D040056B2A5535','2419',55,'2419-资本项目-境内划转暂存户','ZHXZDM');
INSERT INTO SYSTEMCODEVALUE(AUTOSYSTEMCODEID,STRCODE,STRORDER,STRVALUE,STRSETCODE) VALUES ('655992076F0E474E9D622BD145C2C73F','2420',56,'2420-资本项目-结售汇专用账户','ZHXZDM');
INSERT INTO SYSTEMCODEVALUE(AUTOSYSTEMCODEID,STRCODE,STRORDER,STRVALUE,STRSETCODE) VALUES ('7AD59DCD495B4C72B8CBE6C107E627D5','2421',57,'2421-资本项目-定期存款户','ZHXZDM');
INSERT INTO SYSTEMCODEVALUE(AUTOSYSTEMCODEID,STRCODE,STRORDER,STRVALUE,STRSETCODE) VALUES ('96575F1E81E24BE29E29DB2F212D2E7B','2499',58,'2499-资本项目-其他资本项目专用外汇账户','ZHXZDM');
INSERT INTO SYSTEMCODEVALUE(AUTOSYSTEMCODEID,STRCODE,STRORDER,STRVALUE,STRSETCODE) VALUES ('CB52F3E82D384BE4BDAA1FE585E5DD0A','2901',59,'2901-资本项目-外国投资者专用外汇账户（投资类）','ZHXZDM');
INSERT INTO SYSTEMCODEVALUE(AUTOSYSTEMCODEID,STRCODE,STRORDER,STRVALUE,STRSETCODE) VALUES ('C73FF19905844C629C5C95CEEB0297CD','2902',60,'2902-资本项目-外国投资者专用外汇账户（收购类）','ZHXZDM');
INSERT INTO SYSTEMCODEVALUE(AUTOSYSTEMCODEID,STRCODE,STRORDER,STRVALUE,STRSETCODE) VALUES ('6C196B4285E74EE5B2D8D6FC6F21EC4A','2903',61,'2903-资本项目-外国投资者专用外汇账户（保证类）','ZHXZDM');
INSERT INTO SYSTEMCODEVALUE(AUTOSYSTEMCODEID,STRCODE,STRORDER,STRVALUE,STRSETCODE) VALUES ('BEFE4E5F976E4E3DB259C4DCDAB762DE','3102',62,'3102-特殊外汇账户-钻石交易专用外汇账户','ZHXZDM');
INSERT INTO SYSTEMCODEVALUE(AUTOSYSTEMCODEID,STRCODE,STRORDER,STRVALUE,STRSETCODE) VALUES ('BCE3C0F36AED46CFB81A80B0F41FC793','3300',63,'3300-离岸外汇账户','ZHXZDM');
INSERT INTO SYSTEMCODEVALUE(AUTOSYSTEMCODEID,STRCODE,STRORDER,STRVALUE,STRSETCODE) VALUES ('0A3AB4564A1D4145B0A0FA3174AB6C36','3400',64,'3400-境外机构/个人境内外汇账户','ZHXZDM');
INSERT INTO SYSTEMCODEVALUE(AUTOSYSTEMCODEID,STRCODE,STRORDER,STRVALUE,STRSETCODE) VALUES ('5424E8D964234E3D9A62E48CDB90DF11','3600',65,'3600-国际资金主账户','ZHXZDM');
INSERT INTO SYSTEMCODEVALUE(AUTOSYSTEMCODEID,STRCODE,STRORDER,STRVALUE,STRSETCODE) VALUES ('FE8D6CD3C1EA4F278D03200A8EC92826','3601',66,'3601-国内资金主账户','ZHXZDM');
INSERT INTO SYSTEMCODEVALUE(AUTOSYSTEMCODEID,STRCODE,STRORDER,STRVALUE,STRSETCODE) VALUES ('026CA0A3F4B043D5A21F996FADDEDC78','4200',67,'4200-暂存户-开证、付汇保证金账户','ZHXZDM');
INSERT INTO SYSTEMCODEVALUE(AUTOSYSTEMCODEID,STRCODE,STRORDER,STRVALUE,STRSETCODE) VALUES ('2E83FFD62D914F248F06D442BAFAD2A9','4600',68,'4600-暂存户-其他暂存户','ZHXZDM');
INSERT INTO SYSTEMCODEVALUE(AUTOSYSTEMCODEID,STRCODE,STRORDER,STRVALUE,STRSETCODE) VALUES ('1BEC0226A8D646A48067ED0462C59CCC','11',1,'11-开户','ZHZT');
INSERT INTO SYSTEMCODEVALUE(AUTOSYSTEMCODEID,STRCODE,STRORDER,STRVALUE,STRSETCODE) VALUES ('62CBA846DF594918A13C11960BAF71E9','12',2,'12-变更','ZHZT');
INSERT INTO SYSTEMCODEVALUE(AUTOSYSTEMCODEID,STRCODE,STRORDER,STRVALUE,STRSETCODE) VALUES ('351ADDA03F7447DE9E42B977966752BC','13',3,'13-关户','ZHZT');
